country_code,country_name,region,income_level,capital_city,latitude,longitude,year,som_row,som_col,macro_cluster,gdp_per_capita,life_expectancy,internet_users_pct,urban_population_pct,unemployment_pct,electricity_access_pct,co2_mt_total,population,co2_tons_per_capita
AFG,Afghanistan,"Middle East, North Africa, Afghanistan & Pakistan",Low income,Kabul,34.5228,69.1761,2014,9,5,1,625.054941813938,62.26,7.0,24.1910166387726,7.915,89.5,7.81,32792523.0,0.23816404733481472
AFG,Afghanistan,"Middle East, North Africa, Afghanistan & Pakistan",Low income,Kabul,34.5228,69.1761,2015,9,4,3,565.569730408751,62.27,8.260000229,24.4649118421568,9.032,71.5,7.99,33831764.0,0.23616858996770018
AFG,Afghanistan,"Middle East, North Africa, Afghanistan & Pakistan",Low income,Kabul,34.5228,69.1761,2016,9,5,1,522.082215583898,62.646,11.0,24.6588345720126,10.116,97.7,7.39,34700612.0,0.21296454368009418
AFG,Afghanistan,"Middle East, North Africa, Afghanistan & Pakistan",Low income,Kabul,34.5228,69.1761,2017,9,5,1,525.469770891619,62.406,13.5,24.8352821238871,11.184,97.7,7.38,35688935.0,0.2067867813931685
AFG,Afghanistan,"Middle East, North Africa, Afghanistan & Pakistan",Low income,Kabul,34.5228,69.1761,2018,9,5,1,491.337221382603,62.443,16.79999924,24.9991645191406,11.192,93.4,7.44,36743039.0,0.2024873337232666
AFG,Afghanistan,"Middle East, North Africa, Afghanistan & Pakistan",Low income,Kabul,34.5228,69.1761,2019,9,5,1,496.6025042585,62.941,17.60000038,25.1437258839803,11.187,97.7,,37856121.0,
AFG,Afghanistan,"Middle East, North Africa, Afghanistan & Pakistan",Low income,Kabul,34.5228,69.1761,2020,9,5,1,510.787063366811,61.454,17.04850006,25.2622103446137,11.71,97.7,,39068979.0,
AFG,Afghanistan,"Middle East, North Africa, Afghanistan & Pakistan",Low income,Kabul,34.5228,69.1761,2021,9,5,1,356.496214115892,60.417,16.51429939,25.3478620272481,12.006,97.7,,40000412.0,
AFG,Afghanistan,"Middle East, North Africa, Afghanistan & Pakistan",Low income,Kabul,34.5228,69.1761,2022,9,5,1,357.261152798144,65.617,15.86629963,25.3939250580909,14.1,85.3,,40578842.0,
AFG,Afghanistan,"Middle East, North Africa, Afghanistan & Pakistan",Low income,Kabul,34.5228,69.1761,2023,9,5,1,413.757894705303,66.035,15.92840004,25.4730529631167,14.008,85.3,,41454761.0,
AGO,Angola,Sub-Saharan Africa,Lower middle income,Luanda,-8.81155,13.242,2014,4,0,2,5649.68762469139,60.396,21.3623407584103,62.723115793241,16.372,32.0,34.63,27160769.0,1.2750007188677168
AGO,Angola,Sub-Saharan Africa,Lower middle income,Luanda,-8.81155,13.242,2015,4,0,2,3641.72893919944,61.042,22.0,63.51567832685,16.472,42.0,35.16,28157798.0,1.2486771870442426
AGO,Angola,Sub-Saharan Africa,Lower middle income,Luanda,-8.81155,13.242,2016,4,0,2,2051.81462126253,61.619,23.20000076,64.2992302517989,16.572,41.8,35.41,29183070.0,1.213374740902859
AGO,Angola,Sub-Saharan Africa,Lower middle income,Luanda,-8.81155,13.242,2017,4,0,2,2790.71886869768,62.122,26.0,65.0850525086068,16.617,42.9,30.84,30234839.0,1.0200153538108803
AGO,Angola,Sub-Saharan Africa,Lower middle income,Luanda,-8.81155,13.242,2018,4,0,2,2860.0936483682,62.622,29.0,65.8732136723372,16.602,45.3,27.34,31297155.0,0.8735618301407908
AGO,Angola,Sub-Saharan Africa,Lower middle income,Luanda,-8.81155,13.242,2019,4,0,2,2493.67884440177,63.051,32.12939835,66.6637823180533,16.497,45.6,,32375632.0,
AGO,Angola,Sub-Saharan Africa,Lower middle income,Luanda,-8.81155,13.242,2020,4,0,2,1759.35619918264,63.116,33.32089996,67.4568270208187,16.696,47.0,,33451132.0,
AGO,Angola,Sub-Saharan Africa,Lower middle income,Luanda,-8.81155,13.242,2021,4,0,2,2303.90812662776,62.958,34.55649948,68.2524163556969,15.799,48.2,,34532429.0,
AGO,Angola,Sub-Saharan Africa,Lower middle income,Luanda,-8.81155,13.242,2022,4,1,2,3682.1131513698,64.246,35.83800125,69.0506188977513,14.124,48.5,,35635029.0,
AGO,Angola,Sub-Saharan Africa,Lower middle income,Luanda,-8.81155,13.242,2023,4,2,2,2916.13663284275,64.617,37.88589859,69.8515032220457,14.051,51.1,,36749906.0,
ALB,Albania,Europe & Central Asia,Upper middle income,Tirane,41.3317,19.8172,2014,1,3,4,4793.59751131525,78.029,54.29999924,54.7325813178673,18.055,100.0,5.22,2773767.0,1.8819172626972633
ALB,Albania,Europe & Central Asia,Upper middle income,Tirane,41.3317,19.8172,2015,1,3,4,4199.53912925398,78.358,56.90000153,55.1579291374894,17.193,100.0,5.07,2731293.0,1.8562636817067961
ALB,Albania,Europe & Central Asia,Upper middle income,Tirane,41.3317,19.8172,2016,1,3,4,4457.63412207495,78.643,59.59999847,55.5738734464276,15.418,99.9,4.93,2689469.0,1.8330755996815729
ALB,Albania,Europe & Central Asia,Upper middle income,Tirane,41.3317,19.8172,2017,1,4,4,5006.36012951959,78.9,62.40000153,55.980276426546,13.616,99.9,5.6,2648285.0,2.1145760369446642
ALB,Albania,Europe & Central Asia,Upper middle income,Tirane,41.3317,19.8172,2018,1,4,4,5897.65452588774,79.238,65.40000153,56.377000259892,12.304,100.0,5.56,2607733.0,2.132120121193389
ALB,Albania,Europe & Central Asia,Upper middle income,Tirane,41.3317,19.8172,2019,0,4,4,6069.43903131027,79.467,68.5503911218006,56.7639071287255,11.466,100.0,,2567801.0,
ALB,Albania,Europe & Central Asia,Upper middle income,Tirane,41.3317,19.8172,2020,1,4,4,6027.91350716348,77.824,72.23767711,57.1408592155544,11.639,100.0,,2528480.0,
ALB,Albania,Europe & Central Asia,Upper middle income,Tirane,41.3317,19.8172,2021,0,4,4,7242.45513146613,76.844,79.32371752,57.5077187031778,11.474,100.0,,2489762.0,
ALB,Albania,Europe & Central Asia,Upper middle income,Tirane,41.3317,19.8172,2022,0,4,4,7756.96188744253,78.769,82.61367544,57.8643477747383,10.785,100.0,,2451636.0,
ALB,Albania,Europe & Central Asia,Upper middle income,Tirane,41.3317,19.8172,2023,0,4,4,9730.86921906893,79.602,83.13559161,58.2106086137857,10.669,100.0,,2414095.0,
ARE,United Arab Emirates,"Middle East, North Africa, Afghanistan & Pakistan",High income,Abu Dhabi,24.4764,54.3705,2014,1,11,0,52725.2358407934,81.99,90.4000107121939,84.1438806787019,1.999,100.0,183.84,8059440.0,22.810517852356988
ARE,United Arab Emirates,"Middle East, North Africa, Afghanistan & Pakistan",High income,Abu Dhabi,24.4764,54.3705,2015,1,11,0,44910.334995523,82.076,90.5,84.3284383471193,1.793,100.0,194.04,8505237.0,22.814179075785894
ARE,United Arab Emirates,"Middle East, North Africa, Afghanistan & Pakistan",High income,Abu Dhabi,24.4764,54.3705,2016,1,11,0,42721.0999383185,82.195,90.6000073180483,84.5093991669984,1.64,100.0,199.46,8935095.0,22.323209770013637
ARE,United Arab Emirates,"Middle East, North Africa, Afghanistan & Pakistan",High income,Abu Dhabi,24.4764,54.3705,2017,1,11,0,43733.6192287435,82.388,94.8199225383446,84.686675718659,2.462,100.0,208.25,9223225.0,22.57887018911498
ARE,United Arab Emirates,"Middle East, North Africa, Afghanistan & Pakistan",High income,Abu Dhabi,24.4764,54.3705,2018,1,11,0,47135.3591943971,82.449,98.4500017817194,84.8601805824625,2.236,100.0,200.3,9346701.0,21.430021137939473
ARE,United Arab Emirates,"Middle East, North Africa, Afghanistan & Pakistan",High income,Abu Dhabi,24.4764,54.3705,2019,1,11,0,45938.6073581994,82.596,99.1499979561243,85.0298263388195,2.331,100.0,,9445785.0,
ARE,United Arab Emirates,"Middle East, North Africa, Afghanistan & Pakistan",High income,Abu Dhabi,24.4764,54.3705,2020,2,10,0,37991.7492971665,81.936,100.0,85.1955255681984,4.294,100.0,,9401038.0,
ARE,United Arab Emirates,"Middle East, North Africa, Afghanistan & Pakistan",High income,Abu Dhabi,24.4764,54.3705,2021,2,10,0,44118.5047192771,79.083,100.0,85.3571908511355,3.105,100.0,,9575152.0,
ARE,United Arab Emirates,"Middle East, North Africa, Afghanistan & Pakistan",High income,Abu Dhabi,24.4764,54.3705,2022,1,11,0,50759.7589231191,80.487,100.0,85.5147347682487,2.872,100.0,,10074977.0,
ARE,United Arab Emirates,"Middle East, North Africa, Afghanistan & Pakistan",High income,Abu Dhabi,24.4764,54.3705,2023,1,11,0,49850.6872175164,82.909,100.0,85.6680699002526,2.151,100.0,,10483751.0,
ARG,Argentina,Latin America & Caribbean,Upper middle income,Buenos Aires,-34.6118,-58.4173,2014,3,7,0,12233.1444119186,76.268,64.69999695,91.3975345472954,7.268,100.0,179.91,43024071.0,4.181612660503466
ARG,Argentina,Latin America & Caribbean,Upper middle income,Buenos Aires,-34.6118,-58.4173,2015,3,7,0,13679.6264980954,76.6,68.0430641088122,91.4923019108628,7.577,99.7,186.09,43477012.0,4.280192944262131
ARG,Argentina,Latin America & Caribbean,Upper middle income,Buenos Aires,-34.6118,-58.4173,2016,3,7,0,12699.9623137756,76.105,70.9689808206024,91.5856817228217,8.088,99.9,184.28,43900313.0,4.197692166796168
ARG,Argentina,Latin America & Caribbean,Upper middle income,Buenos Aires,-34.6118,-58.4173,2017,2,7,0,14532.5009308511,76.543,74.2949068657957,91.6776028433824,8.347,100.0,180.12,44288894.0,4.06693380060473
ARG,Argentina,Latin America & Caribbean,Upper middle income,Buenos Aires,-34.6118,-58.4173,2018,2,6,0,11752.7998922979,76.77,77.7,91.7679941327998,9.22,100.0,177.41,44654882.0,3.972913868633669
ARG,Argentina,Latin America & Caribbean,Upper middle income,Buenos Aires,-34.6118,-58.4173,2019,2,6,0,9955.97478680428,76.847,79.9469520347551,91.8567844513802,9.843,100.0,,44973465.0,
ARG,Argentina,Latin America & Caribbean,Upper middle income,Buenos Aires,-34.6118,-58.4173,2020,2,6,0,8535.59938004389,75.878,85.51438646,91.9439026594897,11.461,100.0,,45191965.0,
ARG,Argentina,Latin America & Caribbean,Upper middle income,Buenos Aires,-34.6118,-58.4173,2021,2,6,0,10738.0179223384,73.948,87.15070683,92.0292776175651,8.736,100.0,,45312281.0,
ARG,Argentina,Latin America & Caribbean,Upper middle income,Buenos Aires,-34.6118,-58.4173,2022,3,8,0,13962.1894087223,75.806,88.37535691,92.112838186126,6.805,100.0,,45407904.0,
ARG,Argentina,Latin America & Caribbean,Upper middle income,Buenos Aires,-34.6118,-58.4173,2023,3,8,0,14261.8465667948,77.395,89.22897166,92.1945132257907,6.139,100.0,,45538401.0,
ARM,Armenia,Europe & Central Asia,Upper middle income,Yerevan,40.1596,44.509,2014,2,3,4,3852.11800610384,74.8731707317073,54.6228058583362,64.4142934233291,17.498,99.7,5.48,3013800.0,1.818302475280377
ARM,Armenia,Europe & Central Asia,Upper middle income,Yerevan,40.1596,44.509,2015,1,3,4,3512.39350276709,74.8707317073171,59.1008337674937,64.4929623431549,18.261,100.0,5.34,3004600.0,1.7772748452373028
ARM,Armenia,Europe & Central Asia,Upper middle income,Yerevan,40.1596,44.509,2016,1,3,4,3524.42476874707,74.8682926829268,64.3460297653742,64.5928753345316,17.617,99.8,5.07,2992300.0,1.694348828660228
ARM,Armenia,Europe & Central Asia,Upper middle income,Yerevan,40.1596,44.509,2017,1,3,4,3869.05373867752,75.2170731707317,64.7448843250726,64.7124948593667,17.704,99.7,5.32,2979400.0,1.7855944149828824
ARM,Armenia,Europe & Central Asia,Upper middle income,Yerevan,40.1596,44.509,2018,1,2,4,4196.00562301769,75.619512195122,68.2450522610271,64.8502833795679,18.966,99.9,5.55,2969000.0,1.8693162681037387
ARM,Armenia,Europe & Central Asia,Upper middle income,Yerevan,40.1596,44.509,2019,1,3,4,4597.22887399548,76.2219512195122,66.5439496866159,65.0047033570428,18.304,100.0,,2962500.0,
ARM,Armenia,Europe & Central Asia,Upper middle income,Yerevan,40.1596,44.509,2020,1,3,4,4268.68093304583,73.3756097560976,76.50770055,65.174217253699,18.175,100.0,,2961500.0,
ARM,Armenia,Europe & Central Asia,Upper middle income,Yerevan,40.1596,44.509,2021,1,4,4,4685.17997128509,72.2780487804878,78.61225758,65.3572875314441,15.469,100.0,,2962300.0,
ARM,Armenia,Europe & Central Asia,Upper middle income,Yerevan,40.1596,44.509,2022,1,4,4,6571.97445545099,74.7658536585366,77.02767465,65.5624462874485,13.451,100.0,,2969200.0,
ARM,Armenia,Europe & Central Asia,Upper middle income,Yerevan,40.1596,44.509,2023,0,4,4,8159.08720967996,77.4658536585366,79.99663036,65.6956882008852,12.405,100.0,,2964300.0,
AUS,Australia,East Asia & Pacific,High income,Canberra,-35.282,149.129,2014,0,8,0,62817.2061751737,82.3,84.0,86.7221289343356,6.078,100.0,369.88,23475686.0,15.755876100915644
AUS,Australia,East Asia & Pacific,High income,Canberra,-35.282,149.129,2015,0,8,0,56970.3613028094,82.4,84.5605149091408,86.8778642539361,6.055,100.0,375.97,23815995.0,15.786449400917325
AUS,Australia,East Asia & Pacific,High income,Canberra,-35.282,149.129,2016,1,9,0,50084.4440606385,82.4487804878049,86.54000092,87.0166295249235,5.711,100.0,383.96,24190907.0,15.872079537985078
AUS,Australia,East Asia & Pacific,High income,Canberra,-35.282,149.129,2017,1,9,0,54117.547718609,82.5,86.5450488476768,87.12809266445,5.592,100.0,387.2,24592588.0,15.744581253506137
AUS,Australia,East Asia & Pacific,High income,Canberra,-35.282,149.129,2018,1,9,0,57410.1737346009,82.7487804878049,90.0082016,87.2267680845925,5.345,100.0,386.62,24963258.0,15.487561759767095
AUS,Australia,East Asia & Pacific,High income,Canberra,-35.282,149.129,2019,1,9,0,55194.7585097428,82.9,93.60990143,87.3019647888406,5.143,100.0,,25334826.0,
AUS,Australia,East Asia & Pacific,High income,Canberra,-35.282,149.129,2020,1,9,0,51983.4523666382,83.2,94.6934967,87.2713470458985,6.394,100.0,,25649248.0,
AUS,Australia,East Asia & Pacific,High income,Canberra,-35.282,149.129,2021,0,9,0,60758.9044397144,83.3,96.97219849,87.2353407632761,5.022,100.0,,25685412.0,
AUS,Australia,East Asia & Pacific,High income,Canberra,-35.282,149.129,2022,1,10,0,65169.5191118657,83.2,96.11940002,87.3343268253813,3.728,100.0,,26018721.0,
AUS,Australia,East Asia & Pacific,High income,Canberra,-35.282,149.129,2023,1,10,0,65058.3773146674,83.0512195121951,96.1160965,87.4866955653765,3.668,100.0,,26659922.0,
AUT,Austria,Europe & Central Asia,High income,Vienna,48.2201,16.3798,2014,3,11,0,51314.9722616322,81.490243902439,80.9958249574764,67.4154327591781,5.674,100.0,61.99,8546356.0,7.253383781344938
AUT,Austria,Europe & Central Asia,High income,Vienna,48.2201,16.3798,2015,4,11,0,43915.228020857,81.190243902439,83.9401419315026,67.5576175537383,5.802,100.0,63.15,8642699.0,7.306745265570396
AUT,Austria,Europe & Central Asia,High income,Vienna,48.2201,16.3798,2016,4,11,0,45061.4993920192,81.6414634146342,84.3237425711653,67.7218061923556,6.064,100.0,63.39,8736668.0,7.255626515738037
AUT,Austria,Europe & Central Asia,High income,Vienna,48.2201,16.3798,2017,3,11,0,47163.7425775142,81.6439024390244,87.9355865856062,67.9051196052802,5.561,100.0,65.83,8797566.0,7.482751479215956
AUT,Austria,Europe & Central Asia,High income,Vienna,48.2201,16.3798,2018,3,11,0,51194.0749841299,81.6926829268293,87.4791372262556,68.1046787227623,4.933,100.0,63.18,8840521.0,7.146637624637734
AUT,Austria,Europe & Central Asia,High income,Vienna,48.2201,16.3798,2019,3,11,0,49885.9947355204,81.8951219512195,87.7522047870069,68.3176044750522,4.56,100.0,,8879920.0,
AUT,Austria,Europe & Central Asia,High income,Vienna,48.2201,16.3798,2020,3,11,0,48716.4098900349,81.1926829268293,87.52942813,68.5410177924001,5.201,100.0,,8916864.0,
AUT,Austria,Europe & Central Asia,High income,Vienna,48.2201,16.3798,2021,3,11,0,53648.6437976214,81.190243902439,92.52915104,68.773601700253,6.459,100.0,,8955797.0,
AUT,Austria,Europe & Central Asia,High income,Vienna,48.2201,16.3798,2022,3,11,0,52336.7725223758,81.2951219512195,93.61409139,68.998085127906,4.992,100.0,,9041851.0,
AUT,Austria,Europe & Central Asia,High income,Vienna,48.2201,16.3798,2023,3,11,0,56579.504175468,81.7926829268293,95.33467117,69.2265358276021,5.264,100.0,,9131761.0,
AZE,Azerbaijan,Europe & Central Asia,Upper middle income,Baku,40.3834,49.8932,2014,7,9,5,7890.84028062087,71.93,75.0000156363396,54.6319175926151,4.91,100.0,32.63,9535079.0,3.422100645416782
AZE,Azerbaijan,Europe & Central Asia,Upper middle income,Baku,40.3834,49.8932,2015,7,9,5,5500.50364628486,72.349,77.0,55.1570486328276,4.96,100.0,32.17,9649341.0,3.333906429464976
AZE,Azerbaijan,Europe & Central Asia,Upper middle income,Baku,40.3834,49.8932,2016,7,9,5,3880.6852276838,72.568,78.2,55.7574797205266,5.0,100.0,32.66,9757812.0,3.3470618208262257
AZE,Azerbaijan,Europe & Central Asia,Upper middle income,Baku,40.3834,49.8932,2017,7,9,5,4147.1981423222,72.694,79.0,56.4331887124691,5.0,100.0,31.97,9854033.0,3.2443569044268474
AZE,Azerbaijan,Europe & Central Asia,Upper middle income,Baku,40.3834,49.8932,2018,7,9,5,4739.7943123408,73.016,79.7999954887896,57.1841534654123,4.9,100.0,32.02,9939771.0,3.221402183209251
AZE,Azerbaijan,Europe & Central Asia,Upper middle income,Baku,40.3834,49.8932,2019,7,9,5,4805.75371765917,73.29,81.0999990651547,58.1308191977779,5.0,100.0,,10024283.0,
AZE,Azerbaijan,Europe & Central Asia,Upper middle income,Baku,40.3834,49.8932,2020,7,9,5,4229.91064904503,70.312,84.59999573,58.2934691761937,7.24,100.0,,10093121.0,
AZE,Azerbaijan,Europe & Central Asia,Upper middle income,Baku,40.3834,49.8932,2021,7,9,5,5408.04535175023,70.999,85.99998954,58.3659969744818,6.04,100.0,,10137750.0,
AZE,Azerbaijan,Europe & Central Asia,Upper middle income,Baku,40.3834,49.8932,2022,6,9,5,7770.594223351,74.125,88.0,58.4382815854684,5.65,100.0,,10141756.0,
AZE,Azerbaijan,Europe & Central Asia,Upper middle income,Baku,40.3834,49.8932,2023,6,9,5,7133.02838048328,74.429,89.0,58.5075350483702,5.64,100.0,,10153958.0,
BDI,Burundi,Sub-Saharan Africa,Low income,Bujumbura,-3.3784,29.3639,2014,9,0,3,250.544492155185,59.764,1.04239212643994,13.7839781740413,1.572,7.0,0.39,10799785.0,0.03611183000402323
BDI,Burundi,Sub-Saharan Africa,Low income,Bujumbura,-3.3784,29.3639,2015,9,0,3,254.402585226788,60.107,2.0,14.6695085474754,1.449,7.9,0.41,11047580.0,0.03711220013794876
BDI,Burundi,Sub-Saharan Africa,Low income,Bujumbura,-3.3784,29.3639,2016,9,0,3,232.937812100153,60.789,2.200000048,15.6180905635494,1.352,8.5,0.46,11239451.0,0.04092726593140537
BDI,Burundi,Sub-Saharan Africa,Low income,Bujumbura,-3.3784,29.3639,2017,9,0,3,246.060725714184,61.345,2.6607485347534,16.6241273909209,1.25,9.3,0.57,11506762.0,0.04953609017028422
BDI,Burundi,Sub-Saharan Africa,Low income,Bujumbura,-3.3784,29.3639,2018,9,0,3,245.661678332009,61.806,4.019499779,17.6820221982475,1.147,9.5,0.59,11859446.0,0.049749372778458624
BDI,Burundi,Sub-Saharan Africa,Low income,Bujumbura,-3.3784,29.3639,2019,9,0,3,234.31061590725,62.18,6.072199821,18.786178154187,1.043,9.8,,12255336.0,
BDI,Burundi,Sub-Saharan Africa,Low income,Bujumbura,-3.3784,29.3639,2020,9,0,3,255.8324539389,62.569,6.430099964,19.9309984273971,1.03,9.1,,12617036.0,
BDI,Burundi,Sub-Saharan Africa,Low income,Bujumbura,-3.3784,29.3639,2021,9,0,3,264.980379269655,62.101,6.777999878,21.1108861865354,1.118,10.2,,12965481.0,
BDI,Burundi,Sub-Saharan Africa,Low income,Bujumbura,-3.3784,29.3639,2022,9,0,3,302.992505263552,62.882,7.144800186,22.3202446002597,0.909,10.3,,13321097.0,
BDI,Burundi,Sub-Saharan Africa,Low income,Bujumbura,-3.3784,29.3639,2023,9,0,3,250.627253097255,63.651,7.172299862,23.5534768372276,0.911,11.6,,13689450.0,
BEL,Belgium,Europe & Central Asia,High income,Brussels,50.8371,4.36761,2014,0,8,0,47995.7786961339,81.2878048780488,85.0012379539925,85.9848336685807,8.523,100.0,90.16,11209057.0,8.043495541150339
BEL,Belgium,Europe & Central Asia,High income,Brussels,50.8371,4.36761,2015,1,8,0,40893.804537772,80.9926829268293,85.0529417508701,86.2212893480444,8.482,100.0,95.2,11274196.0,8.444061110876554
BEL,Belgium,Europe & Central Asia,High income,Brussels,50.8371,4.36761,2016,1,8,0,41854.5498296444,81.4390243902439,86.5164766644457,86.4507790979645,7.83,100.0,94.32,11331422.0,8.323756718265368
BEL,Belgium,Europe & Central Asia,High income,Brussels,50.8371,4.36761,2017,0,8,0,44035.3239358548,81.4926829268293,87.6796808175598,86.6731739531869,7.09,100.0,92.77,11375158.0,8.155491114936602
BEL,Belgium,Europe & Central Asia,High income,Brussels,50.8371,4.36761,2018,1,9,0,47487.2100392561,81.5951219512195,88.6473429951691,86.8883449485575,5.941,100.0,93.47,11427054.0,8.179711061136143
BEL,Belgium,Europe & Central Asia,High income,Brussels,50.8371,4.36761,2019,1,9,0,46716.6227467964,81.9951219512195,90.275428012141,87.0961631189222,5.364,100.0,,11488980.0,
BEL,Belgium,Europe & Central Asia,High income,Brussels,50.8371,4.36761,2020,2,9,0,45906.2875805246,80.6951219512195,91.52641629,87.2964994991269,5.545,100.0,,11538604.0,
BEL,Belgium,Europe & Central Asia,High income,Brussels,50.8371,4.36761,2021,1,9,0,51658.238294958,81.790243902439,92.78867618,87.4305564090635,6.248,100.0,,11586195.0,
BEL,Belgium,Europe & Central Asia,High income,Brussels,50.8371,4.36761,2022,1,9,0,50605.7496677086,81.7487804878049,94.00783071,87.489200269855,5.57,100.0,,11680210.0,
BEL,Belgium,Europe & Central Asia,High income,Brussels,50.8371,4.36761,2023,1,9,0,55291.4754541329,82.4,94.62625074,87.551492636772,5.547,100.0,,11779946.0,
BEN,Benin,Sub-Saharan Africa,Lower middle income,Porto-Novo,6.4779,2.6323,2014,7,1,3,1204.39918670094,59.008,6.0,45.2880529235999,1.952,34.1,5.51,11030004.0,0.49954650968394937
BEN,Benin,Sub-Saharan Africa,Lower middle income,Porto-Novo,6.4779,2.6323,2015,7,1,3,1002.41886879614,59.123,11.25500011,45.9407403257663,1.886,29.6,5.99,11360681.0,0.5272571248149649
BEN,Benin,Sub-Saharan Africa,Lower middle income,Porto-Novo,6.4779,2.6323,2016,7,2,3,1010.5338961993,59.283,14.5,46.6094559006664,1.834,37.0,7.23,11697842.0,0.6180627161830361
BEN,Benin,Sub-Saharan Africa,Lower middle income,Porto-Novo,6.4779,2.6323,2017,7,2,3,1054.97408066814,59.528,18.7,47.2942774880391,1.691,34.5,7.36,12039780.0,0.6113068511218643
BEN,Benin,Sub-Saharan Africa,Lower middle income,Porto-Novo,6.4779,2.6323,2018,7,2,3,1151.7409703472,59.71,19.0,47.9952829275963,1.426,39.0,7.91,12383347.0,0.6387610716230434
BEN,Benin,Sub-Saharan Africa,Lower middle income,Porto-Novo,6.4779,2.6323,2019,7,2,3,1130.82135339795,59.888,20.50099945,48.7125500590248,1.214,40.0,,12726755.0,
BEN,Benin,Sub-Saharan Africa,Lower middle income,Porto-Novo,6.4779,2.6323,2020,7,2,3,1200.19426557789,60.154,22.12059975,49.4461567219896,1.518,41.0,,13070169.0,
BEN,Benin,Sub-Saharan Africa,Lower middle income,Porto-Novo,6.4779,2.6323,2021,7,2,3,1318.65158075198,59.61,28.20470047,50.1961807561354,1.833,42.0,,13413417.0,
BEN,Benin,Sub-Saharan Africa,Lower middle income,Porto-Novo,6.4779,2.6323,2022,7,3,3,1266.42711031904,60.475,30.53730011,50.9627000010887,1.685,56.5,,13759501.0,
BEN,Benin,Sub-Saharan Africa,Lower middle income,Porto-Novo,6.4779,2.6323,2023,7,3,3,1394.17784721831,60.774,32.39400101,51.7457922964593,1.641,57.0,,14111034.0,
BFA,Burkina Faso,Sub-Saharan Africa,Low income,Ouagadougou,12.3605,-1.53395,2014,8,0,3,764.861675106225,58.331,6.0,25.3814155996643,4.255,19.2,3.02,18229461.0,0.16566589653967279
BFA,Burkina Faso,Sub-Saharan Africa,Low income,Ouagadougou,12.3605,-1.53395,2015,8,0,3,630.124750752312,58.778,6.545700073,25.621432645225,4.472,16.2,3.4,18777487.0,0.18106789263121312
BFA,Burkina Faso,Sub-Saharan Africa,Low income,Ouagadougou,12.3605,-1.53395,2016,8,0,3,663.742364842886,59.173,7.140999794,25.821510372001,4.598,16.6,3.5,19334856.0,0.1810202258553154
BFA,Burkina Faso,Sub-Saharan Africa,Low income,Ouagadougou,12.3605,-1.53395,2017,8,0,3,709.091535894695,59.578,7.790400028,25.9769918665632,4.662,17.0,4.07,19894407.0,0.20458011138507423
BFA,Burkina Faso,Sub-Saharan Africa,Low income,Ouagadougou,12.3605,-1.53395,2018,8,0,3,777.465618514048,59.972,8.498900414,26.0832202154822,4.695,14.4,4.27,20438288.0,0.20892160830691886
BFA,Burkina Faso,Sub-Saharan Africa,Low income,Ouagadougou,12.3605,-1.53395,2019,8,0,3,764.853077774946,60.184,9.27180600953186,26.1187254401157,4.493,17.6,,20961952.0,
BFA,Burkina Faso,Sub-Saharan Africa,Low income,Ouagadougou,12.3605,-1.53395,2020,8,1,3,825.237038782475,60.454,12.97319984,26.3578373628627,4.59,18.5,,21478690.0,
BFA,Burkina Faso,Sub-Saharan Africa,Low income,Ouagadougou,12.3605,-1.53395,2021,8,1,3,895.535288442991,60.046,18.1522007,26.8114307743017,4.511,19.0,,21995243.0,
BFA,Burkina Faso,Sub-Saharan Africa,Low income,Ouagadougou,12.3605,-1.53395,2022,8,1,3,827.330843486661,60.7,25.3987999,27.2791369742712,3.828,19.5,,22509038.0,
BFA,Burkina Faso,Sub-Saharan Africa,Low income,Ouagadougou,12.3605,-1.53395,2023,8,1,3,873.482589651003,61.092,25.36120033,27.7872478365158,3.601,21.7,,23025776.0,
BGD,Bangladesh,South Asia,Lower middle income,Dhaka,23.7055,90.4113,2014,9,4,3,1094.46199702838,70.016,9.052900314,29.1944442321013,4.417,62.4,63.8,157964929.0,0.40388711851350245
BGD,Bangladesh,South Asia,Lower middle income,Dhaka,23.7055,90.4113,2015,9,4,3,1224.38647668165,70.543,12.36880016,29.5395099477892,4.397,74.0,71.69,159383179.0,0.4497965246382744
BGD,Bangladesh,South Asia,Lower middle income,Dhaka,23.7055,90.4113,2016,9,4,3,1649.28380858601,71.075,16.89909935,29.8753915517965,4.35,75.9,73.74,160811932.0,0.4585480634608631
BGD,Bangladesh,South Asia,Lower middle income,Dhaka,23.7055,90.4113,2017,8,5,1,1811.08221668646,71.606,21.5,30.2015798381799,4.372,88.0,78.71,162186147.0,0.4853065533396018
BGD,Bangladesh,South Asia,Lower middle income,Dhaka,23.7055,90.4113,2018,8,5,1,1965.24372731467,72.122,25.56509972,30.5175656009959,4.439,86.9,82.76,163523103.0,0.5061058558801933
BGD,Bangladesh,South Asia,Lower middle income,Dhaka,23.7055,90.4113,2019,9,7,1,2129.79896954606,72.625,30.38310051,30.8228396343012,4.504,92.2,,164913055.0,
BGD,Bangladesh,South Asia,Lower middle income,Dhaka,23.7055,90.4113,2020,9,7,1,2248.85078828233,71.421,36.10910034,31.1168927321524,5.539,96.2,,166298024.0,
BGD,Bangladesh,South Asia,Lower middle income,Dhaka,23.7055,90.4113,2021,9,7,1,2482.84917843357,71.103,38.91744466,31.3992156886061,5.457,99.0,,167658854.0,
BGD,Bangladesh,South Asia,Lower middle income,Dhaka,23.7055,90.4113,2022,9,7,1,2716.48592780431,74.265,41.61650085,31.673734726234,4.593,99.4,,169384897.0,
BGD,Bangladesh,South Asia,Lower middle income,Dhaka,23.7055,90.4113,2023,9,7,1,2551.01773827307,74.672,44.50274195,32.1578465036834,3.352,99.5,,171466990.0,
BGR,Bulgaria,Europe & Central Asia,High income,Sofia,42.7105,23.3238,2014,3,4,5,8069.60005667684,74.4658536585366,55.4903766299262,73.0844879150391,11.424,95.9,42.23,7073572.0,5.970109585369316
BGR,Bulgaria,Europe & Central Asia,High income,Sofia,42.7105,23.3238,2015,3,5,5,7268.65445473873,74.6146341463415,56.6562516053086,73.1030578613281,9.143,96.6,44.69,6984225.0,6.398705654528598
BGR,Bulgaria,Europe & Central Asia,High income,Sofia,42.7105,23.3238,2016,4,6,5,7822.49923292968,74.8121951219512,59.825547661014,73.1750030517578,7.575,97.3,41.74,6894139.0,6.0544181079029595
BGR,Bulgaria,Europe & Central Asia,High income,Sofia,42.7105,23.3238,2017,4,6,5,8696.68930427924,74.8146341463415,63.4101013837926,73.3904571533203,6.164,98.1,44.04,6803468.0,6.473169271906622
BGR,Bulgaria,Europe & Central Asia,High income,Sofia,42.7105,23.3238,2018,5,8,5,9849.38397225174,74.9634146341464,64.78201069118,73.600212097168,5.211,98.7,41.13,6710798.0,6.12892833311329
BGR,Bulgaria,Europe & Central Asia,High income,Sofia,42.7105,23.3238,2019,5,8,5,10353.7204584127,75.1121951219512,67.9469809417603,73.7162322998047,4.148,99.2,,6616726.0,
BGR,Bulgaria,Europe & Central Asia,High income,Sofia,42.7105,23.3238,2020,5,8,5,10760.211975413,73.3560975609756,70.16248359,73.3239898681641,5.037,99.7,,6550696.0,
BGR,Bulgaria,Europe & Central Asia,High income,Sofia,42.7105,23.3238,2021,5,8,5,12966.1457543396,71.2121951219512,75.27144583,73.346765618041,5.166,99.8,,6507301.0,
BGR,Bulgaria,Europe & Central Asia,High income,Sofia,42.7105,23.3238,2022,5,9,5,13999.1949530956,74.1609756097561,79.12686326,73.4799164005224,4.148,100.0,,6465097.0,
BGR,Bulgaria,Europe & Central Asia,High income,Sofia,42.7105,23.3238,2023,4,9,0,15853.208636704,75.7560975609756,80.38956462,73.7322671584613,4.319,100.0,,6446596.0,
BHR,Bahrain,"Middle East, North Africa, Afghanistan & Pakistan",High income,Manama,26.1921,50.5354,2014,0,11,0,26451.7965647453,80.214,90.5031334814656,100.0,1.144,100.0,30.22,1314562.0,22.988645647751873
BHR,Bahrain,"Middle East, North Africa, Afghanistan & Pakistan",High income,Manama,26.1921,50.5354,2015,0,11,0,23734.0551143019,80.338,93.4783007986129,100.0,1.164,100.0,30.6,1370322.0,22.330517936660144
BHR,Bahrain,"Middle East, North Africa, Afghanistan & Pakistan",High income,Manama,26.1921,50.5354,2016,0,11,0,23800.001440631,80.407,97.9999807024146,100.0,1.19,100.0,30.2,1423726.0,21.211946680751772
BHR,Bahrain,"Middle East, North Africa, Afghanistan & Pakistan",High income,Manama,26.1921,50.5354,2017,0,11,0,24784.7693514607,80.407,95.8781357543453,100.0,1.18,100.0,30.38,1501116.0,20.238276055947708
BHR,Bahrain,"Middle East, North Africa, Afghanistan & Pakistan",High income,Manama,26.1921,50.5354,2018,0,11,0,26324.4066549559,80.412,98.6446725799886,100.0,1.188,100.0,30.75,1503091.0,20.457843204436724
BHR,Bahrain,"Middle East, North Africa, Afghanistan & Pakistan",High income,Manama,26.1921,50.5354,2019,0,11,0,27259.7438599327,80.471,99.7015043807778,100.0,1.217,100.0,,1483756.0,
BHR,Bahrain,"Middle East, North Africa, Afghanistan & Pakistan",High income,Manama,26.1921,50.5354,2020,0,11,0,24342.8444554718,78.683,99.67103159,100.0,1.765,100.0,,1472204.0,
BHR,Bahrain,"Middle East, North Africa, Afghanistan & Pakistan",High income,Manama,26.1921,50.5354,2021,0,11,0,27147.8083882286,78.083,100.0,100.0,1.548,100.0,,1504365.0,
BHR,Bahrain,"Middle East, North Africa, Afghanistan & Pakistan",High income,Manama,26.1921,50.5354,2022,0,11,0,30470.5219276023,80.992,100.0,100.0,1.265,100.0,,1524693.0,
BHR,Bahrain,"Middle East, North Africa, Afghanistan & Pakistan",High income,Manama,26.1921,50.5354,2023,0,11,0,29290.1284215098,81.284,100.0,100.0,1.049,100.0,,1577059.0,
BHS,"Bahamas, The",Latin America & Caribbean,High income,Nassau,25.0661,-77.339,2014,1,6,0,29137.2175632622,74.029,76.91999817,82.3180931037043,13.8,100.0,2.62,382298.0,6.853292457716232
BHS,"Bahamas, The",Latin America & Caribbean,High income,Nassau,25.0661,-77.339,2015,1,6,0,30719.405417469,73.805,78.0,82.2568571432361,12.0,100.0,2.37,385346.0,6.15031685809636
BHS,"Bahamas, The",Latin America & Caribbean,High income,Nassau,25.0661,-77.339,2016,1,6,0,30616.5363157284,74.042,80.0,82.1784378570728,12.7,100.0,2.19,388055.0,5.64352991199701
BHS,"Bahamas, The",Latin America & Caribbean,High income,Nassau,25.0661,-77.339,2017,2,7,0,31875.4881749619,74.031,80.59999847,82.0814018736052,9.8,100.0,2.15,390485.0,5.505973340845359
BHS,"Bahamas, The",Latin America & Caribbean,High income,Nassau,25.0661,-77.339,2018,2,7,0,32642.3353203452,74.062,83.0,81.9643158212241,10.0,100.0,2.26,392717.0,5.754780159758808
BHS,"Bahamas, The",Latin America & Caribbean,High income,Nassau,25.0661,-77.339,2019,4,10,0,33640.3369861278,71.408,90.69329834,81.8257463283204,9.336,100.0,,394675.0,
BHS,"Bahamas, The",Latin America & Caribbean,High income,Nassau,25.0661,-77.339,2020,2,6,0,26178.7537607708,72.994,92.4437027,81.6642600232849,12.016,100.0,,395863.0,
BHS,"Bahamas, The",Latin America & Caribbean,High income,Nassau,25.0661,-77.339,2021,2,7,0,30367.8605757708,70.752,92.34980011,81.4784235345083,11.078,100.0,,396373.0,
BHS,"Bahamas, The",Latin America & Caribbean,High income,Nassau,25.0661,-77.339,2022,4,10,0,34957.1613279737,74.491,92.2559967,81.3200717047725,9.25,100.0,,397538.0,
BHS,"Bahamas, The",Latin America & Caribbean,High income,Nassau,25.0661,-77.339,2023,4,10,0,38231.774484278,74.552,92.38729858,81.3213799173676,8.645,100.0,,399440.0,
BIH,Bosnia and Herzegovina,Europe & Central Asia,Upper middle income,Sarajevo,43.8607,18.4214,2014,1,1,4,5206.06573475132,77.089,49.91770172,47.130783484831,27.517,99.9,19.49,3564829.0,5.467302919719291
BIH,Bosnia and Herzegovina,Europe & Central Asia,Upper middle income,Sarajevo,43.8607,18.4214,2015,1,1,4,4662.25869219448,77.073,52.59999847,47.5711645087011,27.695,99.7,19.61,3518541.0,5.5733328103893065
BIH,Bosnia and Herzegovina,Europe & Central Asia,Upper middle income,Sarajevo,43.8607,18.4214,2016,1,1,4,4928.5665903114,77.124,60.2565354318987,48.0248845752382,25.408,100.0,22.34,3473003.0,6.432473568263546
BIH,Bosnia and Herzegovina,Europe & Central Asia,Upper middle income,Sarajevo,43.8607,18.4214,2017,1,2,4,5345.01978766473,77.385,64.8920205128383,48.4918401819106,20.527,100.0,22.65,3428682.0,6.606036955308191
BIH,Bosnia and Herzegovina,Europe & Central Asia,Upper middle income,Sarajevo,43.8607,18.4214,2018,1,3,4,6047.84707207392,77.942,70.1201350394885,48.971927825824,18.4,100.0,22.54,3387000.0,6.654856805432536
BIH,Bosnia and Herzegovina,Europe & Central Asia,Upper middle income,Sarajevo,43.8607,18.4214,2019,1,3,4,6122.37541352353,77.394,69.9463476317266,49.4650440037758,15.692,100.0,,3345533.0,
BIH,Bosnia and Herzegovina,Europe & Central Asia,Upper middle income,Sarajevo,43.8607,18.4214,2020,1,3,4,6130.31187968266,76.04,73.21175294,49.9710852122997,15.868,100.0,,3299349.0,
BIH,Bosnia and Herzegovina,Europe & Central Asia,Upper middle income,Sarajevo,43.8607,18.4214,2021,1,3,4,7295.34378682258,74.567,75.67620138,50.4899479477034,14.897,100.0,,3244907.0,
BIH,Bosnia and Herzegovina,Europe & Central Asia,Upper middle income,Sarajevo,43.8607,18.4214,2022,0,4,4,7655.59421024383,76.777,78.8455371,51.0215287060993,12.657,100.0,,3204802.0,
BIH,Bosnia and Herzegovina,Europe & Central Asia,Upper middle income,Sarajevo,43.8607,18.4214,2023,0,4,4,8663.02326458629,77.85,83.3771539,51.5657239834305,10.668,100.0,,3185073.0,
BLR,Belarus,Europe & Central Asia,Upper middle income,Minsk,53.9678,27.5766,2014,4,6,5,8341.31809294883,72.9707317073171,59.0163187101542,76.3405227661133,5.908,96.8,59.47,9448515.0,6.294110767670898
BLR,Belarus,Europe & Central Asia,Upper middle income,Minsk,53.9678,27.5766,2015,4,6,5,5967.05595058777,73.6243902439025,62.230360906803,76.6263885498047,5.881,97.4,54.89,9461076.0,5.80166568791964
BLR,Belarus,Europe & Central Asia,Upper middle income,Minsk,53.9678,27.5766,2016,5,8,5,5039.77560949445,73.8268292682927,71.1130457603832,76.8458709716797,5.844,98.0,55.21,9469379.0,5.830371769891141
BLR,Belarus,Europe & Central Asia,Upper middle income,Minsk,53.9678,27.5766,2017,5,8,5,5785.54491935194,74.1292682926829,74.4364454136036,77.0208206176758,5.648,98.7,56.24,9458989.0,5.945667132079337
BLR,Belarus,Europe & Central Asia,Upper middle income,Minsk,53.9678,27.5766,2018,5,8,5,6360.037502312,74.1756097560976,79.1298866919307,77.2132720947266,4.763,99.3,59.31,9438785.0,6.283647736440654
BLR,Belarus,Europe & Central Asia,Upper middle income,Minsk,53.9678,27.5766,2019,5,8,5,6837.77339645635,74.2268292682927,82.7891520910901,77.4550771852757,4.165,100.0,,9419758.0,
BLR,Belarus,Europe & Central Asia,Upper middle income,Minsk,53.9678,27.5766,2020,5,8,5,6542.85579976768,72.1385609756098,85.08791245,77.7890385790408,4.049,100.0,,9379952.0,
BLR,Belarus,Europe & Central Asia,Upper middle income,Minsk,53.9678,27.5766,2021,5,8,5,7489.71894713888,72.0714634146342,86.88841196,78.131086803694,3.9,100.0,,9302585.0,
BLR,Belarus,Europe & Central Asia,Upper middle income,Minsk,53.9678,27.5766,2022,5,9,5,7994.64806074889,74.1033658536585,89.50733148,78.4732787892908,3.574,100.0,,9228071.0,
BLR,Belarus,Europe & Central Asia,Upper middle income,Minsk,53.9678,27.5766,2023,5,9,5,7896.75388295584,74.1837804878049,91.51249979,78.8146420666327,3.461,100.0,,9178298.0,
BLZ,Belize,Latin America & Caribbean,Upper middle income,Belmopan,17.2534,-88.7713,2014,8,7,1,6128.12053089077,71.437,38.70000076,44.1850161758379,8.244,91.5,0.49,348923.0,1.4043212972489632
BLZ,Belize,Latin America & Caribbean,Upper middle income,Belmopan,17.2534,-88.7713,2015,8,7,1,6154.62264230369,71.647,41.59000015,43.931184585988,7.578,91.8,0.66,356333.0,1.8522000488307286
BLZ,Belize,Latin America & Caribbean,Upper middle income,Belmopan,17.2534,-88.7713,2016,8,7,1,6140.86713919469,71.843,44.57569885,43.6765514309211,7.0,93.3,0.65,364705.0,1.7822623764412333
BLZ,Belize,Latin America & Caribbean,Upper middle income,Belmopan,17.2534,-88.7713,2017,8,7,1,6071.85451846453,72.062,48.8771019,43.4211086747287,6.596,94.2,0.65,373202.0,1.7416841281665156
BLZ,Belize,Latin America & Caribbean,Upper middle income,Belmopan,17.2534,-88.7713,2018,8,7,1,6011.99036888587,72.322,53.59360123,43.164848281502,9.346,91.7,0.68,380226.0,1.7884100508644858
BLZ,Belize,Latin America & Caribbean,Upper middle income,Belmopan,17.2534,-88.7713,2019,9,11,5,6171.61449761423,72.577,58.76520157,42.9077622153323,9.053,92.7,,385829.0,
BLZ,Belize,Latin America & Caribbean,Upper middle income,Belmopan,17.2534,-88.7713,2020,9,11,5,5238.54078175696,71.58,64.43589783,42.649842440311,10.763,96.8,,390812.0,
BLZ,Belize,Latin America & Caribbean,Upper middle income,Belmopan,17.2534,-88.7713,2021,9,11,5,6142.98930557031,70.917,70.65370178,42.3910809205294,10.302,97.7,,395346.0,
BLZ,Belize,Latin America & Caribbean,Upper middle income,Belmopan,17.2534,-88.7713,2022,9,11,5,7068.21728043145,72.19,69.98329926,42.1373251262137,8.682,98.6,,402733.0,
BLZ,Belize,Latin America & Caribbean,Upper middle income,Belmopan,17.2534,-88.7713,2023,9,11,5,7424.75821321022,73.566,70.18720245,41.9459437504976,8.278,99.6,,411106.0,
BOL,Bolivia,Latin America & Caribbean,Lower middle income,La Paz,-13.9908,-66.1936,2014,6,5,1,3041.43503162408,66.97,34.6016202324676,68.037425413,2.021,90.0,20.17,10848888.0,1.85917671930985
BOL,Bolivia,Latin America & Caribbean,Lower middle income,La Paz,-13.9908,-66.1936,2015,6,5,1,2996.01289811344,67.205,37.4868176324391,68.3958051297665,3.111,91.5,20.41,11014705.0,1.852977451506872
BOL,Bolivia,Latin America & Caribbean,Lower middle income,La Paz,-13.9908,-66.1936,2016,6,5,1,3035.87347732132,67.392,39.69749832,68.7446327876947,3.498,91.8,21.61,11180020.0,1.9329124634839652
BOL,Bolivia,Latin America & Caribbean,Lower middle income,La Paz,-13.9908,-66.1936,2017,5,5,5,4048.40119739839,67.536,43.83229828,69.0838016274736,3.655,91.8,22.25,11344587.0,1.9612877930241093
BOL,Bolivia,Latin America & Caribbean,Lower middle income,La Paz,-13.9908,-66.1936,2018,5,5,5,4206.8552936661,67.699,44.2861422024283,69.4133879813999,3.519,92.8,22.71,11508368.0,1.9733466986804733
BOL,Bolivia,Latin America & Caribbean,Lower middle income,La Paz,-13.9908,-66.1936,2019,5,5,5,4203.15492855788,67.82,47.4748191121692,69.7334986708387,3.682,95.1,,11671386.0,
BOL,Bolivia,Latin America & Caribbean,Lower middle income,La Paz,-13.9908,-66.1936,2020,5,4,1,3580.96761778303,62.906,59.94010155,70.0442635528254,7.903,97.2,,11816299.0,
BOL,Bolivia,Latin America & Caribbean,Lower middle income,La Paz,-13.9908,-66.1936,2021,7,8,5,4010.76053686204,61.427,65.9773785,70.3450412826165,5.089,98.6,,11937360.0,
BOL,Bolivia,Latin America & Caribbean,Lower middle income,La Paz,-13.9908,-66.1936,2022,6,8,5,4219.46113742445,67.434,72.62270355,70.6352598708131,3.552,99.9,,12077154.0,
BOL,Bolivia,Latin America & Caribbean,Lower middle income,La Paz,-13.9908,-66.1936,2023,6,8,5,4274.70820547613,68.581,77.30039978,70.9151414044538,3.024,99.8,,12244159.0,
BRA,Brazil,Latin America & Caribbean,Upper middle income,Brasilia,-15.7801,-47.9292,2014,4,7,5,12274.9941630213,74.823,54.5510018796392,85.4331367898168,6.755,99.7,506.78,200085127.0,2.5328219423325753
BRA,Brazil,Latin America & Caribbean,Upper middle income,Brasilia,-15.7801,-47.9292,2015,3,6,5,8936.1955889444,75.106,58.3279517340924,85.6935697061881,8.538,99.7,479.97,201675532.0,2.379911907211431
BRA,Brazil,Latin America & Caribbean,Upper middle income,Brasilia,-15.7801,-47.9292,2016,3,6,5,8836.28546025694,75.081,60.8725400681261,85.9487048448108,11.58,99.7,441.91,203218114.0,2.174560088673985
BRA,Brazil,Latin America & Caribbean,Upper middle income,Brasilia,-15.7801,-47.9292,2017,2,6,0,10080.5078722821,75.383,67.4712845236305,86.1982897571091,12.792,99.8,449.84,204703445.0,2.1975204178903778
BRA,Brazil,Latin America & Caribbean,Upper middle income,Brasilia,-15.7801,-47.9292,2018,2,6,0,9300.66072904004,75.633,70.4342825404361,86.4420719945072,12.329,99.7,427.71,206107261.0,2.0751816210880607
BRA,Brazil,Latin America & Caribbean,Upper middle income,Brasilia,-15.7801,-47.9292,2019,2,6,0,9029.83304401079,75.809,73.9124399133589,86.6797991084296,11.936,99.8,,207455459.0,
BRA,Brazil,Latin America & Caribbean,Upper middle income,Brasilia,-15.7801,-47.9292,2020,2,5,5,7074.19407495707,74.506,81.34269353,86.9112186503004,13.697,99.7,,208660842.0,
BRA,Brazil,Latin America & Caribbean,Upper middle income,Brasilia,-15.7801,-47.9292,2021,2,5,5,7972.53696080695,73.038,80.68989314,87.1360781715439,13.158,99.5,,209550294.0,
BRA,Brazil,Latin America & Caribbean,Upper middle income,Brasilia,-15.7801,-47.9292,2022,2,6,0,9281.33282136864,74.872,80.52775094,87.349556243881,9.231,100.0,,210306415.0,
BRA,Brazil,Latin America & Caribbean,Upper middle income,Brasilia,-15.7801,-47.9292,2023,3,7,0,10377.5897719195,75.848,84.15060238,87.6159710235763,7.947,99.8,,211140729.0,
BRB,Barbados,Latin America & Caribbean,High income,Bridgetown,13.0935,-59.6105,2014,0,4,4,20192.7084081797,75.926,71.92459869,59.2410313429534,12.17,100.0,1.29,278348.0,4.634486326469024
BRB,Barbados,Latin America & Caribbean,High income,Bridgetown,13.0935,-59.6105,2015,6,11,5,20424.2087530019,76.055,72.04940033,59.2450700899645,9.803,100.0,1.29,278990.0,4.623821642352772
BRB,Barbados,Latin America & Caribbean,High income,Bridgetown,13.0935,-59.6105,2016,6,11,5,20295.5672072046,76.168,71.57299805,59.2510255301153,8.247,100.0,1.31,279598.0,4.685298178098556
BRB,Barbados,Latin America & Caribbean,High income,Bridgetown,13.0935,-59.6105,2017,6,11,5,20284.5762052461,76.237,71.14849854,59.25926986892,8.62,100.0,1.2,280171.0,4.283098536251075
BRB,Barbados,Latin America & Caribbean,High income,Bridgetown,13.0935,-59.6105,2018,6,11,5,21381.2426303209,76.378,70.72650146,59.270175311893,8.321,100.0,1.25,280711.0,4.452978330026255
BRB,Barbados,Latin America & Caribbean,High income,Bridgetown,13.0935,-59.6105,2019,6,11,5,21912.1501242857,76.495,70.30709839,59.2841140645486,8.41,100.0,,281207.0,
BRB,Barbados,Latin America & Caribbean,High income,Bridgetown,13.0935,-59.6105,2020,0,4,4,19194.4919736739,76.647,69.89009857,59.3014583324011,10.586,100.0,,281698.0,
BRB,Barbados,Latin America & Caribbean,High income,Bridgetown,13.0935,-59.6105,2021,0,4,4,21079.6145271791,76.58,69.4756012,59.3220365433819,11.015,100.0,,282147.0,
BRB,Barbados,Latin America & Caribbean,High income,Bridgetown,13.0935,-59.6105,2022,6,11,5,24387.0387293761,75.676,69.06359863,59.3538514107686,7.261,100.0,,282318.0,
BRB,Barbados,Latin America & Caribbean,High income,Bridgetown,13.0935,-59.6105,2023,6,11,5,25583.878782727,76.178,69.67510223,59.4235740235775,6.54,100.0,,282336.0,
BRN,Brunei Darussalam,East Asia & Pacific,High income,Bandar Seri Begawan,4.94199,114.946,2014,3,8,0,41026.5084247957,74.862,68.76999664,75.0572639801502,6.862,100.0,6.97,416750.0,16.724655068986202
BRN,Brunei Darussalam,East Asia & Pacific,High income,Bandar Seri Begawan,4.94199,114.946,2015,3,8,0,30625.1287744656,74.88,71.19999695,74.9484620568562,7.703,100.0,5.98,422212.0,14.163500800545698
BRN,Brunei Darussalam,East Asia & Pacific,High income,Bandar Seri Begawan,4.94199,114.946,2016,4,10,0,26663.2972950602,74.905,90.0,74.8816070556641,8.537,100.0,6.41,427564.0,14.991907644235717
BRN,Brunei Darussalam,East Asia & Pacific,High income,Bandar Seri Begawan,4.94199,114.946,2017,4,10,0,28024.3824580252,74.943,94.86669922,74.8476440654983,9.316,100.0,6.71,432772.0,15.50469993437653
BRN,Brunei Darussalam,East Asia & Pacific,High income,Bandar Seri Begawan,4.94199,114.946,2018,4,10,0,30988.1190267227,74.992,95.0,74.8172471714305,8.7,100.0,7.14,437810.0,16.308444302322926
BRN,Brunei Darussalam,East Asia & Pacific,High income,Bandar Seri Begawan,4.94199,114.946,2019,4,10,0,30426.5730656528,75.049,95.0,74.7923311783673,6.6,100.0,,442680.0,
BRN,Brunei Darussalam,East Asia & Pacific,High income,Bandar Seri Begawan,4.94199,114.946,2020,4,10,0,26834.3592233943,75.114,96.30549622,74.7748108912151,7.409,100.0,,447404.0,
BRN,Brunei Darussalam,East Asia & Pacific,High income,Bandar Seri Begawan,4.94199,114.946,2021,4,10,0,31006.9636289785,74.869,97.62879944,74.7667316936175,4.905,100.0,,451721.0,
BRN,Brunei Darussalam,East Asia & Pacific,High income,Bandar Seri Begawan,4.94199,114.946,2022,4,10,0,36632.9280952155,72.917,98.97042579,74.7772642014221,5.191,100.0,,455370.0,
BRN,Brunei Darussalam,East Asia & Pacific,High income,Bandar Seri Begawan,4.94199,114.946,2023,4,10,0,32890.5491812019,75.327,98.97039795,74.8199193881365,5.296,100.0,,458949.0,
BTN,Bhutan,South Asia,Lower middle income,Thimphu,27.5768,89.6177,2014,8,6,1,2849.49998647303,70.504,30.29999924,36.1326606084122,2.63,91.4,0.94,733139.0,1.282157953675906
BTN,Bhutan,South Asia,Lower middle income,Thimphu,27.5768,89.6177,2015,9,8,1,2954.04081911097,70.797,39.79999924,36.6983375690037,2.45,95.4,0.96,740618.0,1.2962147827895083
BTN,Bhutan,South Asia,Lower middle income,Thimphu,27.5768,89.6177,2016,9,8,1,3152.30905106786,71.119,46.50320053,37.2745234641407,2.707,99.3,1.23,747866.0,1.6446796618645587
BTN,Bhutan,South Asia,Lower middle income,Thimphu,27.5768,89.6177,2017,9,8,1,3435.28804735662,71.413,54.33549881,37.8645544995016,3.027,97.7,1.33,754335.0,1.763142370432235
BTN,Bhutan,South Asia,Lower middle income,Thimphu,27.5768,89.6177,2018,9,9,5,3400.20417245342,71.711,63.48680115,38.4661892776975,3.35,100.0,1.38,759759.0,1.8163654527290891
BTN,Bhutan,South Asia,Lower middle income,Thimphu,27.5768,89.6177,2019,9,9,5,3576.87987100503,72.005,74.17939758,39.0746823405146,2.72,100.0,,764824.0,
BTN,Bhutan,South Asia,Lower middle income,Thimphu,27.5768,89.6177,2020,9,10,5,3191.66906999331,72.253,76.85079956,39.6888839873439,5.03,100.0,,770006.0,
BTN,Bhutan,South Asia,Lower middle income,Thimphu,27.5768,89.6177,2021,9,10,5,3570.61257980872,72.448,85.63688389,40.3075199874379,4.803,100.0,,775442.0,
BTN,Bhutan,South Asia,Lower middle income,Thimphu,27.5768,89.6177,2022,9,10,5,3711.32767981591,72.754,88.35620117,40.9365143617581,5.947,100.0,,780914.0,
BTN,Bhutan,South Asia,Lower middle income,Thimphu,27.5768,89.6177,2023,9,10,5,3831.32535494609,72.975,90.02140045,41.7352457989939,3.126,100.0,,786385.0,
BWA,Botswana,Sub-Saharan Africa,Upper middle income,Gaborone,-24.6544,25.9201,2014,3,1,2,7122.36423421503,62.167,36.74474744423,65.0965122400825,18.484,60.0,7.13,2172044.0,3.2826222673205514
BWA,Botswana,Sub-Saharan Africa,Upper middle income,Gaborone,-24.6544,25.9201,2015,3,1,2,6141.20394726616,63.215,38.89379883,65.4103584313295,18.915,62.1,7.21,2203273.0,3.2724042821747465
BWA,Botswana,Sub-Saharan Africa,Upper middle income,Gaborone,-24.6544,25.9201,2016,3,1,2,6749.05994339013,64.32,41.16859818,65.6949296854899,19.328,64.2,7.12,2234776.0,3.1860016395379223
BWA,Botswana,Sub-Saharan Africa,Upper middle income,Gaborone,-24.6544,25.9201,2017,3,1,2,7104.96401088027,65.42,43.57640076,65.9456435684731,19.671,67.4,7.87,2266747.0,3.4719357740409493
BWA,Botswana,Sub-Saharan Africa,Upper middle income,Gaborone,-24.6544,25.9201,2018,3,1,2,7407.95940141786,66.371,46.12509918,66.1579176461888,19.665,68.3,8.21,2299141.0,3.570898870491197
BWA,Botswana,Sub-Saharan Africa,Upper middle income,Gaborone,-24.6544,25.9201,2019,2,1,4,7172.08956480028,67.167,48.82279968,66.3271694845464,20.094,70.1,,2332083.0,
BWA,Botswana,Sub-Saharan Africa,Upper middle income,Gaborone,-24.6544,25.9201,2020,2,1,4,6323.2974967659,67.643,51.67819977,66.4488166494554,21.017,71.8,,2365894.0,
BWA,Botswana,Sub-Saharan Africa,Upper middle income,Gaborone,-24.6544,25.9201,2021,2,0,2,7807.88794570471,63.303,54.70069885,66.5182767068255,23.106,73.7,,2401441.0,
BWA,Botswana,Sub-Saharan Africa,Upper middle income,Gaborone,-24.6544,25.9201,2022,1,0,4,8328.7090572666,68.749,57.9,66.5889787170477,23.615,75.9,,2439892.0,
CAF,Central African Republic,Sub-Saharan Africa,Low income,Bangui,5.63056,21.6407,2014,7,0,3,409.8504859647,40.265,2.700000048,39.6226521868738,5.633,12.0,0.3,4623182.0,0.06489037204245907
CAF,Central African Republic,Sub-Saharan Africa,Low income,Bangui,5.63056,21.6407,2015,7,0,3,366.322853938121,51.934,2.900000095,39.9824421267351,5.775,12.7,0.31,4629320.0,0.06696447858432772
CAF,Central African Republic,Sub-Saharan Africa,Low income,Bangui,5.63056,21.6407,2016,7,0,3,387.176203444318,50.999,3.099999905,40.3808711749566,5.793,13.4,0.31,4713663.0,0.06576626288302749
CAF,Central African Republic,Sub-Saharan Africa,Low income,Bangui,5.63056,21.6407,2017,7,0,3,432.324025684263,45.231,4.0,40.8151443386334,5.836,14.1,0.31,4793511.0,0.06467076011716673
CAF,Central African Republic,Sub-Saharan Africa,Low income,Bangui,5.63056,21.6407,2018,7,0,3,455.243962859534,52.297,5.099999905,41.2824666248606,5.825,14.6,0.33,4878657.0,0.0676415661113294
CAF,Central African Republic,Sub-Saharan Africa,Low income,Bangui,5.63056,21.6407,2019,7,0,3,449.228467602439,31.53,7.509200096,41.7800430407332,5.916,14.3,,4944703.0,
CAF,Central African Republic,Sub-Saharan Africa,Low income,Bangui,5.63056,21.6407,2022,7,0,3,467.359825026238,18.818,13.75360012,43.2751967457285,6.287,15.7,,5098039.0,
CAF,Central African Republic,Sub-Saharan Africa,Low income,Bangui,5.63056,21.6407,2023,7,0,3,495.978897288721,57.408,13.8416996,43.6983692134165,6.181,17.6,,5152421.0,
CAN,Canada,North America,High income,Ottawa,45.4215,-75.6919,2014,0,8,0,50960.8431174661,81.7843902439025,87.12000275,81.211183161556,7.023,100.0,561.83,35434066.0,15.855645807060359
CAN,Canada,North America,High income,Ottawa,45.4215,-75.6919,2015,0,8,0,43594.1941045394,81.8258536585366,90.0,81.2465670276699,6.945,100.0,558.8,35704498.0,15.650689165269878
CAN,Canada,North America,High income,Ottawa,45.4215,-75.6919,2016,0,8,0,42314.0615817218,81.94,91.16000366,81.3023011093703,7.038,100.0,550.48,36110803.0,15.244191606594846
CAN,Canada,North America,High income,Ottawa,45.4215,-75.6919,2017,0,8,0,45129.628116623,81.8078048780488,92.70140076,81.4018945832226,6.426,100.0,562.26,36545075.0,15.385383666608975
CAN,Canada,North America,High income,Ottawa,45.4215,-75.6919,2018,3,11,0,46539.1761570405,81.8036585365854,94.64,81.5500341646653,5.837,100.0,574.4,37072620.0,15.493914376701728
CAN,Canada,North America,High income,Ottawa,45.4215,-75.6919,2019,2,9,0,46352.8693445211,82.1585365853659,91.91290283,81.7363672047941,5.69,100.0,,37618495.0,
CAN,Canada,North America,High income,Ottawa,45.4215,-75.6919,2020,0,8,0,43537.839298904,81.53,92.3,81.9509888710566,9.657,100.0,,38028638.0,
CAN,Canada,North America,High income,Ottawa,45.4215,-75.6919,2021,0,8,0,52886.6616372703,81.4514634146342,93.93710327,82.1779279079275,7.527,100.0,,38239864.0,
CAN,Canada,North America,High income,Ottawa,45.4215,-75.6919,2022,2,10,0,56256.8007264015,81.0948780487805,94.0,82.3500897353968,5.279,100.0,,38935934.0,
CAN,Canada,North America,High income,Ottawa,45.4215,-75.6919,2023,2,10,0,54220.3285039875,81.6263414634146,94.14530182,82.5250564408346,5.415,100.0,,40083484.0,
CHE,Switzerland,Europe & Central Asia,High income,Bern,46.948,7.44821,2014,3,11,0,88724.9909402638,83.1975609756098,83.6172512621702,74.7402679059582,4.826,100.0,39.73,8188649.0,4.851838196996843
CHE,Switzerland,Europe & Central Asia,High income,Bern,46.948,7.44821,2015,3,11,0,83806.4476003837,82.8975609756098,87.4790555978675,75.6044960143169,4.801,100.0,39.03,8282396.0,4.712404478124446
CHE,Switzerland,Europe & Central Asia,High income,Bern,46.948,7.44821,2016,2,11,0,82153.0745447889,83.6024390243903,89.1346877351392,76.6726675773771,4.918,100.0,39.61,8373338.0,4.730490994153108
CHE,Switzerland,Europe & Central Asia,High income,Bern,46.948,7.44821,2017,2,11,0,82254.3769269767,83.5512195121951,89.6861476710225,77.9126273688843,4.797,100.0,38.62,8451840.0,4.569419203392397
CHE,Switzerland,Europe & Central Asia,High income,Bern,46.948,7.44821,2018,2,11,0,85217.3691512274,83.7536585365854,91.80000305,79.2922201625844,4.713,100.0,37.48,8514329.0,4.401991043569024
CHE,Switzerland,Europe & Central Asia,High income,Bern,46.948,7.44821,2019,2,11,0,84121.9310304414,83.9048780487805,93.1460869535177,80.7792907322229,4.394,100.0,,8575280.0,
CHE,Switzerland,Europe & Central Asia,High income,Bern,46.948,7.44821,2020,2,11,0,85897.7843338323,83.0,94.34999847,82.3416838515457,4.817,100.0,,8638167.0,
CHE,Switzerland,Europe & Central Asia,High income,Bern,46.948,7.44821,2021,2,11,0,93664.7736696111,83.7512195121951,95.56937154,84.2006477608879,5.013,100.0,,8704546.0,
CHE,Switzerland,Europe & Central Asia,High income,Bern,46.948,7.44821,2022,2,11,0,94394.5106803525,83.6048780487805,96.45279694,84.9206266284521,4.122,100.0,,8777088.0,
CHE,Switzerland,Europe & Central Asia,High income,Bern,46.948,7.44821,2023,2,11,0,100623.549627296,84.1560975609756,97.34436623,85.1854212679815,4.043,100.0,,8888822.0,
CHL,Chile,Latin America & Caribbean,High income,Santiago,-33.475,-70.6475,2014,3,7,0,14529.6767206336,79.714,61.11000061,87.3133701497978,6.761,100.0,76.39,17864195.0,4.276151262343475
CHL,Chile,Latin America & Caribbean,High income,Santiago,-33.475,-70.6475,2015,3,8,0,13433.9202987032,80.008,76.6295919508796,87.4653320342387,6.605,99.7,81.97,18047625.0,4.54187185294464
CHL,Chile,Latin America & Caribbean,High income,Santiago,-33.475,-70.6475,2016,3,8,0,13649.8520452803,80.295,83.5585860244169,87.6306290578181,6.926,100.0,86.16,18267221.0,4.716645186479104
CHL,Chile,Latin America & Caribbean,High income,Santiago,-33.475,-70.6475,2017,2,8,0,14879.9086227187,80.61,82.3274869338464,87.8000295757281,7.257,99.7,87.04,18558868.0,4.689941218397587
CHL,Chile,Latin America & Caribbean,High income,Santiago,-33.475,-70.6475,2018,2,8,0,15659.4808675628,80.559,84.90000153,87.9620493753008,7.623,100.0,86.62,18893191.0,4.584720495336124
CHL,Chile,Latin America & Caribbean,High income,Santiago,-33.475,-70.6475,2019,2,8,0,14495.716721687,80.324,85.01760101,88.1273685623538,7.493,100.0,,19197744.0,
CHL,Chile,Latin America & Caribbean,High income,Santiago,-33.475,-70.6475,2020,2,6,0,13114.815470545,79.349,87.45929718,88.2953490438375,10.934,100.0,,19370624.0,
CHL,Chile,Latin America & Caribbean,High income,Santiago,-33.475,-70.6475,2021,2,7,0,16206.8325493421,78.876,90.23280334,88.4660511664452,9.281,100.0,,19456334.0,
CHL,Chile,Latin America & Caribbean,High income,Santiago,-33.475,-70.6475,2022,2,8,0,15405.6165774073,79.176,92.31819916,88.6395352768685,8.249,100.0,,19553036.0,
CHL,Chile,Latin America & Caribbean,High income,Santiago,-33.475,-70.6475,2023,2,8,0,17067.0364799154,81.167,94.45742345,88.8158617217972,9.013,100.0,,19658835.0,
CHN,China,East Asia & Pacific,Upper middle income,Beijing,40.0495,116.286,2014,5,6,5,7781.06597484974,76.714,47.90000153,55.7502555847168,4.63,100.0,9894.94,1371860000.0,7.212791392707711
CHN,China,East Asia & Pacific,Upper middle income,Beijing,40.0495,116.286,2015,5,6,5,8175.33285077393,76.975,50.29999924,57.3297843933105,4.65,100.0,9830.43,1379860000.0,7.124222747235227
CHN,China,East Asia & Pacific,Upper middle income,Beijing,40.0495,116.286,2016,5,6,5,8254.86859320357,77.214,53.2,58.8399238586426,4.56,100.0,9814.31,1387790000.0,7.071898486082188
CHN,China,East Asia & Pacific,Upper middle income,Beijing,40.0495,116.286,2017,5,6,5,8979.67652709856,77.235,54.3,60.2402687072754,4.47,100.0,10017.77,1396215000.0,7.174947984372034
CHN,China,East Asia & Pacific,Upper middle income,Beijing,40.0495,116.286,2018,7,11,5,10085.6638148819,77.709,65.35839844,61.5001983642578,4.31,100.0,10313.46,1402760000.0,7.352262682140922
CHN,China,East Asia & Pacific,Upper middle income,Beijing,40.0495,116.286,2019,7,11,5,10342.9009524335,77.94,64.080881297515,62.7099151611328,4.56,100.0,,1407745000.0,
CHN,China,East Asia & Pacific,Upper middle income,Beijing,40.0495,116.286,2020,7,11,5,10627.4637989619,78.019,70.05275998,63.5234230266258,5.0,100.0,,1411100000.0,
CHN,China,East Asia & Pacific,Upper middle income,Beijing,40.0495,116.286,2021,6,11,5,12887.4357242941,78.117,73.05323517,64.721076965332,4.55,100.0,,1412360000.0,
CHN,China,East Asia & Pacific,Upper middle income,Beijing,40.0495,116.286,2022,6,11,5,12970.6056414327,78.202,75.61131603,65.2176361083984,4.98,100.0,,1412175000.0,
CHN,China,East Asia & Pacific,Upper middle income,Beijing,40.0495,116.286,2023,5,10,0,12951.1782397043,77.953,90.6,65.5301448035523,4.67,100.0,,1410710000.0,
CIV,Cote d'Ivoire,Sub-Saharan Africa,Lower middle income,Yamoussoukro,5.332,-4.0305,2014,7,3,3,1991.36539423404,57.772,10.0,49.0173144557368,3.274,61.9,8.96,24527395.0,0.36530581417227553
CIV,Cote d'Ivoire,Sub-Saharan Africa,Lower middle income,Yamoussoukro,5.332,-4.0305,2015,6,3,1,1814.71855088017,58.281,38.4400001654616,49.4694894689553,2.573,62.6,9.56,25246342.0,0.37866871961094406
CIV,Cote d'Ivoire,Sub-Saharan Africa,Lower middle income,Yamoussoukro,5.332,-4.0305,2016,6,3,1,1862.59597081287,58.814,41.2078149304414,49.929991034032,1.896,64.3,9.32,25989405.0,0.35860767108750663
CIV,Cote d'Ivoire,Sub-Saharan Africa,Lower middle income,Yamoussoukro,5.332,-4.0305,2017,6,3,1,1964.29930338343,59.315,43.8399208514876,50.3977309654344,3.272,65.6,10.38,26733372.0,0.38827874014546315
CIV,Cote d'Ivoire,Sub-Saharan Africa,Lower middle income,Yamoussoukro,5.332,-4.0305,2018,6,3,1,2130.86619381144,59.795,37.5465361301281,50.8718477756395,2.852,67.1,9.91,27464173.0,0.36083373054779405
CIV,Cote d'Ivoire,Sub-Saharan Africa,Lower middle income,Yamoussoukro,5.332,-4.0305,2019,6,3,1,2141.76836170115,60.274,36.2889545655205,51.3514799771241,2.401,68.6,,28193009.0,
CIV,Cote d'Ivoire,Sub-Saharan Africa,Lower middle income,Yamoussoukro,5.332,-4.0305,2020,6,3,1,2179.72934832935,60.14,36.01660156,51.8357660823651,2.588,69.9,,28915449.0,
CIV,Cote d'Ivoire,Sub-Saharan Africa,Lower middle income,Yamoussoukro,5.332,-4.0305,2021,6,3,1,2455.98127641148,60.29,35.95069885,52.3183461956059,2.623,71.1,,29639736.0,
CIV,Cote d'Ivoire,Sub-Saharan Africa,Lower middle income,Yamoussoukro,5.332,-4.0305,2022,6,3,1,2333.37128301259,61.562,38.41328122,52.8492549676673,2.31,72.0,,30395002.0,
CIV,Cote d'Ivoire,Sub-Saharan Africa,Lower middle income,Yamoussoukro,5.332,-4.0305,2023,6,4,1,2591.9659048119,61.944,40.65284979,53.4075201638704,2.263,72.4,,31165654.0,
CMR,Cameroon,Sub-Saharan Africa,Lower middle income,Yaounde,3.8721,11.5174,2014,7,3,3,1649.4433905949,59.13,16.2148722257524,52.2993944376709,3.534,56.8,7.75,22059893.0,0.3513163005822376
CMR,Cameroon,Sub-Saharan Africa,Lower middle income,Yaounde,3.8721,11.5174,2015,7,3,3,1415.00009710569,59.687,18.29999924,52.6440863142742,3.518,58.6,8.01,22763414.0,0.3518804341036015
CMR,Cameroon,Sub-Saharan Africa,Lower middle income,Yaounde,3.8721,11.5174,2016,7,3,3,1441.7201725688,60.293,20.60000038,52.9815033836792,3.529,59.8,8.55,23454161.0,0.36454085908253125
CMR,Cameroon,Sub-Saharan Africa,Lower middle income,Yaounde,3.8721,11.5174,2017,6,3,1,1496.08951771242,60.817,23.2029719748646,53.3115142121504,3.573,60.9,8.32,24128601.0,0.34481899717269143
CMR,Cameroon,Sub-Saharan Africa,Lower middle income,Yaounde,3.8721,11.5174,2018,6,3,1,1610.69641591017,61.189,29.70000076,53.6339873660653,3.608,62.2,8.62,24806383.0,0.34749120821040297
CMR,Cameroon,Sub-Saharan Africa,Lower middle income,Yaounde,3.8721,11.5174,2019,6,3,1,1555.22660476477,61.695,36.53919983,53.9487914119331,3.632,63.2,,25506095.0,
CMR,Cameroon,Sub-Saharan Africa,Lower middle income,Yaounde,3.8721,11.5174,2020,6,3,1,1555.60370660749,61.674,37.69749832,54.2557949164174,3.881,64.3,,26210558.0,
CMR,Cameroon,Sub-Saharan Africa,Lower middle income,Yaounde,3.8721,11.5174,2021,6,3,1,1672.32657340872,61.146,38.89260101,54.5548664463635,3.976,65.4,,26915758.0,
CMR,Cameroon,Sub-Saharan Africa,Lower middle income,Yaounde,3.8721,11.5174,2022,6,3,1,1604.87726954895,62.443,40.12559891,54.8458745688318,3.646,71.0,,27632771.0,
CMR,Cameroon,Sub-Saharan Africa,Lower middle income,Yaounde,3.8721,11.5174,2023,6,4,1,1720.47510154506,63.7,42.24380112,55.1286878511388,3.607,72.0,,28372687.0,
COD,"Congo, Dem. Rep.",Sub-Saharan Africa,Low income,Kinshasa,-4.325,15.3222,2014,8,0,3,489.175952097319,58.236,3.0,40.9563873534225,4.436,13.5,4.79,78403242.0,0.06109441239687512
COD,"Congo, Dem. Rep.",Sub-Saharan Africa,Low income,Kinshasa,-4.325,15.3222,2015,8,0,3,495.826633014883,58.658,3.799999952,41.3435764444694,4.441,16.6,2.89,81035531.0,0.03566336845500525
COD,"Congo, Dem. Rep.",Sub-Saharan Africa,Low income,Kinshasa,-4.325,15.3222,2016,7,1,3,459.765036590388,59.081,10.1,41.7290483782911,4.528,17.3,2.06,83956415.0,0.024536540775353496
COD,"Congo, Dem. Rep.",Sub-Saharan Africa,Low income,Kinshasa,-4.325,15.3222,2018,7,1,3,518.169626875371,59.926,11.69999981,42.4946599159958,4.632,18.7,2.2,90047644.0,0.024431510945472378
COD,"Congo, Dem. Rep.",Sub-Saharan Africa,Low income,Kinshasa,-4.325,15.3222,2019,7,1,3,504.00419142286,60.242,13.02970028,42.8747090907476,4.605,19.1,,92947442.0,
COD,"Congo, Dem. Rep.",Sub-Saharan Africa,Low income,Kinshasa,-4.325,15.3222,2020,7,1,3,486.425572682256,60.428,14.51049995,43.2528602500115,5.355,20.1,,95989998.0,
COD,"Congo, Dem. Rep.",Sub-Saharan Africa,Low income,Kinshasa,-4.325,15.3222,2021,7,1,3,595.743074403567,60.044,16.1595993,43.6290681792218,5.289,20.8,,99148932.0,
COD,"Congo, Dem. Rep.",Sub-Saharan Africa,Low income,Kinshasa,-4.325,15.3222,2022,7,1,3,687.738587554685,60.979,17.99620056,44.003287663813,4.54,21.5,,102396968.0,
COD,"Congo, Dem. Rep.",Sub-Saharan Africa,Low income,Kinshasa,-4.325,15.3222,2023,7,1,3,660.21205238997,61.895,18.96789932,44.3754734892194,4.469,22.1,,105789731.0,
COG,"Congo, Rep.",Sub-Saharan Africa,Lower middle income,Brazzaville,-4.2767,15.2662,2014,4,0,2,3601.2365808718,63.349,7.110000134,63.0075415618859,19.696,43.4,4.08,4975880.0,0.8199554651639509
COG,"Congo, Rep.",Sub-Saharan Africa,Lower middle income,Brazzaville,-4.2767,15.2662,2015,4,0,2,2439.35189403696,63.662,7.616000175,63.135592763847,20.02,44.3,3.44,5097581.0,0.6748298849983944
COG,"Congo, Rep.",Sub-Saharan Africa,Lower middle income,Brazzaville,-4.2767,15.2662,2016,4,0,2,2093.10728558843,63.911,8.121899605,63.2515316469123,20.298,45.3,3.35,5222536.0,0.6414508200613648
COG,"Congo, Rep.",Sub-Saharan Africa,Lower middle income,Brazzaville,-4.2767,15.2662,2017,4,0,2,2211.63309874797,64.203,8.649999619,63.3544545340423,20.737,46.2,3.22,5351011.0,0.601755443971242
COG,"Congo, Rep.",Sub-Saharan Africa,Lower middle income,Brazzaville,-4.2767,15.2662,2018,4,0,2,2694.43413191427,64.472,11.8071003,63.4434577481975,20.84,47.0,3.22,5483118.0,0.5872571044431288
COG,"Congo, Rep.",Sub-Saharan Africa,Lower middle income,Brazzaville,-4.2767,15.2662,2019,4,0,2,2488.42466724916,63.152,16.11639977,63.5176376123385,20.494,47.7,,5616661.0,
COG,"Congo, Rep.",Sub-Saharan Africa,Lower middle income,Brazzaville,-4.2767,15.2662,2020,3,0,2,1993.586671931,64.391,21.99850082,63.5760904494257,22.286,48.7,,5752791.0,
COG,"Congo, Rep.",Sub-Saharan Africa,Lower middle income,Brazzaville,-4.2767,15.2662,2021,3,0,2,2516.16255145432,64.192,30.02739906,63.6179125824196,21.998,49.7,,5892183.0,
COG,"Congo, Rep.",Sub-Saharan Africa,Lower middle income,Brazzaville,-4.2767,15.2662,2022,3,0,2,2620.83804267402,65.0,40.98669815,63.6422003342807,20.131,50.6,,6035104.0,
COG,"Congo, Rep.",Sub-Saharan Africa,Lower middle income,Brazzaville,-4.2767,15.2662,2023,3,1,2,2477.97845544866,65.772,43.15039825,63.6626757615625,19.919,51.3,,6182885.0,
COL,Colombia,Latin America & Caribbean,Upper middle income,Bogota,4.60987,-74.082,2014,4,6,5,8187.20824890084,75.95,52.568136539247,77.1058449419909,8.799,97.8,79.82,46565429.0,1.7141472056447713
COL,Colombia,Latin America & Caribbean,Upper middle income,Bogota,4.60987,-74.082,2015,4,6,5,6248.51490534512,76.067,55.9049725142924,77.1636280538646,8.572,98.2,81.03,46969940.0,1.725145912470827
COL,Colombia,Latin America & Caribbean,Upper middle income,Bogota,4.60987,-74.082,2016,3,5,5,5959.84250367574,76.228,58.1364935728703,77.2036266362166,8.922,98.4,83.76,47437512.0,1.7656912529476672
COL,Colombia,Latin America & Caribbean,Upper middle income,Bogota,4.60987,-74.082,2017,3,6,5,6479.53231292429,76.418,62.2598803162841,77.2245191706503,9.086,98.5,76.06,48131078.0,1.5802679507822368
COL,Colombia,Latin America & Caribbean,Upper middle income,Bogota,4.60987,-74.082,2018,3,6,5,6816.96818309544,76.579,64.1263768204459,77.2804816598084,9.36,98.5,79.49,49024465.0,1.6214353384580535
COL,Colombia,Latin America & Caribbean,Upper middle income,Bogota,4.60987,-74.082,2019,3,5,5,6472.54544924705,76.793,65.0069007159493,77.4595528518377,10.28,99.4,,49907985.0,
COL,Colombia,Latin America & Caribbean,Upper middle income,Bogota,4.60987,-74.082,2020,1,4,4,5339.68711357943,74.757,69.79533474,77.6382533537045,15.983,99.7,,50629997.0,
COL,Colombia,Latin America & Caribbean,Upper middle income,Bogota,4.60987,-74.082,2021,2,5,5,6222.62164397614,72.698,73.02837449,77.8339570326128,13.898,100.0,,51188173.0,
COL,Colombia,Latin America & Caribbean,Upper middle income,Bogota,4.60987,-74.082,2022,2,5,5,6680.44506854481,76.508,72.79637855,78.0464633137335,10.541,100.0,,51737944.0,
COL,Colombia,Latin America & Caribbean,Upper middle income,Bogota,4.60987,-74.082,2023,2,5,5,7000.83660501046,77.725,77.33686322,78.275571579544,9.591,98.7,,52321152.0,
COM,Comoros,Sub-Saharan Africa,Lower middle income,Moroni,-11.6986,43.2418,2014,9,4,3,1615.71723662012,64.143,6.980000019,30.0302906552932,3.984,71.8,0.16,711503.0,0.2248760722020849
COM,Comoros,Sub-Saharan Africa,Lower middle income,Moroni,-11.6986,43.2418,2015,9,4,3,1329.37048235986,64.473,7.459199905,30.3732008585112,4.031,74.1,0.18,726682.0,0.24770119529587908
COM,Comoros,Sub-Saharan Africa,Lower middle income,Moroni,-11.6986,43.2418,2016,9,4,3,1365.48403444497,64.792,7.938300133,30.7305018169792,4.117,76.4,0.2,741741.0,0.2696358971662615
COM,Comoros,Sub-Saharan Africa,Lower middle income,Moroni,-11.6986,43.2418,2017,9,4,3,1423.9248027797,65.127,8.478199959,31.0996559689293,4.049,78.7,0.25,756669.0,0.33039545693030903
COM,Comoros,Sub-Saharan Africa,Lower middle income,Moroni,-11.6986,43.2418,2019,9,4,3,1510.23218151592,65.662,16.38380051,31.7287584068243,3.926,83.3,,786578.0,
COM,Comoros,Sub-Saharan Africa,Lower middle income,Moroni,-11.6986,43.2418,2020,8,5,1,1519.34665556206,65.756,22.42040062,32.0638072194881,4.468,85.6,,802163.0,
COM,Comoros,Sub-Saharan Africa,Lower middle income,Moroni,-11.6986,43.2418,2021,8,5,1,1554.97289190153,65.201,30.68120003,32.4124444313246,4.394,87.9,,818174.0,
COM,Comoros,Sub-Saharan Africa,Lower middle income,Moroni,-11.6986,43.2418,2022,8,5,1,1465.479642862,66.481,31.37409973,32.7746035528748,3.879,89.9,,834188.0,
COM,Comoros,Sub-Saharan Africa,Lower middle income,Moroni,-11.6986,43.2418,2023,8,5,1,1560.27378476855,66.777,31.92749977,33.1502180946901,3.833,89.8,,850387.0,
CPV,Cabo Verde,Sub-Saharan Africa,Upper middle income,Praia,14.9218,-23.5087,2014,3,3,4,3985.60706548134,73.788,40.25999832,65.8085112712742,11.689,85.3,0.5,512326.0,0.9759411000027326
CPV,Cabo Verde,Sub-Saharan Africa,Upper middle income,Praia,14.9218,-23.5087,2015,3,3,4,3415.06266730931,74.096,42.6830141582781,66.9045094767116,11.923,86.4,0.5,512394.0,0.9758115824931596
CPV,Cabo Verde,Sub-Saharan Africa,Upper middle income,Praia,14.9218,-23.5087,2016,3,3,4,3608.96605234906,74.35,50.3228178676892,68.0354078358316,12.085,87.5,0.55,512554.0,1.073057668070096
CPV,Cabo Verde,Sub-Saharan Africa,Upper middle income,Praia,14.9218,-23.5087,2017,3,4,5,3893.09571382506,74.71,57.1621463484891,69.1999988159713,12.24,88.6,0.59,512893.0,1.150337399808537
CPV,Cabo Verde,Sub-Saharan Africa,Upper middle income,Praia,14.9218,-23.5087,2018,3,4,5,4294.96510035729,74.84,59.5,70.3970748844677,12.17,90.2,0.62,513415.0,1.2076000895961356
CPV,Cabo Verde,Sub-Saharan Africa,Upper middle income,Praia,14.9218,-23.5087,2019,3,4,5,4380.78117331128,75.449,61.9433977593088,71.6254285086577,12.123,91.4,,514104.0,
CPV,Cabo Verde,Sub-Saharan Africa,Upper middle income,Praia,14.9218,-23.5087,2020,2,4,4,3539.22661248299,73.818,69.37339783,72.8838521558784,14.65,93.7,,514679.0,
CPV,Cabo Verde,Sub-Saharan Africa,Upper middle income,Praia,14.9218,-23.5087,2021,2,4,4,3971.44409203423,74.424,70.28250122,74.1607930892827,13.932,95.5,,516649.0,
CPV,Cabo Verde,Sub-Saharan Africa,Upper middle income,Praia,14.9218,-23.5087,2022,2,5,5,4323.31362032709,75.907,73.32740021,75.033738060849,12.239,97.1,,519741.0,
CPV,Cabo Verde,Sub-Saharan Africa,Upper middle income,Praia,14.9218,-23.5087,2023,2,5,5,4794.90121917259,76.059,74.59919739,75.9064245753376,11.882,98.6,,522331.0,
CRI,Costa Rica,Latin America & Caribbean,High income,San Jose,9.63701,-84.0089,2014,3,6,5,10911.497878334,80.231,53.0,74.4866963181212,8.499,99.4,7.83,4767119.0,1.6425014773073632
CRI,Costa Rica,Latin America & Caribbean,High income,San Jose,9.63701,-84.0089,2015,3,6,5,11714.7105980732,80.407,59.7629501371681,75.0198195767549,8.415,99.4,7.54,4818038.0,1.5649523727293142
CRI,Costa Rica,Latin America & Caribbean,High income,San Jose,9.63701,-84.0089,2016,3,7,0,12091.0301606154,79.988,65.8804491942718,75.5423088085047,8.085,99.5,8.08,4866998.0,1.660160945206881
CRI,Costa Rica,Latin America & Caribbean,High income,San Jose,9.63701,-84.0089,2017,3,7,0,12317.0902771304,79.994,71.5816646195022,76.0539254265608,7.729,99.6,8.18,4913177.0,1.66491050495433
CRI,Costa Rica,Latin America & Caribbean,High income,San Jose,9.63701,-84.0089,2018,2,6,0,12590.2493781614,80.09,73.4797284369906,76.5544308439668,9.01,99.7,8.26,4957818.0,1.6660555107105586
CRI,Costa Rica,Latin America & Caribbean,High income,San Jose,9.63701,-84.0089,2019,1,5,0,12884.6859951989,80.296,81.2025964435269,77.0435864735963,10.807,99.7,,4999553.0,
CRI,Costa Rica,Latin America & Caribbean,High income,San Jose,9.63701,-84.0089,2020,0,5,0,12394.0493969492,79.725,80.53018608,77.5211537281257,16.432,99.9,,5034320.0,
CRI,Costa Rica,Latin America & Caribbean,High income,San Jose,9.63701,-84.0089,2021,1,5,0,12838.1185358931,78.05,82.74901607,77.9868940200009,15.139,100.0,,5059988.0,
CRI,Costa Rica,Latin America & Caribbean,High income,San Jose,9.63701,-84.0089,2022,1,5,0,13625.9008491328,79.316,82.59801121,78.4405687613972,11.325,100.0,,5081765.0,
CRI,Costa Rica,Latin America & Caribbean,High income,San Jose,9.63701,-84.0089,2023,2,8,0,16942.0268119375,80.799,85.39514799,78.8819393641702,8.325,100.0,,5105525.0,
CUB,Cuba,Latin America & Caribbean,Upper middle income,Havana,23.1333,-82.3667,2014,5,6,5,7146.70459051328,77.825,29.0701843656523,76.8442459106445,2.7,98.7,26.88,11285775.0,2.3817593386364693
CUB,Cuba,Latin America & Caribbean,Upper middle income,Havana,23.1333,-82.3667,2015,5,6,5,7727.91997207998,77.745,37.3050974155373,76.8702850341797,2.4,99.0,27.49,11275065.0,2.438123416583408
CUB,Cuba,Latin America & Caribbean,Upper middle income,Havana,23.1333,-82.3667,2016,5,6,5,8110.55874283616,77.571,42.9786751910106,76.9115829467773,2.0,99.2,28.45,11265612.0,2.5253843288762297
CUB,Cuba,Latin America & Caribbean,Upper middle income,Havana,23.1333,-82.3667,2017,5,7,5,8610.60829605429,77.3,57.1484043170788,76.9603271484375,1.7,99.4,25.65,11247829.0,2.2804400742578856
CUB,Cuba,Latin America & Caribbean,Upper middle income,Havana,23.1333,-82.3667,2018,5,7,5,8911.46205998726,77.426,62.6789236230601,77.0156326293945,1.7,99.6,24.97,11227118.0,2.2240792338692796
CUB,Cuba,Latin America & Caribbean,Upper middle income,Havana,23.1333,-82.3667,2019,4,8,5,9232.26115935183,77.413,67.9708086565152,77.0728225708008,1.705,99.8,,11202846.0,
CUB,Cuba,Latin America & Caribbean,Upper middle income,Havana,23.1333,-82.3667,2020,4,8,5,9605.27914559614,77.407,71.11907507,77.1080322265625,2.233,99.9,,11176354.0,
CYP,Cyprus,Europe & Central Asia,High income,Nicosia,35.1676,33.3736,2014,0,5,0,26993.103515625,81.337,69.3286967086473,67.1230558819804,16.277,100.0,6.75,1201801.0,5.61657046382887
CYP,Cyprus,Europe & Central Asia,High income,Nicosia,35.1676,33.3736,2015,0,5,0,23088.44140625,81.464,71.7157409175171,67.0402477918073,15.026,100.0,6.78,1219502.0,5.559646478644561
CYP,Cyprus,Europe & Central Asia,High income,Nicosia,35.1676,33.3736,2016,0,5,0,24280.056640625,81.534,75.9002054030125,66.9625604106231,13.006,100.0,7.15,1237112.0,5.779589883535201
CYP,Cyprus,Europe & Central Asia,High income,Nicosia,35.1676,33.3736,2017,0,5,0,26247.44921875,81.543,80.743188971932,66.8907450570326,11.155,100.0,7.3,1254275.0,5.820095274162365
CYP,Cyprus,Europe & Central Asia,High income,Nicosia,35.1676,33.3736,2018,4,11,0,29120.375,81.556,84.4335825186889,66.8255530496405,8.504,100.0,7.23,1270737.0,5.689611619084044
CYP,Cyprus,Europe & Central Asia,High income,Nicosia,35.1676,33.3736,2019,4,11,0,29227.173828125,81.454,86.0636299618935,66.7677357070518,7.155,100.0,,1286671.0,
CYP,Cyprus,Europe & Central Asia,High income,Nicosia,35.1676,33.3736,2020,4,11,0,28130.341796875,81.23,90.80194644,66.7180443478713,7.755,100.0,,1302247.0,
CYP,Cyprus,Europe & Central Asia,High income,Nicosia,35.1676,33.3736,2021,4,11,0,32937.83984375,80.573,90.75951564,66.6718365394971,7.513,100.0,,1317309.0,
CYP,Cyprus,Europe & Central Asia,High income,Nicosia,35.1676,33.3736,2022,4,11,0,33231.04296875,80.434,89.60099194,66.6694829407584,6.806,100.0,,1331370.0,
CYP,Cyprus,Europe & Central Asia,High income,Nicosia,35.1676,33.3736,2023,4,11,0,36623.69140625,81.648,91.22110357,66.6739477522639,5.835,100.0,,1344976.0,
CZE,Czechia,Europe & Central Asia,High income,Prague,50.0878,14.4205,2014,4,9,0,20038.4163180257,78.8243902439024,74.2317116367383,73.0995921041469,6.108,100.0,99.75,10525347.0,9.477122226944157
CZE,Czechia,Europe & Central Asia,High income,Prague,50.0878,14.4205,2015,4,9,0,17931.5987670768,78.5780487804878,75.668838699279,73.0370442874355,5.048,100.0,100.98,10546059.0,9.575140818006044
CZE,Czechia,Europe & Central Asia,High income,Prague,50.0878,14.4205,2016,4,9,0,18753.9686718096,79.0268292682927,76.4811986951838,72.9745753395623,3.952,100.0,102.86,10566332.0,9.734693174509376
CZE,Czechia,Europe & Central Asia,High income,Prague,50.0878,14.4205,2017,4,9,0,20913.197632212,78.9780487804878,78.7191728513432,72.9121853567256,2.893,100.0,103.42,10594438.0,9.76172591693868
CZE,Czechia,Europe & Central Asia,High income,Prague,50.0878,14.4205,2018,3,9,0,23705.9329811299,79.0292682926829,80.6881675434288,72.8498744351241,2.246,100.0,102.48,10629928.0,9.640704998190015
CZE,Czechia,Europe & Central Asia,High income,Prague,50.0878,14.4205,2019,3,9,0,24062.7190013343,79.2292682926829,80.8669444139622,72.7876426709563,2.015,100.0,,10671870.0,
CZE,Czechia,Europe & Central Asia,High income,Prague,50.0878,14.4205,2020,4,9,0,23472.8915454417,78.2268292682927,81.33889705,72.7254901604208,2.55,100.0,,10697858.0,
CZE,Czechia,Europe & Central Asia,High income,Prague,50.0878,14.4205,2021,3,9,0,27696.4619527544,77.2219512195122,82.67062427,72.6810594374316,2.803,100.0,,10505772.0,
CZE,Czechia,Europe & Central Asia,High income,Prague,50.0878,14.4205,2022,3,9,0,28282.2236715857,78.9292682926829,84.54009378,72.6967638379524,2.224,100.0,,10672118.0,
CZE,Czechia,Europe & Central Asia,High income,Prague,50.0878,14.4205,2023,3,10,0,31761.5944102491,79.8268292682927,85.99404818,72.7352388396817,2.579,100.0,,10864042.0,
DEU,Germany,Europe & Central Asia,High income,Berlin,52.5235,13.4115,2014,2,9,0,48959.5991203133,81.090243902439,86.1937006578756,80.57574023743,4.979,100.0,737.49,80982500.0,9.106782329515637
DEU,Germany,Europe & Central Asia,High income,Berlin,52.5235,13.4115,2015,2,9,0,41929.7549110722,80.6414634146341,87.5897993525767,80.6974371632814,4.612,100.0,742.31,81686611.0,9.087290939270328
DEU,Germany,Europe & Central Asia,High income,Berlin,52.5235,13.4115,2016,2,9,0,42948.9381932694,80.990243902439,84.1652066441212,80.8347870684725,4.104,100.0,747.15,82348669.0,9.073006389453605
DEU,Germany,Europe & Central Asia,High income,Berlin,52.5235,13.4115,2017,2,10,0,45553.9341495339,80.9926829268293,84.3941537010844,80.9842544038853,3.781,100.0,732.2,82657002.0,8.858293699062543
DEU,Germany,Europe & Central Asia,High income,Berlin,52.5235,13.4115,2018,2,10,0,48916.1686612154,80.8926829268293,87.037112092841,81.1423036204018,3.384,100.0,709.54,82905782.0,8.558389811702156
DEU,Germany,Europe & Central Asia,High income,Berlin,52.5235,13.4115,2019,2,10,0,47656.199739747,81.2926829268293,88.1345169091916,81.3053991689039,3.163,100.0,,83092962.0,
DEU,Germany,Europe & Central Asia,High income,Berlin,52.5235,13.4115,2020,2,10,0,47394.8734504469,81.0414634146342,89.81294133,81.4700055002738,3.881,100.0,,83160871.0,
DEU,Germany,Europe & Central Asia,High income,Berlin,52.5235,13.4115,2021,2,10,0,52349.2459994422,80.790243902439,91.43060973,81.6325870653934,3.594,100.0,,83196078.0,
DEU,Germany,Europe & Central Asia,High income,Berlin,52.5235,13.4115,2022,2,10,0,50506.5179638543,80.6080487804878,91.62984383,81.7867852780995,3.137,100.0,,83177813.0,
DEU,Germany,Europe & Central Asia,High income,Berlin,52.5235,13.4115,2023,2,10,0,54776.7668235491,81.0414634146342,92.4763763,81.9034366692129,3.071,100.0,,83287273.0,
DJI,Djibouti,"Middle East, North Africa, Afghanistan & Pakistan",Lower middle income,Djibouti,11.5806,43.1425,2014,3,0,2,2214.62084142432,62.427,17.0,70.8899032189478,26.16,58.9,0.46,1002717.0,0.45875356655965743
DJI,Djibouti,"Middle East, North Africa, Afghanistan & Pakistan",Lower middle income,Djibouti,11.5806,43.1425,2015,3,0,2,2376.12554719873,62.833,22.89999962,71.0068853915837,26.063,59.1,0.54,1020313.0,0.529249357795108
DJI,Djibouti,"Middle East, North Africa, Afghanistan & Pakistan",Lower middle income,Djibouti,11.5806,43.1425,2016,3,0,2,2510.4300076241,63.335,30.79999924,71.1492236341041,25.982,59.8,0.49,1037653.0,0.472219518471011
DJI,Djibouti,"Middle East, North Africa, Afghanistan & Pakistan",Lower middle income,Djibouti,11.5806,43.1425,2017,2,0,2,2618.95521147369,63.71,55.6814092453962,71.318261933957,26.064,60.2,0.47,1054841.0,0.44556478180123826
DJI,Djibouti,"Middle East, North Africa, Afghanistan & Pakistan",Lower middle income,Djibouti,11.5806,43.1425,2018,2,0,2,2718.08338799203,64.105,57.06169891,71.5153442785902,26.18,62.4,0.49,1071882.0,0.4571398717396131
DJI,Djibouti,"Middle East, North Africa, Afghanistan & Pakistan",Lower middle income,Djibouti,11.5806,43.1425,2019,2,0,2,2837.16902340932,64.381,58.4762001,71.7418146554518,26.257,64.7,,1088709.0,
DJI,Djibouti,"Middle East, North Africa, Afghanistan & Pakistan",Lower middle income,Djibouti,11.5806,43.1425,2020,2,0,2,2844.88810647853,64.2,59.92570114,71.9990170519895,27.701,64.5,,1105188.0,
DJI,Djibouti,"Middle East, North Africa, Afghanistan & Pakistan",Lower middle income,Djibouti,11.5806,43.1425,2021,2,0,2,3025.91126413549,63.83,61.41120148,72.2882954556515,27.628,65.4,,1121248.0,
DJI,Djibouti,"Middle East, North Africa, Afghanistan & Pakistan",Lower middle income,Djibouti,11.5806,43.1425,2022,2,0,2,3133.25779772463,65.54,63.77600098,72.6109938538856,26.272,65.0,,1137096.0,
DJI,Djibouti,"Middle East, North Africa, Afghanistan & Pakistan",Lower middle income,Djibouti,11.5806,43.1425,2023,2,0,2,3381.29779710722,65.987,64.75869751,72.8408245988921,26.074,65.2,,1152944.0,
DNK,Denmark,Europe & Central Asia,High income,Copenhagen,55.6763,12.5681,2014,0,8,0,62520.4509747011,80.7,95.9935053764454,87.6823985731907,6.925,100.0,35.76,5643475.0,6.336521380886777
DNK,Denmark,Europe & Central Asia,High income,Copenhagen,55.6763,12.5681,2015,1,9,0,53094.0133607574,80.7024390243902,96.3305016195436,87.7254056577329,6.278,100.0,33.6,5683483.0,5.911867775446852
DNK,Denmark,Europe & Central Asia,High income,Copenhagen,55.6763,12.5681,2016,1,9,0,54500.9260410217,80.8536585365854,96.9677852516645,87.6999969482422,5.989,100.0,35.38,5728010.0,6.1766651943694235
DNK,Denmark,Europe & Central Asia,High income,Copenhagen,55.6763,12.5681,2017,1,9,0,57521.5514992225,81.1024390243903,97.0993621555621,88.0161943799509,5.833,100.0,33.33,5764980.0,5.7814597795655835
DNK,Denmark,Europe & Central Asia,High income,Copenhagen,55.6763,12.5681,2018,1,9,0,61324.7665045565,80.9536585365854,97.3192043651002,88.1059762310689,5.131,100.0,33.38,5793636.0,5.761494163596057
DNK,Denmark,Europe & Central Asia,High income,Copenhagen,55.6763,12.5681,2019,1,9,0,59404.2663247723,81.4512195121951,98.0464347521549,88.2096490810669,5.018,100.0,,5814422.0,
DNK,Denmark,Europe & Central Asia,High income,Copenhagen,55.6763,12.5681,2020,1,9,0,60985.4885601514,81.6024390243903,96.54914573,88.2394485473632,5.644,100.0,,5831404.0,
DNK,Denmark,Europe & Central Asia,High income,Copenhagen,55.6763,12.5681,2021,0,9,0,69340.7334922138,81.4048780487805,98.8658506,88.2616449318149,5.065,100.0,,5856733.0,
DNK,Denmark,Europe & Central Asia,High income,Copenhagen,55.6763,12.5681,2022,0,9,0,67781.0940939514,81.3048780487805,97.86011812,88.3880239837703,4.434,100.0,,5903037.0,
DNK,Denmark,Europe & Central Asia,High income,Copenhagen,55.6763,12.5681,2023,0,9,0,68043.5466971243,81.7536585365854,98.77559197,88.552638542867,5.094,100.0,,5946952.0,
DOM,Dominican Republic,Latin America & Caribbean,Upper middle income,Santo Domingo,18.479,-69.8908,2014,4,6,5,6496.45166971142,73.145,49.58000183,74.1931533822153,6.719,98.5,21.32,10315528.0,2.066787080603145
DOM,Dominican Republic,Latin America & Caribbean,Upper middle income,Santo Domingo,18.479,-69.8908,2015,4,6,5,6800.95309395474,72.982,54.2157663369785,74.1372305958285,7.605,98.6,23.45,10434829.0,2.247281675626884
DOM,Dominican Republic,Latin America & Caribbean,Upper middle income,Santo Domingo,18.479,-69.8908,2016,4,6,5,7160.44200982307,72.889,63.8708647408206,74.0506780735522,7.284,98.9,24.46,10551430.0,2.318169196023667
DOM,Dominican Republic,Latin America & Caribbean,Upper middle income,Santo Domingo,18.479,-69.8908,2017,5,8,5,7412.71571571512,73.37,67.5712453277737,73.926806252977,5.832,100.0,23.39,10666843.0,2.192776250667606
DOM,Dominican Republic,Latin America & Caribbean,Upper middle income,Santo Domingo,18.479,-69.8908,2018,5,8,5,7882.98221584944,73.555,74.8220483597284,73.7589255716938,5.861,98.9,25.12,10782053.0,2.3297974884745978
DOM,Dominican Republic,Latin America & Caribbean,Upper middle income,Santo Domingo,18.479,-69.8908,2019,5,8,5,8183.01623600375,73.112,79.71549988,73.5403464672933,6.356,99.0,,10894043.0,
DOM,Dominican Republic,Latin America & Caribbean,Upper middle income,Santo Domingo,18.479,-69.8908,2020,5,8,5,7135.22273255899,72.636,81.61730194,73.2643793773663,6.126,100.0,,11008300.0,
DOM,Dominican Republic,Latin America & Caribbean,Upper middle income,Santo Domingo,18.479,-69.8908,2021,6,9,5,8527.0754858205,71.757,85.24298638,72.9243347395035,7.702,98.1,,11123476.0,
DOM,Dominican Republic,Latin America & Caribbean,Upper middle income,Santo Domingo,18.479,-69.8908,2022,5,9,5,10104.2449349081,74.211,81.51269675,72.4203155643711,5.504,98.1,,11230734.0,
DOM,Dominican Republic,Latin America & Caribbean,Upper middle income,Santo Domingo,18.479,-69.8908,2023,5,9,5,10630.431743829,73.72,86.12689972,72.3577991823338,5.555,99.6,,11331265.0,
DZA,Algeria,"Middle East, North Africa, Afghanistan & Pakistan",Upper middle income,Algiers,36.7397,3.05097,2014,4,4,5,6094.69392314956,74.992,29.5,69.5468765157615,10.207,99.3,138.81,39205031.0,3.54061701928
DZA,Algeria,"Middle East, North Africa, Afghanistan & Pakistan",Upper middle income,Algiers,36.7397,3.05097,2015,3,4,5,4685.05902729002,75.159,38.20000076,70.1433070861612,11.206,99.4,145.97,40019529.0,3.6474692143428276
DZA,Algeria,"Middle East, North Africa, Afghanistan & Pakistan",Upper middle income,Algiers,36.7397,3.05097,2016,3,4,5,4424.98529027556,75.31,42.94549942,70.7353778263851,10.202,99.4,143.35,40850721.0,3.5091179908428054
DZA,Algeria,"Middle East, North Africa, Afghanistan & Pakistan",Upper middle income,Algiers,36.7397,3.05097,2017,3,4,5,4554.66753957828,75.431,47.69110107,71.3227912436551,12.0,99.5,145.1,41689299.0,3.4805094707876956
DZA,Algeria,"Middle East, North Africa, Afghanistan & Pakistan",Upper middle income,Algiers,36.7397,3.05097,2018,3,4,5,4577.21029180491,75.555,49.0384680793271,71.905249845153,12.112,99.6,151.67,42505035.0,3.568283145749674
DZA,Algeria,"Middle East, North Africa, Afghanistan & Pakistan",Upper middle income,Algiers,36.7397,3.05097,2019,3,4,5,4468.45341883656,75.682,55.79069901,72.4824561380175,12.302,99.5,,43294546.0,
DZA,Algeria,"Middle East, North Africa, Afghanistan & Pakistan",Upper middle income,Algiers,36.7397,3.05097,2020,2,4,4,3743.5419522929,73.257,63.47269821,73.0541126293395,14.08,99.7,,44042091.0,
DZA,Algeria,"Middle East, North Africa, Afghanistan & Pakistan",Upper middle income,Algiers,36.7397,3.05097,2021,2,4,4,4160.55926736925,75.208,72.21240234,73.6199218261573,13.656,99.8,,44761099.0,
DZA,Algeria,"Middle East, North Africa, Afghanistan & Pakistan",Upper middle income,Algiers,36.7397,3.05097,2022,2,5,5,4960.30334332888,76.129,74.78150177,74.1795862354514,12.382,100.0,,45477389.0,
DZA,Algeria,"Middle East, North Africa, Afghanistan & Pakistan",Upper middle income,Algiers,36.7397,3.05097,2023,2,5,5,5370.477235078,76.261,76.19760132,74.732808364138,11.645,100.0,,46164219.0,
ECU,Ecuador,Latin America & Caribbean,Upper middle income,Quito,-0.229498,-78.5243,2014,5,6,5,6405.79979300441,76.141,45.5903906666095,62.9232432195799,3.48,99.0,41.2,16035124.0,2.5693596133088836
ECU,Ecuador,Latin America & Caribbean,Upper middle income,Quito,-0.229498,-78.5243,2015,5,6,5,5976.1596805651,76.222,48.9404337892669,62.959188676731,3.616,98.8,40.72,16266225.0,2.5033466584902153
ECU,Ecuador,Latin America & Caribbean,Upper middle income,Quito,-0.229498,-78.5243,2016,5,6,5,5917.63771271481,76.094,54.0629247288864,62.9913367571804,4.597,98.7,39.01,16505139.0,2.363506299462246
ECU,Ecuador,Latin America & Caribbean,Upper middle income,Quito,-0.229498,-78.5243,2017,5,6,5,6233.32244797718,76.22,55.79999924,63.0194591842425,3.836,99.2,37.76,16759519.0,2.253047954419217
ECU,Ecuador,Latin America & Caribbean,Upper middle income,Quito,-0.229498,-78.5243,2018,5,6,5,6303.91886658338,77.248,57.5,63.0433276812321,3.53,98.7,39.53,17049547.0,2.3185366743175053
ECU,Ecuador,Latin America & Caribbean,Upper middle income,Quito,-0.229498,-78.5243,2019,5,6,5,6205.05765246766,77.286,59.2,63.0627139714638,3.812,99.1,,17340021.0,
ECU,Ecuador,Latin America & Caribbean,Upper middle income,Quito,-0.229498,-78.5243,2020,6,8,5,5463.64515348598,72.004,70.7,63.0773897782521,6.116,98.9,,17546065.0,
ECU,Ecuador,Latin America & Caribbean,Upper middle income,Quito,-0.229498,-78.5243,2021,6,8,5,6061.32350181711,72.746,69.1147995,63.0871268249117,4.504,100.0,,17682454.0,
ECU,Ecuador,Latin America & Caribbean,Upper middle income,Quito,-0.229498,-78.5243,2022,5,8,5,6515.58528418336,76.577,69.71811356,63.0901835932266,3.713,100.0,,17823897.0,
ECU,Ecuador,Latin America & Caribbean,Upper middle income,Quito,-0.229498,-78.5243,2023,5,8,5,6737.84748379638,77.392,72.6943146,63.1307729554263,3.51,98.7,,17980083.0,
EGY,"Egypt, Arab Rep.","Middle East, North Africa, Afghanistan & Pakistan",Lower middle income,Cairo,30.0982,31.2461,2014,9,6,1,3133.39102265541,69.911,33.8946039115275,42.6825522284408,13.105,99.8,216.65,97528654.0,2.221398441528784
EGY,"Egypt, Arab Rep.","Middle East, North Africa, Afghanistan & Pakistan",Lower middle income,Cairo,30.0982,31.2461,2015,3,3,4,3306.98159414141,70.135,37.8193834276939,42.6056314089048,13.052,99.3,225.95,99597342.0,2.2686348396727296
EGY,"Egypt, Arab Rep.","Middle East, North Africa, Afghanistan & Pakistan",Lower middle income,Cairo,30.0982,31.2461,2016,3,3,4,3270.6287768197,70.437,41.2480670885772,42.5210717266225,12.45,100.0,233.96,101644589.0,2.301745742707465
EGY,"Egypt, Arab Rep.","Middle East, North Africa, Afghanistan & Pakistan",Lower middle income,Cairo,30.0982,31.2461,2017,9,6,1,2395.10333299491,70.709,44.9502042452857,42.4486008687179,11.767,100.0,238.69,103696057.0,2.3018232988357505
EGY,"Egypt, Arab Rep.","Middle East, North Africa, Afghanistan & Pakistan",Lower middle income,Cairo,30.0982,31.2461,2018,8,7,1,2484.70315630508,70.974,46.92433676792,42.4577177449969,9.855,100.0,246.26,105682094.0,2.330196068976453
EGY,"Egypt, Arab Rep.","Middle East, North Africa, Afghanistan & Pakistan",Lower middle income,Cairo,30.0982,31.2461,2019,8,7,1,2962.98892023003,71.213,57.2828663990195,42.4812027332648,7.851,100.0,,107553158.0,
EGY,"Egypt, Arab Rep.","Middle East, North Africa, Afghanistan & Pakistan",Lower middle income,Cairo,30.0982,31.2461,2020,9,11,5,3511.11381026379,69.79,71.91420096,42.5181534630674,7.974,100.0,,109315124.0,
EGY,"Egypt, Arab Rep.","Middle East, North Africa, Afghanistan & Pakistan",Lower middle income,Cairo,30.0982,31.2461,2021,9,11,5,3827.35415374308,68.976,72.05599976,42.5686062621468,7.441,100.0,,110957008.0,
EGY,"Egypt, Arab Rep.","Middle East, North Africa, Afghanistan & Pakistan",Lower middle income,Cairo,30.0982,31.2461,2022,9,11,5,4233.30783744856,71.01,72.19806556,42.6325129008032,6.546,100.0,,112618250.0,
EGY,"Egypt, Arab Rep.","Middle East, North Africa, Afghanistan & Pakistan",Lower middle income,Cairo,30.0982,31.2461,2023,9,11,5,3456.78968456253,71.633,74.01190186,42.7098115041919,6.753,100.0,,114535772.0,
ESP,Spain,Europe & Central Asia,High income,Madrid,40.4167,-3.70327,2014,0,2,4,29707.765509467,83.2292682926829,76.1867089778712,79.1196713833488,24.441,100.0,240.96,46460733.0,5.186315076001922
ESP,Spain,Europe & Central Asia,High income,Madrid,40.4167,-3.70327,2015,0,2,4,25982.4416197775,82.8317073170732,78.6896318703515,79.2454892743023,22.057,100.0,256.28,46422303.0,5.5206222750301714
ESP,Spain,Europe & Central Asia,High income,Madrid,40.4167,-3.70327,2016,0,6,0,26755.6061149398,83.3292682926829,80.5613329432179,79.3615955277997,19.635,100.0,247.03,46458139.0,5.317259910045041
ESP,Spain,Europe & Central Asia,High income,Madrid,40.4167,-3.70327,2017,0,6,0,28381.3425596906,83.2829268292683,84.6022457016524,79.4663233085683,17.224,100.0,263.44,46571232.0,5.6567109927433314
ESP,Spain,Europe & Central Asia,High income,Madrid,40.4167,-3.70327,2018,0,6,0,30602.4212881113,83.4317073170732,86.107235525659,79.5580057813361,15.255,100.0,258.34,46782011.0,5.522208098322237
ESP,Spain,Europe & Central Asia,High income,Madrid,40.4167,-3.70327,2019,0,6,0,29786.5245689007,83.8317073170732,90.718665325267,79.6349761108307,14.104,100.0,,47118501.0,
ESP,Spain,Europe & Central Asia,High income,Madrid,40.4167,-3.70327,2020,0,6,0,27233.9426461608,82.2317073170732,93.20564892,79.6955674617799,15.532,100.0,,47359424.0,
ESP,Spain,Europe & Central Asia,High income,Madrid,40.4167,-3.70327,2021,0,6,0,30799.4775937775,83.1780487804878,93.89752157,79.7846242983598,14.914,100.0,,47443821.0,
ESP,Spain,Europe & Central Asia,High income,Madrid,40.4167,-3.70327,2022,0,6,0,30319.4987196616,83.1341463414634,94.4855432,79.9548794567814,13.033,100.0,,47786102.0,
ESP,Spain,Europe & Central Asia,High income,Madrid,40.4167,-3.70327,2023,0,7,0,33493.2225409111,83.9341463414634,95.44564516,80.128491001856,12.179,100.0,,48352528.0,
EST,Estonia,Europe & Central Asia,High income,Tallinn,59.4392,24.7586,2014,5,10,0,20581.7898991695,77.0341463414634,84.2415280294352,68.2668382808032,7.352,100.0,17.82,1314545.0,13.556021284931289
EST,Estonia,Europe & Central Asia,High income,Tallinn,59.4392,24.7586,2015,5,10,0,17722.1557669523,77.590243902439,88.4097035040431,68.4796609690553,6.412,100.0,15.37,1315407.0,11.684596478504371
EST,Estonia,Europe & Central Asia,High income,Tallinn,59.4392,24.7586,2016,5,10,0,18666.3736521706,77.6414634146342,87.2402327514547,68.724038178078,6.882,100.0,15.65,1315790.0,11.893995242401903
EST,Estonia,Europe & Central Asia,High income,Tallinn,59.4392,24.7586,2017,4,10,0,20851.5223496861,78.0926829268293,88.1024568740199,68.9931941915158,5.807,100.0,16.28,1317384.0,12.35782429420731
EST,Estonia,Europe & Central Asia,High income,Tallinn,59.4392,24.7586,2018,4,10,0,23618.1361254581,78.2439024390244,89.3570077747426,69.2803532930133,5.412,100.0,16.0,1321977.0,12.103085000722404
EST,Estonia,Europe & Central Asia,High income,Tallinn,59.4392,24.7586,2019,4,10,0,24021.2501413306,78.6463414634147,90.2289281997919,69.5787397662154,4.514,100.0,,1326898.0,
EST,Estonia,Europe & Central Asia,High income,Tallinn,59.4392,24.7586,2020,4,10,0,23933.9939421065,78.5951219512195,89.05828666,69.8815778947665,6.956,100.0,,1329522.0,
EST,Estonia,Europe & Central Asia,High income,Tallinn,59.4392,24.7586,2021,4,10,0,27951.1659277744,76.9439024390244,90.97970174,70.1777274135822,6.178,100.0,,1330932.0,
EST,Estonia,Europe & Central Asia,High income,Tallinn,59.4392,24.7586,2022,4,10,0,28340.3826549406,77.8439024390244,91.52016546,70.4892333736738,5.571,100.0,,1348840.0,
EST,Estonia,Europe & Central Asia,High income,Tallinn,59.4392,24.7586,2023,4,11,0,30264.0064885057,78.7926829268293,93.18342241,70.6770085523126,6.378,100.0,,1370286.0,
ETH,Ethiopia,Sub-Saharan Africa,Not classified,Addis Ababa,9.02274,38.7468,2014,9,0,3,549.986577082588,62.927,7.699999809,19.0262870788574,2.361,27.2,12.33,101115610.0,0.12193962930154899
ETH,Ethiopia,Sub-Saharan Africa,Not classified,Addis Ababa,9.02274,38.7468,2015,9,1,3,597.912113218663,63.592,13.8551755555556,19.451566696167,2.442,29.0,12.88,103867135.0,0.1240045756533094
ETH,Ethiopia,Sub-Saharan Africa,Not classified,Addis Ababa,9.02274,38.7468,2016,9,2,3,641.651523286233,64.162,15.3669238595896,19.8763618469238,2.556,42.9,14.95,106718162.0,0.14008861959223023
ETH,Ethiopia,Sub-Saharan Africa,Not classified,Addis Ababa,9.02274,38.7468,2017,9,2,3,696.348429076216,64.766,15.62440014,20.3084850311279,2.665,44.3,15.46,109666481.0,0.14097288304527616
ETH,Ethiopia,Sub-Saharan Africa,Not classified,Addis Ababa,9.02274,38.7468,2018,9,2,3,739.702022272086,65.257,15.88619995,20.7838096618652,2.811,44.8,16.28,112664152.0,0.14450026659766632
ETH,Ethiopia,Sub-Saharan Africa,Not classified,Addis Ababa,9.02274,38.7468,2019,9,3,3,793.473247210264,65.741,15.98460007,21.2486705780029,2.928,48.0,,115737383.0,
ETH,Ethiopia,Sub-Saharan Africa,Not classified,Addis Ababa,9.02274,38.7468,2020,9,3,3,829.790982547947,65.969,16.06959915,21.6260051727295,3.998,51.1,,118917671.0,
ETH,Ethiopia,Sub-Saharan Africa,Not classified,Addis Ababa,9.02274,38.7468,2021,9,3,3,893.00983544905,65.33,16.6981031,22.1067085266113,3.935,54.2,,122138588.0,
ETH,Ethiopia,Sub-Saharan Africa,Not classified,Addis Ababa,9.02274,38.7468,2022,9,3,3,982.103161506992,66.897,17.9836998,22.7367687225342,3.386,55.4,,125384287.0,
ETH,Ethiopia,Sub-Saharan Africa,Not classified,Addis Ababa,9.02274,38.7468,2023,9,3,3,1055.81091592527,67.315,20.33749962,23.0586471557617,3.375,55.4,,128691692.0,
FIN,Finland,Europe & Central Asia,High income,Helsinki,60.1608,24.9525,2014,4,11,0,50073.7760815871,81.1804878048781,86.5303927529377,70.9879168940753,8.663,100.0,46.16,5461512.0,8.451871935830225
FIN,Finland,Europe & Central Asia,High income,Helsinki,60.1608,24.9525,2015,4,11,0,42560.3456767103,81.4804878048781,86.4221333325445,71.3054930040604,9.376,100.0,42.82,5479531.0,7.8145374120522355
FIN,Finland,Europe & Central Asia,High income,Helsinki,60.1608,24.9525,2016,4,11,0,43451.2562442158,81.4292682926829,87.7036499599455,71.6158383428171,8.818,100.0,45.71,5495303.0,8.318012673732458
FIN,Finland,Europe & Central Asia,High income,Helsinki,60.1608,24.9525,2017,4,11,0,46085.0174739036,81.6317073170732,87.4689290730615,71.9563038312956,8.64,100.0,43.01,5508214.0,7.8083386012235545
FIN,Finland,Europe & Central Asia,High income,Helsinki,60.1608,24.9525,2018,3,11,0,49654.2497035329,81.7341463414634,88.8899599985585,72.3423467740343,7.361,100.0,44.36,5515525.0,8.042752049895523
FIN,Finland,Europe & Central Asia,High income,Helsinki,60.1608,24.9525,2019,3,11,0,48358.1807773701,81.9829268292683,89.6073851129779,72.7431214358314,6.695,100.0,,5521606.0,
FIN,Finland,Europe & Central Asia,High income,Helsinki,60.1608,24.9525,2020,3,11,0,48828.6846862799,81.9317073170732,92.17027106,73.0849439791673,7.759,100.0,,5529543.0,
FIN,Finland,Europe & Central Asia,High income,Helsinki,60.1608,24.9525,2021,3,11,0,53099.1351400148,81.8853658536585,92.80806082,73.3710215780329,7.617,100.0,,5541017.0,
FIN,Finland,Europe & Central Asia,High income,Helsinki,60.1608,24.9525,2022,3,11,0,50440.560224974,81.1878048780488,92.98879471,73.6967597835949,6.719,100.0,,5556106.0,
FIN,Finland,Europe & Central Asia,High income,Helsinki,60.1608,24.9525,2023,3,11,0,52834.2916752703,81.5853658536585,93.51385075,74.0062548602828,7.149,100.0,,5583911.0,
FJI,Fiji,East Asia & Pacific,Upper middle income,Suva,-18.1149,178.399,2014,7,6,1,5293.35676680464,66.581,37.40000153,54.0838287543856,4.323,93.0,1.31,917585.0,1.4276606526915763
FJI,Fiji,East Asia & Pacific,Upper middle income,Suva,-18.1149,178.399,2015,7,7,1,5097.53106864695,66.48,42.5,54.6234188083653,4.288,93.2,1.51,918578.0,1.6438451606722564
FJI,Fiji,East Asia & Pacific,Upper middle income,Suva,-18.1149,178.399,2016,7,7,1,5363.79026679243,66.657,49.41999817,55.1734720973874,4.319,93.4,1.74,919166.0,1.8930204119821665
FJI,Fiji,East Asia & Pacific,Upper middle income,Suva,-18.1149,178.399,2017,7,7,1,5826.84814459328,67.06,53.6473999,55.7408343449609,4.418,96.0,1.81,918759.0,1.9700487287743575
FJI,Fiji,East Asia & Pacific,Upper middle income,Suva,-18.1149,178.399,2018,7,8,5,6085.41979485376,66.965,58.2364006,56.2328347385698,4.523,95.1,1.9,917180.0,2.0715671950980177
FJI,Fiji,East Asia & Pacific,Upper middle income,Suva,-18.1149,178.399,2019,7,8,5,5842.07344577597,67.009,63.21789932,56.70989552257,4.661,96.1,,914899.0,
FJI,Fiji,East Asia & Pacific,Upper middle income,Suva,-18.1149,178.399,2020,7,8,5,4620.6457238014,66.924,68.62560272,57.186684691874,5.054,97.1,,914963.0,
FJI,Fiji,East Asia & Pacific,Upper middle income,Suva,-18.1149,178.399,2021,7,8,5,4536.73312110335,64.904,70.56800079,57.6618364761928,5.225,92.1,,916711.0,
FJI,Fiji,East Asia & Pacific,Upper middle income,Suva,-18.1149,178.399,2022,7,8,5,5414.12092119088,67.148,72.56549835,58.1352701465266,5.403,92.0,,919422.0,
FJI,Fiji,East Asia & Pacific,Upper middle income,Suva,-18.1149,178.399,2023,7,8,5,5926.20586394763,67.316,74.1160965,58.6069049738768,5.316,99.3,,924145.0,
FRA,France,Europe & Central Asia,High income,Paris,48.8566,2.35097,2014,0,7,0,43148.0459288416,82.719512195122,83.7510996681821,77.3524296788613,10.273,100.0,304.53,66312067.0,4.592376829393661
FRA,France,Europe & Central Asia,High income,Paris,48.8566,2.35097,2015,0,7,0,36702.4323733379,82.3219512195122,78.0060377071902,77.7610919150066,10.354,100.0,310.52,66548272.0,4.666086596508471
FRA,France,Europe & Central Asia,High income,Paris,48.8566,2.35097,2016,0,7,0,37024.2157133669,82.5731707317073,79.2698113207547,78.5999114705779,10.057,100.0,312.71,66724104.0,4.686612202390908
FRA,France,Europe & Central Asia,High income,Paris,48.8566,2.35097,2017,0,7,0,38687.1626407164,82.5756097560976,80.5024597243607,78.6467804026368,9.409,100.0,316.36,66918020.0,4.727575621633754
FRA,France,Europe & Central Asia,High income,Paris,48.8566,2.35097,2018,0,7,0,41418.1766484844,82.6756097560976,82.0431867788484,78.6714432536599,9.018,100.0,309.96,67158348.0,4.615360699462113
FRA,France,Europe & Central Asia,High income,Paris,48.8566,2.35097,2019,0,8,0,40408.2848574751,82.8268292682927,83.3397440866883,78.6890784549356,8.415,100.0,,67382061.0,
FRA,France,Europe & Central Asia,High income,Paris,48.8566,2.35097,2020,0,8,0,39169.8606000707,82.1756097560976,84.70639801,78.7119131765249,8.009,100.0,,67601110.0,
FRA,France,Europe & Central Asia,High income,Paris,48.8566,2.35097,2021,0,8,0,43725.0999521245,82.3243902439024,86.09548575,78.7364603392338,7.871,100.0,,67842811.0,
FRA,France,Europe & Central Asia,High income,Paris,48.8566,2.35097,2022,0,8,0,40988.6396406579,82.1292682926829,85.33331734,78.7591921123356,7.303,100.0,,68184457.0,
FRA,France,Europe & Central Asia,High income,Paris,48.8566,2.35097,2023,0,8,0,44700.1384177544,82.8317073170732,86.83635789,78.7804323126547,7.335,100.0,,68372286.0,
GAB,Gabon,Sub-Saharan Africa,Upper middle income,Libreville,0.38832,9.45162,2014,0,0,4,9201.36276648105,66.07,38.07120132,87.6236017962969,19.873,87.1,5.5,1978399.0,2.7800256672187964
GAB,Gabon,Sub-Saharan Africa,Upper middle income,Libreville,0.38832,9.45162,2015,0,0,4,7047.12654634355,66.336,45.78450012,88.085308383892,19.943,87.3,5.48,2040989.0,2.684972824449323
GAB,Gabon,Sub-Saharan Africa,Upper middle income,Libreville,0.38832,9.45162,2016,0,0,4,6677.07003901644,66.583,48.0522995,88.5445883406178,20.117,88.1,5.71,2100306.0,2.71865147269017
GAB,Gabon,Sub-Saharan Africa,Upper middle income,Libreville,0.38832,9.45162,2017,0,0,4,6921.73373135624,66.816,51.60490036,89.0009733256896,20.307,86.3,4.7,2156900.0,2.179053270898048
GAB,Gabon,Sub-Saharan Africa,Upper middle income,Libreville,0.38832,9.45162,2018,0,0,4,7624.2775233771,67.043,55.42020035,89.4539949981866,20.459,89.6,4.61,2212318.0,2.083787231311231
GAB,Gabon,Sub-Saharan Africa,Upper middle income,Libreville,0.38832,9.45162,2019,0,0,4,7441.1786472281,67.337,59.51760101,89.9031850170394,20.371,90.3,,2267706.0,
GAB,Gabon,Sub-Saharan Africa,Upper middle income,Libreville,0.38832,9.45162,2020,0,0,4,6605.80346077565,67.073,63.91790009,90.3480750410147,21.279,91.1,,2322539.0,
GAB,Gabon,Sub-Saharan Africa,Upper middle income,Libreville,0.38832,9.45162,2021,0,0,4,8181.40914134656,67.072,65.76809692,90.7881967286967,21.223,91.8,,2376722.0,
GAB,Gabon,Sub-Saharan Africa,Upper middle income,Libreville,0.38832,9.45162,2022,0,0,4,8409.2074145028,67.713,67.67169952,91.2243355459988,20.319,93.5,,2430747.0,
GAB,Gabon,Sub-Saharan Africa,Upper middle income,Libreville,0.38832,9.45162,2023,0,0,4,7802.82433276138,68.337,68.19789886,91.6375962797313,20.161,94.1,,2484789.0,
GBR,United Kingdom,Europe & Central Asia,High income,London,51.5002,-0.126236,2014,2,9,0,47746.2421759562,81.3048780487805,91.6133009176453,81.6355750750722,6.398,100.0,414.85,64620000.0,6.4198390591148256
GBR,United Kingdom,Europe & Central Asia,High income,London,51.5002,-0.126236,2015,2,9,0,45255.3449216209,80.9560975609756,92.0002998740234,81.8243772295647,5.552,100.0,400.37,65088000.0,6.151210668633235
GBR,United Kingdom,Europe & Central Asia,High income,London,51.5002,-0.126236,2016,2,9,0,41257.9085545556,81.1560975609756,94.7758006318882,82.0229991698295,4.909,100.0,378.89,65607000.0,5.7751459447924764
GBR,United Kingdom,Europe & Central Asia,High income,London,51.5002,-0.126236,2017,2,9,0,40916.8115070354,81.2560975609756,90.4245504868553,82.23065673273,4.501,100.0,366.38,65966000.0,5.554073310493284
GBR,United Kingdom,Europe & Central Asia,High income,London,51.5002,-0.126236,2018,2,10,0,43702.9976303165,81.2560975609756,90.692008988783,82.4465657551295,4.145,100.0,358.8,66289000.0,5.412662734390321
GBR,United Kingdom,Europe & Central Asia,High income,London,51.5002,-0.126236,2019,2,10,0,43158.7411267323,81.3691219512195,92.5166285497138,82.6699420738913,3.657,100.0,,66631000.0,
GBR,United Kingdom,Europe & Central Asia,High income,London,51.5002,-0.126236,2020,2,9,0,40812.6794663879,80.331756097561,94.81820132,82.9000015258789,4.472,100.0,,66744000.0,
GBR,United Kingdom,Europe & Central Asia,High income,London,51.5002,-0.126236,2021,2,10,0,47691.3768799404,80.6473170731707,96.19650269,82.9886431523641,4.864,100.0,,66984000.0,
GBR,United Kingdom,Europe & Central Asia,High income,London,51.5002,-0.126236,2022,2,10,0,47057.043229179,81.0112195121951,95.46530151,83.0753982997505,3.768,100.0,,67604000.0,
GBR,United Kingdom,Europe & Central Asia,High income,London,51.5002,-0.126236,2023,2,10,0,49944.4702124201,81.2380975609756,95.44719696,83.1601932891335,4.025,100.0,,68492000.0,
GEO,Georgia,Europe & Central Asia,Upper middle income,Tbilisi,41.71,44.793,2014,2,2,4,4830.33486170249,73.105,49.1024547144647,57.0237612994258,17.439,100.0,8.47,3719414.0,2.277240447016654
GEO,Georgia,Europe & Central Asia,Upper middle income,Tbilisi,41.71,44.793,2015,2,3,4,4086.6223465965,73.241,47.5697596438736,57.3803800455672,16.506,100.0,9.2,3725276.0,2.4696156741138107
GEO,Georgia,Europe & Central Asia,Upper middle income,Tbilisi,41.71,44.793,2016,2,3,4,4143.40125686315,73.136,58.4592896118725,57.6984032005062,16.604,100.0,9.65,3727505.0,2.5888630598751714
GEO,Georgia,Europe & Central Asia,Upper middle income,Tbilisi,41.71,44.793,2017,2,3,4,4418.75206546679,73.435,59.7055045962571,57.9996827205757,13.939,100.0,9.63,3728004.0,2.5831517348157353
GEO,Georgia,Europe & Central Asia,Upper middle income,Tbilisi,41.71,44.793,2018,2,3,4,4804.0546040444,73.985,62.7179081974285,58.3038181862576,12.667,99.9,9.46,3726549.0,2.538541690985413
GEO,Georgia,Europe & Central Asia,Upper middle income,Tbilisi,41.71,44.793,2019,2,4,4,4741.2832715876,74.165,68.8467135616978,58.6304091780343,11.565,100.0,,3720161.0,
GEO,Georgia,Europe & Central Asia,Upper middle income,Tbilisi,41.71,44.793,2020,2,4,4,4300.85701291207,73.509,72.53157487,58.9990552763878,11.734,100.0,,3722716.0,
GEO,Georgia,Europe & Central Asia,Upper middle income,Tbilisi,41.71,44.793,2021,2,4,4,5083.60695484577,71.635,76.4427093,59.4293560618005,11.785,100.0,,3708610.0,
GEO,Georgia,Europe & Central Asia,Upper middle income,Tbilisi,41.71,44.793,2022,1,4,4,6729.84659930283,74.141,78.71127536,60.0101622679115,11.621,100.0,,3712502.0,
GEO,Georgia,Europe & Central Asia,Upper middle income,Tbilisi,41.71,44.793,2023,1,4,4,8283.66960652261,74.496,81.88425624,60.7523077799724,11.549,100.0,,3715483.0,
GHA,Ghana,Sub-Saharan Africa,Lower middle income,Accra,5.57045,-0.20795,2014,7,4,1,1949.90832923846,62.832,19.0,53.0663398797148,4.403,78.3,14.37,28041592.0,0.5124530732777226
GHA,Ghana,Sub-Saharan Africa,Lower middle income,Accra,5.57045,-0.20795,2015,6,3,1,1722.77282833606,63.175,23.0,53.6226415210752,6.806,74.0,15.13,28696068.0,0.5272499354266933
GHA,Ghana,Sub-Saharan Africa,Lower middle income,Accra,5.57045,-0.20795,2016,6,4,1,1912.47991339951,63.522,28.0,54.167052758274,5.256,79.3,14.11,29356742.0,0.4806391662944069
GHA,Ghana,Sub-Saharan Africa,Lower middle income,Accra,5.57045,-0.20795,2017,6,4,1,2012.28662641265,63.829,37.88420105,54.6991419779128,3.369,79.0,14.78,30008354.0,0.4925295136147754
GHA,Ghana,Sub-Saharan Africa,Lower middle income,Accra,5.57045,-0.20795,2018,6,4,1,2195.32166016377,64.138,43.0,55.218477566593,3.204,80.4,16.11,30637585.0,0.52582473455398
GHA,Ghana,Sub-Saharan Africa,Lower middle income,Accra,5.57045,-0.20795,2019,6,4,1,2186.65822682613,64.455,22.0732,55.7246279109161,3.067,83.5,,31258945.0,
GHA,Ghana,Sub-Saharan Africa,Lower middle income,Accra,5.57045,-0.20795,2020,7,8,5,2195.45481659987,64.309,62.51760101,56.2171613974837,3.178,85.4,,31887809.0,
GHA,Ghana,Sub-Saharan Africa,Lower middle income,Accra,5.57045,-0.20795,2021,7,8,5,2445.18662529344,64.286,68.6,56.6952556826536,3.2,86.3,,32518665.0,
GHA,Ghana,Sub-Saharan Africa,Lower middle income,Accra,5.57045,-0.20795,2022,7,8,5,2229.89122647803,65.246,69.91329956,57.250609602871,2.87,85.1,,33149152.0,
GHA,Ghana,Sub-Saharan Africa,Lower middle income,Accra,5.57045,-0.20795,2023,7,8,5,2383.90410483418,65.498,70.67430115,57.8074737774654,2.829,89.5,,33787914.0,
GIN,Guinea,Sub-Saharan Africa,Lower middle income,Conakry,9.51667,-13.7,2014,7,1,3,765.146999389279,57.581,6.400000095,34.8177920826682,5.044,33.5,2.24,11472924.0,0.19524229394354917
GIN,Guinea,Sub-Saharan Africa,Lower middle income,Conakry,9.51667,-13.7,2015,7,1,3,747.356966759448,57.899,9.199999809,35.0373191833496,5.15,34.9,2.54,11767070.0,0.21585662361148528
GIN,Guinea,Sub-Saharan Africa,Lower middle income,Conakry,9.51667,-13.7,2016,7,1,3,711.996509782316,58.49,13.10000038,35.3100280761719,4.997,33.5,2.83,12073030.0,0.2344067727819777
GIN,Guinea,Sub-Saharan Africa,Lower middle income,Conakry,9.51667,-13.7,2017,7,1,3,833.598621691121,58.715,18.70000076,35.5827331542969,4.86,35.4,2.97,12385659.0,0.2397934579015941
GIN,Guinea,Sub-Saharan Africa,Lower middle income,Conakry,9.51667,-13.7,2018,7,2,3,933.273615633705,59.043,21.8300230430563,35.8554382324219,4.835,45.0,3.12,12704774.0,0.24557697759912928
GIN,Guinea,Sub-Saharan Africa,Lower middle income,Conakry,9.51667,-13.7,2019,7,2,3,1031.34146480732,59.379,23.89049911,36.1281547546387,5.018,42.2,,13034346.0,
GIN,Guinea,Sub-Saharan Africa,Lower middle income,Conakry,9.51667,-13.7,2020,7,2,3,1053.66097696415,59.35,26.14550018,36.4802208060551,6.007,44.7,,13371183.0,
GIN,Guinea,Sub-Saharan Africa,Lower middle income,Conakry,9.51667,-13.7,2021,7,2,3,1244.96550477914,59.373,28.61330032,36.8502178436256,5.815,46.8,,13710513.0,
GIN,Guinea,Sub-Saharan Africa,Lower middle income,Conakry,9.51667,-13.7,2022,7,2,3,1416.59612011764,60.432,31.31399918,37.2384967469106,5.174,47.7,,14055137.0,
GIN,Guinea,Sub-Saharan Africa,Lower middle income,Conakry,9.51667,-13.7,2023,7,3,3,1555.49375806861,60.74,32.31560135,37.6454083954705,5.141,51.1,,14405468.0,
GMB,"Gambia, The",Sub-Saharan Africa,Low income,Banjul,13.4495,-16.5885,2014,6,2,3,568.00453558864,62.576,15.56000042,58.6141799655551,8.191,53.0,0.52,2164528.0,0.24023713252958612
GMB,"Gambia, The",Sub-Saharan Africa,Low income,Banjul,13.4495,-16.5885,2015,6,2,3,619.536364296461,62.971,17.59950066,59.2458499408388,7.226,54.7,0.53,2224529.0,0.23825268180365372
GMB,"Gambia, The",Sub-Saharan Africa,Low income,Banjul,13.4495,-16.5885,2016,6,2,3,650.056501323611,63.386,19.90640068,59.8652472486563,6.244,56.4,0.53,2283769.0,0.23207250820901765
GMB,"Gambia, The",Sub-Saharan Africa,Low income,Banjul,13.4495,-16.5885,2017,6,3,1,642.522641296331,63.708,22.5156002,60.471712657237,5.097,56.2,0.54,2342189.0,0.230553554815602
GMB,"Gambia, The",Sub-Saharan Africa,Low income,Banjul,13.4495,-16.5885,2018,6,3,1,696.219806960615,64.034,28.30900002,61.0645869348107,4.055,60.3,0.57,2399632.0,0.2375364222514119
GMB,"Gambia, The",Sub-Saharan Africa,Low income,Banjul,13.4495,-16.5885,2019,6,3,1,738.186751987483,64.427,31.11829948,61.643210849607,4.481,62.1,,2456844.0,
GMB,"Gambia, The",Sub-Saharan Africa,Low income,Banjul,13.4495,-16.5885,2020,6,3,1,720.335143352133,64.418,36.01100159,62.2069251698555,5.84,62.2,,2515733.0,
GMB,"Gambia, The",Sub-Saharan Africa,Low income,Banjul,13.4495,-16.5885,2021,6,3,1,781.890925169531,63.847,41.67309952,62.7550706637859,6.213,63.7,,2576010.0,
GMB,"Gambia, The",Sub-Saharan Africa,Low income,Banjul,13.4495,-16.5885,2022,5,3,1,836.244875868476,64.859,48.22539902,63.2869880996278,6.067,65.4,,2636470.0,
GMB,"Gambia, The",Sub-Saharan Africa,Low income,Banjul,13.4495,-16.5885,2023,5,3,1,883.024111719809,65.86,48.72829819,63.8020182456108,6.479,66.9,,2697845.0,
GNB,Guinea-Bissau,Sub-Saharan Africa,Low income,Bissau,11.8037,-15.1804,2014,8,0,3,652.022501029449,59.476,3.319999933,41.7271995544434,3.285,17.2,0.28,1741122.0,0.1608158417388328
GNB,Guinea-Bissau,Sub-Saharan Africa,Low income,Bissau,11.8037,-15.1804,2015,7,1,3,645.066837207039,60.071,6.099999905,42.1568145751953,3.168,20.1,0.28,1786457.0,0.15673481085746815
GNB,Guinea-Bissau,Sub-Saharan Africa,Low income,Bissau,11.8037,-15.1804,2016,7,1,3,679.665386626818,60.619,13.80000019,42.586109161377,3.139,22.9,0.3,1831893.0,0.1637650233938336
GNB,Guinea-Bissau,Sub-Saharan Africa,Low income,Bissau,11.8037,-15.1804,2017,7,1,3,783.123186602022,61.148,14.80000019,43.0155792236328,3.089,26.0,0.3,1877072.0,0.15982338450522943
GNB,Guinea-Bissau,Sub-Saharan Africa,Low income,Bissau,11.8037,-15.1804,2018,7,1,3,808.531613218504,61.652,15.69999981,43.4449081420898,3.127,28.4,0.31,1922168.0,0.16127622559526536
GNB,Guinea-Bissau,Sub-Saharan Africa,Low income,Bissau,11.8037,-15.1804,2019,7,2,3,811.216425885129,62.161,17.92149925,43.8745574951172,2.413,30.9,,1967696.0,
GNB,Guinea-Bissau,Sub-Saharan Africa,Low income,Bissau,11.8037,-15.1804,2020,7,2,3,846.915855715971,61.343,20.45730019,44.3038330078125,2.887,33.4,,2013255.0,
GNB,Guinea-Bissau,Sub-Saharan Africa,Low income,Bissau,11.8037,-15.1804,2021,7,2,3,926.780921081233,61.653,23.3519001,44.7334136962891,3.016,35.8,,2058841.0,
GNB,Guinea-Bissau,Sub-Saharan Africa,Low income,Bissau,11.8037,-15.1804,2022,7,2,3,883.199131457831,63.605,27.67379951,45.1627159118652,2.666,37.4,,2105529.0,
GNB,Guinea-Bissau,Sub-Saharan Africa,Low income,Bissau,11.8037,-15.1804,2023,7,2,3,988.087886357022,64.085,28.71240044,45.5923843383789,2.632,40.5,,2153339.0,
GNQ,Equatorial Guinea,Sub-Saharan Africa,Upper middle income,Malabo,3.7523,8.7741,2014,5,3,1,15548.6624656619,60.228,18.86000061,65.5593240167184,7.669,66.0,8.09,1399828.0,5.7792814545787055
GNQ,Equatorial Guinea,Sub-Saharan Africa,Upper middle income,Malabo,3.7523,8.7741,2015,5,3,1,9068.91003238645,60.635,21.31999969,68.951270615355,7.778,66.1,7.14,1453923.0,4.910851537529842
GNQ,Equatorial Guinea,Sub-Saharan Africa,Upper middle income,Malabo,3.7523,8.7741,2016,5,3,1,7453.19797948517,61.081,23.78000069,69.253269853051,7.798,66.2,5.6,1508186.0,3.7130698733445344
GNQ,Equatorial Guinea,Sub-Saharan Africa,Upper middle income,Malabo,3.7523,8.7741,2017,5,3,1,7809.10465655488,61.481,26.23999977,69.5516019132985,7.843,66.4,5.63,1562396.0,3.6034398449560805
GNQ,Equatorial Guinea,Sub-Saharan Africa,Upper middle income,Malabo,3.7523,8.7741,2018,5,3,1,8102.47084834031,61.915,29.39999962,69.8396623666175,7.818,66.5,6.67,1616422.0,4.126397685752854
GNQ,Equatorial Guinea,Sub-Saharan Africa,Upper middle income,Malabo,3.7523,8.7741,2019,5,3,1,6804.14923073888,62.297,49.13370132,70.1175419547293,7.917,66.6,,1670177.0,
GNQ,Equatorial Guinea,Sub-Saharan Africa,Upper middle income,Malabo,3.7523,8.7741,2020,5,3,1,5764.05502912947,62.141,55.00130081,70.3853314193247,8.625,66.7,,1716468.0,
GNQ,Equatorial Guinea,Sub-Saharan Africa,Upper middle income,Malabo,3.7523,8.7741,2021,5,3,1,6945.63069794539,62.447,58.71730042,70.6431215020592,8.821,66.8,,1758786.0,
GNQ,Equatorial Guinea,Sub-Saharan Africa,Upper middle income,Malabo,3.7523,8.7741,2022,5,3,1,7589.29964909381,63.355,63.65950012,70.8910029445467,8.334,67.0,,1803545.0,
GNQ,Equatorial Guinea,Sub-Saharan Africa,Upper middle income,Malabo,3.7523,8.7741,2023,5,3,1,6677.793435386,63.707,63.51950073,71.1290664883517,8.218,66.9,,1847549.0,
GRC,Greece,Europe & Central Asia,High income,Athens,37.9792,23.7166,2014,0,1,4,21474.7257123892,81.3853658536585,63.2073404784561,77.3130486275866,26.708,100.0,69.55,10892413.0,6.385178380584724
GRC,Greece,Europe & Central Asia,High income,Athens,37.9792,23.7166,2015,0,1,4,17980.7298238137,81.0365853658537,66.8349594911035,77.5194426317545,24.981,100.0,68.01,10820883.0,6.285069342307832
GRC,Greece,Europe & Central Asia,High income,Athens,37.9792,23.7166,2016,0,2,4,17919.2426377048,81.3878048780488,69.0879154723892,77.7122988766348,23.514,100.0,66.85,10775971.0,6.2036172888735495
GRC,Greece,Europe & Central Asia,High income,Athens,37.9792,23.7166,2017,0,2,4,18631.9930129293,81.2878048780488,69.8929706543154,77.8895342613411,21.413,100.0,66.8,10754679.0,6.211250005695195
GRC,Greece,Europe & Central Asia,High income,Athens,37.9792,23.7166,2018,0,5,0,19873.4015238771,81.7878048780488,72.2383733920483,78.0490656849874,19.179,100.0,65.29,10732882.0,6.083175050280065
GRC,Greece,Europe & Central Asia,High income,Athens,37.9792,23.7166,2019,0,5,0,19335.3602002969,81.6390243902439,75.6712066931757,78.1888100466875,17.045,100.0,,10721582.0,
GRC,Greece,Europe & Central Asia,High income,Athens,37.9792,23.7166,2020,0,5,0,17886.733165236,81.2878048780488,78.11584474,78.3066842455552,15.899,100.0,,10698599.0,
GRC,Greece,Europe & Central Asia,High income,Athens,37.9792,23.7166,2021,0,5,0,20654.7001960815,80.0829268292683,78.49426371,78.3884898647442,14.656,100.0,,10569207.0,
GRC,Greece,Europe & Central Asia,High income,Athens,37.9792,23.7166,2022,1,6,0,20886.5243087629,80.7878048780488,83.17066333,78.5502190980809,12.426,100.0,,10436882.0,
GRC,Greece,Europe & Central Asia,High income,Athens,37.9792,23.7166,2023,0,7,0,23343.7103964562,81.7365853658537,85.0102229,78.7746303842088,11.023,100.0,,10407351.0,
GTM,Guatemala,Latin America & Caribbean,Upper middle income,Guatemala City,14.6248,-90.5328,2014,7,5,1,3689.14510410202,70.942,23.39999962,53.1458479013964,2.717,85.5,13.95,15681725.0,0.8895705032450193
GTM,Guatemala,Latin America & Caribbean,Upper middle income,Guatemala City,14.6248,-90.5328,2015,7,6,1,3893.50533299068,70.915,28.80590057,53.4411050262961,2.506,90.5,16.34,15971743.0,1.0230567822184466
GTM,Guatemala,Latin America & Caribbean,Upper middle income,Guatemala City,14.6248,-90.5328,2016,7,6,1,4060.13784737643,71.215,34.50930023,53.6609232857043,2.583,91.8,17.46,16268760.0,1.0732225443119205
GTM,Guatemala,Latin America & Caribbean,Upper middle income,Guatemala City,14.6248,-90.5328,2017,6,6,1,4324.99768915601,71.583,37.90000153,53.7994723140017,2.462,93.3,16.51,16567357.0,0.9965379511046936
GTM,Guatemala,Latin America & Caribbean,Upper middle income,Guatemala City,14.6248,-90.5328,2018,6,6,1,4352.94593289707,71.496,41.5,53.845962303542,2.283,94.2,18.21,16845685.0,1.0809889891684428
GTM,Guatemala,Latin America & Caribbean,Upper middle income,Guatemala City,14.6248,-90.5328,2019,6,6,1,4511.99839552697,71.639,44.401049838502,54.1882267267974,2.193,95.4,,17103803.0,
GTM,Guatemala,Latin America & Caribbean,Upper middle income,Guatemala City,14.6248,-90.5328,2020,7,7,1,4477.61785000665,69.971,47.51229858,54.5483167911628,2.965,96.6,,17357325.0,
GTM,Guatemala,Latin America & Caribbean,Upper middle income,Guatemala City,14.6248,-90.5328,2021,7,7,1,4912.62240414681,67.858,50.84164945,54.9047071553758,2.174,97.9,,17598650.0,
GTM,Guatemala,Latin America & Caribbean,Upper middle income,Guatemala City,14.6248,-90.5328,2022,7,7,1,5358.70156997677,71.206,54.40430069,55.2581228215265,3.051,99.1,,17847877.0,
GTM,Guatemala,Latin America & Caribbean,Upper middle income,Guatemala City,14.6248,-90.5328,2023,6,7,5,5758.32760847852,72.602,56.72669983,55.6082319565539,2.344,100.0,,18124838.0,
GUM,Guam,East Asia & Pacific,High income,Agana,13.4443,144.794,2014,2,8,0,33900.1486530583,76.423,69.27,94.0787476782557,7.6,100.0,,165486.0,
GUM,Guam,East Asia & Pacific,High income,Agana,13.4443,144.794,2015,2,8,0,35165.7014644795,76.444,73.139999947043,94.079145108702,6.9,100.0,,164905.0,
GUM,Guam,East Asia & Pacific,High income,Agana,13.4443,144.794,2016,2,8,0,35930.6594898711,76.449,77.009999893206,94.079467256407,5.4,100.0,,164233.0,
GUM,Guam,East Asia & Pacific,High income,Agana,13.4443,144.794,2017,2,8,0,36779.0078903909,76.463,80.5054655600831,94.0797139460527,5.418,100.0,,163490.0,
GUY,Guyana,Latin America & Caribbean,High income,Georgetown,6.80461,-58.1548,2014,9,6,1,5472.68820452237,67.334,32.0,26.4018152016157,12.637,86.9,2.06,754229.0,2.7312659682934495
GUY,Guyana,Latin America & Caribbean,High income,Georgetown,6.80461,-58.1548,2015,9,6,1,5640.41560569466,67.719,34.0,26.4043918297579,13.009,88.0,2.05,758781.0,2.7017018085587274
GUY,Guyana,Latin America & Caribbean,High income,Georgetown,6.80461,-58.1548,2016,9,6,1,5870.87823759835,68.069,35.65999985,26.4080892882899,13.263,89.0,2.31,763548.0,3.025350076223106
GUY,Guyana,Latin America & Caribbean,High income,Georgetown,6.80461,-58.1548,2017,9,6,1,6178.6650437298,68.543,42.6753006,26.412905546573,13.466,90.0,2.32,768479.0,3.018950420245706
GUY,Guyana,Latin America & Caribbean,High income,Georgetown,6.80461,-58.1548,2018,9,6,1,6048.38697180418,68.829,48.59889984,26.4188378517884,13.627,90.9,2.44,791556.0,3.082536169266609
GUY,Guyana,Latin America & Caribbean,High income,Georgetown,6.80461,-58.1548,2019,8,7,1,6405.82443444562,69.067,55.31269836,26.4258834773058,13.172,91.6,,807665.0,
GUY,Guyana,Latin America & Caribbean,High income,Georgetown,6.80461,-58.1548,2020,2,2,4,6775.70939096303,67.751,62.95399857,26.4340397353676,15.308,92.3,,807481.0,
GUY,Guyana,Latin America & Caribbean,High income,Georgetown,6.80461,-58.1548,2021,2,2,4,9860.87014834386,64.323,71.65090179,26.443303961947,14.576,92.9,,815482.0,
GUY,Guyana,Latin America & Caribbean,High income,Georgetown,6.80461,-58.1548,2022,9,11,5,17913.4928066879,69.888,76.56240082,26.4536735068183,11.907,93.0,,821637.0,
GUY,Guyana,Latin America & Caribbean,High income,Georgetown,6.80461,-58.1548,2023,9,11,5,20473.7002190617,70.18,79.3553009,26.4651457279878,11.917,98.9,,826353.0,
HKG,"Hong Kong SAR, China",East Asia & Pacific,High income,,22.3964,114.109,2014,0,10,0,40315.3739510191,83.9356097560976,79.8662704309064,100.0,3.296,100.0,,7229500.0,
HKG,"Hong Kong SAR, China",East Asia & Pacific,High income,,22.3964,114.109,2015,0,10,0,42432.1619740441,84.2526829268293,84.9483529634062,100.0,3.314,100.0,,7291300.0,
HKG,"Hong Kong SAR, China",East Asia & Pacific,High income,,22.3964,114.109,2016,0,10,0,43734.1980702999,84.2114634146342,87.47941467087,100.0,3.392,100.0,,7336600.0,
HKG,"Hong Kong SAR, China",East Asia & Pacific,High income,,22.3964,114.109,2017,0,10,0,46160.429791493,84.6956097560976,89.4159446487565,100.0,3.124,100.0,,7393200.0,
HKG,"Hong Kong SAR, China",East Asia & Pacific,High income,,22.3964,114.109,2018,0,10,0,48537.5668888343,84.869756097561,90.5073953294283,100.0,2.805,100.0,,7452600.0,
HKG,"Hong Kong SAR, China",East Asia & Pacific,High income,,22.3964,114.109,2019,0,10,0,48359.0011950597,85.1558536585366,91.7434003891587,100.0,2.917,100.0,,7507900.0,
HKG,"Hong Kong SAR, China",East Asia & Pacific,High income,,22.3964,114.109,2020,0,9,0,46109.2299946609,85.4963414634146,92.41313602,100.0,5.808,100.0,,7481000.0,
HKG,"Hong Kong SAR, China",East Asia & Pacific,High income,,22.3964,114.109,2021,0,9,0,49770.5642374739,85.5326829268293,93.08715788,100.0,5.174,100.0,,7413100.0,
HKG,"Hong Kong SAR, China",East Asia & Pacific,High income,,22.3964,114.109,2022,0,10,0,48825.8441873536,83.6609756097561,95.61357052,100.0,4.318,100.0,,7346100.0,
HKG,"Hong Kong SAR, China",East Asia & Pacific,High income,,22.3964,114.109,2023,0,10,0,50562.3633144379,85.2473170731707,95.97781908,100.0,2.949,100.0,,7536100.0,
HND,Honduras,Latin America & Caribbean,Lower middle income,Tegucigalpa,15.1333,-87.4667,2014,7,5,1,2179.88171977271,71.032,23.0,53.8768089124249,7.078,88.7,9.46,9063122.0,1.0437904289493178
HND,Honduras,Latin America & Caribbean,Lower middle income,Tegucigalpa,15.1333,-87.4667,2015,7,5,1,2271.20265980349,71.323,27.1395454833776,54.3828473751434,6.147,90.0,9.87,9237305.0,1.0684934621082665
HND,Honduras,Latin America & Caribbean,Lower middle income,Tegucigalpa,15.1333,-87.4667,2016,6,5,1,2307.34468351082,71.615,29.5282180796457,54.8868414578857,6.727,91.6,9.4,9412380.0,0.9986847109870193
HND,Honduras,Latin America & Caribbean,Lower middle income,Tegucigalpa,15.1333,-87.4667,2017,6,5,1,2413.0076562942,71.805,31.7357924661485,55.3877322339915,5.528,86.5,9.0,9588137.0,0.9386599294524056
HND,Honduras,Latin America & Caribbean,Lower middle income,Tegucigalpa,15.1333,-87.4667,2018,6,5,1,2464.64241531918,72.001,36.0400608231468,55.8852577716247,5.648,91.6,9.77,9765210.0,1.0004905168450038
HND,Honduras,Latin America & Caribbean,Lower middle income,Tegucigalpa,15.1333,-87.4667,2019,6,5,1,2502.32744328073,72.124,39.3883521850111,56.3791561389766,5.698,91.1,,9943633.0,
HND,Honduras,Latin America & Caribbean,Lower middle income,Tegucigalpa,15.1333,-87.4667,2020,4,4,5,2307.61494319511,70.864,45.24829865,56.8691654042685,10.982,93.1,,10119640.0,
HND,Honduras,Latin America & Caribbean,Lower middle income,Tegucigalpa,15.1333,-87.4667,2021,4,4,5,2735.14751503977,69.492,51.95159912,57.3550236357547,8.506,94.1,,10289877.0,
HND,Honduras,Latin America & Caribbean,Lower middle income,Tegucigalpa,15.1333,-87.4667,2022,4,4,5,3003.28996826399,72.715,56.88069916,57.8364689017254,8.774,94.4,,10463872.0,
HND,Honduras,Latin America & Caribbean,Lower middle income,Tegucigalpa,15.1333,-87.4667,2023,7,7,1,3227.45762509776,72.884,58.0685997,58.3132392705102,6.07,95.6,,10644851.0,
HRV,Croatia,Europe & Central Asia,High income,Zagreb,45.8069,15.9614,2014,0,3,4,14186.7295493276,77.7243902439024,68.5678992528467,55.4591834926844,17.209,100.0,16.34,4201598.0,3.8889965198955254
HRV,Croatia,Europe & Central Asia,High income,Zagreb,45.8069,15.9614,2015,0,3,4,12283.7840620053,77.2756097560976,69.8450359238281,55.5812594509004,16.15,100.0,16.68,4151725.0,4.017607139201176
HRV,Croatia,Europe & Central Asia,High income,Zagreb,45.8069,15.9614,2016,0,4,4,12820.1653893008,77.9219512195122,72.6972696701463,55.7294398599808,13.015,100.0,16.94,4106867.0,4.124798782137333
HRV,Croatia,Europe & Central Asia,High income,Zagreb,45.8069,15.9614,2017,0,4,4,13901.7878144679,77.7268292682927,67.0961920368478,55.9009887365155,11.078,100.0,17.48,4041407.0,4.32522633825299
HRV,Croatia,Europe & Central Asia,High income,Zagreb,45.8069,15.9614,2018,6,11,5,15460.3669595491,77.919512195122,75.2946259897258,56.093170097094,8.322,100.0,16.58,3988775.0,4.156664640146411
HRV,Croatia,Europe & Central Asia,High income,Zagreb,45.8069,15.9614,2019,6,11,5,15563.5987295029,78.2243902439024,79.0797836757554,56.303247958306,6.551,100.0,,3949390.0,
HRV,Croatia,Europe & Central Asia,High income,Zagreb,45.8069,15.9614,2020,6,11,5,14807.5608543265,77.5243902439024,78.32090004,56.5284863367411,7.389,100.0,,3914206.0,
HRV,Croatia,Europe & Central Asia,High income,Zagreb,45.8069,15.9614,2021,6,11,5,17788.7865816658,76.4243902439025,81.25396608,56.7683502560171,7.483,100.0,,3878981.0,
HRV,Croatia,Europe & Central Asia,High income,Zagreb,45.8069,15.9614,2022,6,11,5,18465.5414420364,77.5756097560976,82.07155532,56.9977571733605,6.811,100.0,,3855641.0,
HRV,Croatia,Europe & Central Asia,High income,Zagreb,45.8069,15.9614,2023,6,11,5,22184.2279304842,78.4731707317073,83.24117599,57.2431560672198,6.121,100.0,,3859686.0,
HTI,Haiti,Latin America & Caribbean,Lower middle income,Port-au-Prince,18.5392,-72.3288,2014,5,1,2,1460.18898613914,62.969,11.39999962,48.7723916158687,13.808,39.6,3.06,10373235.0,0.294989942867389
HTI,Haiti,Latin America & Caribbean,Lower middle income,Port-au-Prince,18.5392,-72.3288,2015,5,1,2,1411.12684746796,63.224,14.19999981,49.4334707759572,13.785,40.8,3.32,10523242.0,0.31549212685596323
HTI,Haiti,Latin America & Caribbean,Lower middle income,Port-au-Prince,18.5392,-72.3288,2016,5,1,2,1318.40268167953,63.325,22.79999924,50.087821148256,13.902,40.4,3.4,10671457.0,0.3186069156254858
HTI,Haiti,Latin America & Caribbean,Lower middle income,Port-au-Prince,18.5392,-72.3288,2017,5,1,2,1395.23945184461,63.832,27.20000076,50.735083378449,13.932,43.3,3.37,10817754.0,0.3115249246747523
HTI,Haiti,Latin America & Caribbean,Lower middle income,Port-au-Prince,18.5392,-72.3288,2018,5,1,2,1496.38048970156,64.077,32.4736271300557,51.374898112219,13.934,44.4,3.33,10962362.0,0.303766651748957
HTI,Haiti,Latin America & Caribbean,Lower middle income,Port-au-Prince,18.5392,-72.3288,2019,5,1,2,1352.17204191532,64.328,35.76409912,52.0069059952475,14.095,45.4,,11105163.0,
HTI,Haiti,Latin America & Caribbean,Lower middle income,Port-au-Prince,18.5392,-72.3288,2020,4,1,2,1290.32538667383,63.773,39.38809967,52.6307476732151,15.573,46.3,,11243848.0,
HTI,Haiti,Latin America & Caribbean,Lower middle income,Port-au-Prince,18.5392,-72.3288,2021,4,1,2,1841.33189337222,62.613,43.37919998,53.2460637918026,15.296,47.2,,11374586.0,
HTI,Haiti,Latin America & Caribbean,Lower middle income,Port-au-Prince,18.5392,-72.3288,2022,4,1,2,1760.62635668777,63.948,47.77470016,53.8524949966907,14.54,49.3,,11503606.0,
HTI,Haiti,Latin America & Caribbean,Lower middle income,Port-au-Prince,18.5392,-72.3288,2023,4,1,2,1705.75808460999,64.936,47.99269867,54.4496819335618,14.459,51.3,,11637398.0,
HUN,Hungary,Europe & Central Asia,High income,Budapest,47.4984,19.0408,2014,5,9,5,14352.501883174,75.7634146341463,75.6531974544103,70.3071053512008,7.725,100.0,40.63,9833038.0,4.131988506502263
HUN,Hungary,Europe & Central Asia,High income,Budapest,47.4984,19.0408,2015,5,9,5,12782.9412577973,75.5682926829269,72.8347370323805,70.4847717285156,6.813,100.0,43.38,9797755.0,4.4275448814549865
HUN,Hungary,Europe & Central Asia,High income,Budapest,47.4984,19.0408,2016,5,9,5,13215.8605277789,76.0634146341464,79.2594121273057,70.4733810424805,5.115,100.0,44.48,9759755.0,4.557491453422755
HUN,Hungary,Europe & Central Asia,High income,Budapest,47.4984,19.0408,2017,5,9,5,14736.1668157258,75.8170731707317,76.7505471201922,70.4542541503906,4.156,100.0,46.55,9726756.0,4.785768245857097
HUN,Hungary,Europe & Central Asia,High income,Budapest,47.4984,19.0408,2018,4,9,0,16605.0570511887,76.0658536585366,76.0743606365063,70.4711761474609,3.667,100.0,46.39,9706964.0,4.779043169419398
HUN,Hungary,Europe & Central Asia,High income,Budapest,47.4984,19.0408,2019,4,9,0,17012.8598553199,76.3195121951219,80.3716936050482,70.4565277099609,3.411,100.0,,9694824.0,
HUN,Hungary,Europe & Central Asia,High income,Budapest,47.4984,19.0408,2020,4,9,0,16386.9308821258,75.419512195122,84.77115202,70.2917327880859,4.248,100.0,,9670419.0,
HUN,Hungary,Europe & Central Asia,High income,Budapest,47.4984,19.0408,2021,4,9,0,19030.628130329,74.0658536585366,88.64083466,70.2059275331413,4.021,100.0,,9630932.0,
HUN,Hungary,Europe & Central Asia,High income,Budapest,47.4984,19.0408,2022,4,9,0,18428.028825614,75.8682926829268,89.14282688,70.1585064243445,3.583,100.0,,9605074.0,
HUN,Hungary,Europe & Central Asia,High income,Budapest,47.4984,19.0408,2023,4,10,0,22230.6277875187,76.5707317073171,91.4500713,70.2923026891431,4.096,100.0,,9592186.0,
IDN,Indonesia,East Asia & Pacific,Upper middle income,Jakarta,-6.19752,106.83,2014,7,5,1,3441.06808464008,69.292,17.1431598350566,52.5002136230469,4.049,97.0,490.05,258877399.0,1.8929810091301171
IDN,Indonesia,East Asia & Pacific,Upper middle income,Jakarta,-6.19752,106.83,2015,7,5,1,3288.22269725538,69.52,22.062742603379,53.1720771789551,4.514,97.5,490.84,261799249.0,1.8748716884210772
IDN,Indonesia,East Asia & Pacific,Upper middle income,Jakarta,-6.19752,106.83,2016,7,6,1,3521.46943457574,69.733,25.447353701827,53.812557220459,4.301,97.6,494.98,264627418.0,1.870478893460692
IDN,Indonesia,East Asia & Pacific,Upper middle income,Jakarta,-6.19752,106.83,2017,7,6,1,3798.88326174526,69.953,32.335806250688,54.4541015625,3.783,98.1,532.92,267346658.0,1.993366978988007
IDN,Indonesia,East Asia & Pacific,Upper middle income,Jakarta,-6.19752,106.83,2018,7,6,1,3860.95353090726,70.08,39.9046386385762,55.0956840515137,4.387,98.5,583.11,269951846.0,2.1600519079243488
IDN,Indonesia,East Asia & Pacific,Upper middle income,Jakarta,-6.19752,106.83,2019,7,7,1,4106.94856160358,70.349,47.6906489788375,55.7382049560547,3.59,98.9,,272489381.0,
IDN,Indonesia,East Asia & Pacific,Upper middle income,Jakarta,-6.19752,106.83,2020,7,7,1,3853.70288774146,68.817,53.72649449,56.2785287648768,4.255,97.0,,274814866.0,
IDN,Indonesia,East Asia & Pacific,Upper middle income,Jakarta,-6.19752,106.83,2021,7,8,5,4287.17313995098,67.452,62.10447842,56.8761702464027,3.827,99.2,,276758053.0,
IDN,Indonesia,East Asia & Pacific,Upper middle income,Jakarta,-6.19752,106.83,2022,7,8,5,4730.83484836107,70.925,66.48461277,57.4934704226599,3.462,100.0,,278830529.0,
IDN,Indonesia,East Asia & Pacific,Upper middle income,Jakarta,-6.19752,106.83,2023,7,8,5,4876.30774512252,71.146,69.20836554,58.1179353397878,3.308,99.4,,281190067.0,
IND,India,South Asia,Lower middle income,New Delhi,28.6353,77.225,2014,9,5,1,1553.88396075118,68.932,13.5,32.2288233408821,7.656,85.1,2136.87,1312277191.0,1.628367859058521
IND,India,South Asia,Lower middle income,New Delhi,28.6353,77.225,2015,9,5,1,1583.99815907985,69.326,14.89999962,32.5472990022299,7.629,88.0,2150.22,1328024498.0,1.6191116980433895
IND,India,South Asia,Lower middle income,New Delhi,28.6353,77.225,2016,9,5,1,1707.50892912243,69.709,16.5,32.8650780972823,7.611,89.6,2183.28,1343944296.0,1.6245316167479014
IND,India,South Asia,Lower middle income,New Delhi,28.6353,77.225,2017,9,6,1,1950.10468280866,70.068,18.20000076,33.1821328157539,7.626,91.8,2301.44,1359657400.0,1.6926616955124136
IND,India,South Asia,Lower middle income,New Delhi,28.6353,77.225,2018,9,6,1,1966.25455171679,70.415,20.0813000379384,33.4984353473598,7.652,95.7,2434.52,1374659064.0,1.7709991253511277
IND,India,South Asia,Lower middle income,New Delhi,28.6353,77.225,2019,9,6,1,2041.42863698585,70.746,29.52350044,33.8139578818147,6.51,95.9,,1389030312.0,
IND,India,South Asia,Lower middle income,New Delhi,28.6353,77.225,2020,9,6,1,1907.04251637669,70.156,43.40544313,34.1286726088333,7.859,96.5,,1402617695.0,
IND,India,South Asia,Lower middle income,New Delhi,28.6353,77.225,2021,9,7,1,2239.61384367482,67.282,49.2580986,34.4425517181304,6.38,99.6,,1414203896.0,
IND,India,South Asia,Lower middle income,New Delhi,28.6353,77.225,2022,9,8,1,2347.44829434623,71.698,55.9,34.7555673994206,4.822,99.2,,1425423212.0,
IND,India,South Asia,Lower middle income,New Delhi,28.6353,77.225,2023,9,8,1,2530.12031278204,72.003,60.25230026,35.0676918424186,4.172,99.5,,1438069596.0,
IRL,Ireland,Europe & Central Asia,High income,Dublin,53.3441,-6.26749,2014,0,6,0,57214.5379785709,81.3487804878049,83.4917223351728,62.535401730577,11.858,100.0,35.55,4657740.0,7.6324569426374165
IRL,Ireland,Europe & Central Asia,High income,Dublin,53.3441,-6.26749,2015,4,11,0,64250.1385181257,81.4536585365854,83.4947916666667,62.6392123492764,9.908,100.0,36.99,4701957.0,7.8669371072512995
IRL,Ireland,Europe & Central Asia,High income,Dublin,53.3441,-6.26749,2016,4,11,0,64129.5571542383,81.6536585365854,83.5,62.7229399123734,8.374,100.0,38.71,4762722.0,8.127705123246749
IRL,Ireland,Europe & Central Asia,High income,Dublin,53.3441,-6.26749,2017,3,11,0,72161.4047531385,82.1560975609756,84.1140070623844,62.9035196521232,6.713,100.0,37.53,4827445.0,7.774298826812113
IRL,Ireland,Europe & Central Asia,High income,Dublin,53.3441,-6.26749,2018,3,11,0,80804.1123164826,82.2048780487805,87.0001401148942,63.0844503476779,5.741,100.0,37.11,4898022.0,7.576527831030567
IRL,Ireland,Europe & Central Asia,High income,Dublin,53.3441,-6.26749,2019,3,11,0,81827.6688873996,82.7024390243903,87.0000552425146,63.2737009154127,4.95,100.0,,4976456.0,
IRL,Ireland,Europe & Central Asia,High income,Dublin,53.3441,-6.26749,2020,3,11,0,86514.0706108754,82.4560975609756,91.99989097,63.4713366724915,5.623,100.0,,5039747.0,
IRL,Ireland,Europe & Central Asia,High income,Dublin,53.3441,-6.26749,2021,3,11,0,103783.446284479,82.2536585365854,93.50610352,63.6774229356985,6.357,100.0,,5110585.0,
IRL,Ireland,Europe & Central Asia,High income,Dublin,53.3441,-6.26749,2022,3,11,0,105190.685952731,82.509756097561,95.03690338,63.8920250215059,4.465,100.0,,5212836.0,
IRL,Ireland,Europe & Central Asia,High income,Dublin,53.3441,-6.26749,2023,3,11,0,106818.917130804,82.8073170731707,96.8660965,64.1152082461268,4.243,100.0,,5311538.0,
IRN,"Iran, Islamic Rep.","Middle East, North Africa, Afghanistan & Pakistan",Upper middle income,Tehran,35.6878,51.4447,2014,3,4,5,5672.06372896319,75.635,39.353614505223,72.8324070385223,10.68,100.0,610.67,81502045.0,7.492695428685256
IRN,"Iran, Islamic Rep.","Middle East, North Africa, Afghanistan & Pakistan",Upper middle income,Tehran,35.6878,51.4447,2015,3,4,5,4952.73355532178,75.907,45.3349761533285,73.3561403575949,11.166,100.0,602.23,82619362.0,7.289211456268568
IRN,"Iran, Islamic Rep.","Middle East, North Africa, Afghanistan & Pakistan",Upper middle income,Tehran,35.6878,51.4447,2016,3,4,5,5710.59947089104,76.155,53.2267716709857,73.8796100096595,12.618,100.0,605.76,83812228.0,7.22758497721836
IRN,"Iran, Islamic Rep.","Middle East, North Africa, Afghanistan & Pakistan",Upper middle income,Tehran,35.6878,51.4447,2017,2,5,5,6000.93346404409,76.396,64.0439736249513,74.4011840820312,12.232,99.9,620.78,85026754.0,7.3009961076486585
IRN,"Iran, Islamic Rep.","Middle East, North Africa, Afghanistan & Pakistan",Upper middle income,Tehran,35.6878,51.4447,2018,2,5,5,4783.01067340237,76.621,70.2005650008363,74.8034286499023,12.195,100.0,629.29,86117998.0,7.307299456729126
IRN,"Iran, Islamic Rep.","Middle East, North Africa, Afghanistan & Pakistan",Upper middle income,Tehran,35.6878,51.4447,2019,2,5,5,3997.4935449585,76.855,72.4509047672065,75.2038879394531,10.74,100.0,,87051648.0,
IRN,"Iran, Islamic Rep.","Middle East, North Africa, Afghanistan & Pakistan",Upper middle income,Tehran,35.6878,51.4447,2020,3,5,5,3202.50003502169,74.141,75.56986637,75.5986404418945,9.687,100.0,,87723443.0,
IRN,"Iran, Islamic Rep.","Middle East, North Africa, Afghanistan & Pakistan",Upper middle income,Tehran,35.6878,51.4447,2021,3,5,5,4605.14881318992,73.752,78.5957366,75.9926376342773,9.282,100.0,,88455488.0,
IRN,"Iran, Islamic Rep.","Middle East, North Africa, Afghanistan & Pakistan",Upper middle income,Tehran,35.6878,51.4447,2022,2,5,5,4721.20437099984,76.799,81.71649933,76.3342208862305,9.085,100.0,,89524246.0,
IRN,"Iran, Islamic Rep.","Middle East, North Africa, Afghanistan & Pakistan",Upper middle income,Tehran,35.6878,51.4447,2023,3,6,5,5049.29931642754,77.654,83.71050262,76.6759567260742,8.129,100.0,,90608707.0,
IRQ,Iraq,"Middle East, North Africa, Afghanistan & Pakistan",Upper middle income,Baghdad,33.3302,44.394,2014,4,3,1,6249.39226978969,69.679,11.6453267304545,69.6666641235352,10.59,99.2,168.84,36550059.0,4.619417987806805
IRQ,Iraq,"Middle East, North Africa, Afghanistan & Pakistan",Upper middle income,Baghdad,33.3302,44.394,2015,4,3,1,4440.14189252367,69.977,15.21440029,69.920524597168,10.865,99.4,162.19,37560535.0,4.318096108055969
IRQ,Iraq,"Middle East, North Africa, Afghanistan & Pakistan",Upper middle income,Baghdad,33.3302,44.394,2016,4,3,1,4334.42096404188,68.683,19.87719917,69.9123778259643,10.82,99.7,172.35,38469627.0,4.480157813851432
IRQ,Iraq,"Middle East, North Africa, Afghanistan & Pakistan",Upper middle income,Baghdad,33.3302,44.394,2017,3,3,4,4759.2846435467,69.788,25.96920013,69.8944511190753,13.02,99.9,174.29,39337353.0,4.4306489051258735
IRQ,Iraq,"Middle East, North Africa, Afghanistan & Pakistan",Upper middle income,Baghdad,33.3302,44.394,2018,3,3,4,5646.68932074742,71.116,33.92810059,69.8765148865842,13.458,99.9,188.14,40265624.0,4.67247198255266
IRQ,Iraq,"Middle East, North Africa, Afghanistan & Pakistan",Upper middle income,Baghdad,33.3302,44.394,2019,3,3,4,5671.8568632942,71.245,44.3263465511579,69.8683395385742,14.096,100.0,,41192171.0,
IRQ,Iraq,"Middle East, North Africa, Afghanistan & Pakistan",Upper middle income,Baghdad,33.3302,44.394,2020,3,3,4,4295.18945121228,69.651,53.67779922,69.8683166503906,15.766,100.0,,42116605.0,
IRQ,Iraq,"Middle East, North Africa, Afghanistan & Pakistan",Upper middle income,Baghdad,33.3302,44.394,2021,2,3,4,4868.49431080783,70.704,65.00219727,69.8682708740234,16.173,100.0,,43071211.0,
IRQ,Iraq,"Middle East, North Africa, Afghanistan & Pakistan",Upper middle income,Baghdad,33.3302,44.394,2022,1,4,4,6520.73154560584,72.037,78.71560926,69.8682861328125,15.41,100.0,,44070551.0,
IRQ,Iraq,"Middle East, North Africa, Afghanistan & Pakistan",Upper middle income,Baghdad,33.3302,44.394,2023,1,4,4,5965.31835077761,72.324,81.80889893,69.868278503418,15.239,100.0,,45074049.0,
ISL,Iceland,Europe & Central Asia,High income,Reykjavik,64.1353,-21.8952,2014,0,9,0,55140.364935793,82.8609756097561,98.1580233097118,93.6196716315805,4.897,100.0,2.05,327386.0,6.26172163745548
ISL,Iceland,Europe & Central Asia,High income,Reykjavik,64.1353,-21.8952,2015,0,10,0,53505.6964079339,82.4682926829268,98.19999695,93.727919768566,3.979,100.0,2.06,330815.0,6.227045327448876
ISL,Iceland,Europe & Central Asia,High income,Reykjavik,64.1353,-21.8952,2016,0,10,0,62854.0906407932,82.2048780487805,98.23999786,93.7822647094726,2.978,100.0,2.07,335439.0,6.171017681307182
ISL,Iceland,Europe & Central Asia,High income,Reykjavik,64.1353,-21.8952,2017,0,10,0,72976.3729990975,82.6609756097561,98.2552011867973,93.7718982310092,2.742,100.0,2.17,343400.0,6.319161327897496
ISL,Iceland,Europe & Central Asia,High income,Reykjavik,64.1353,-21.8952,2018,0,10,0,75633.8651351915,82.8609756097561,99.0109539916991,93.8526667025487,2.704,100.0,2.2,352721.0,6.237224321772732
ISL,Iceland,Europe & Central Asia,High income,Reykjavik,64.1353,-21.8952,2019,0,10,0,69296.3144361601,83.1634146341463,99.5049411693787,93.9770847416131,3.507,100.0,,360563.0,
ISL,Iceland,Europe & Central Asia,High income,Reykjavik,64.1353,-21.8952,2020,0,9,0,60127.9393575616,83.0634146341463,99.5327519,94.1367102874722,5.478,100.0,,366463.0,
ISL,Iceland,Europe & Central Asia,High income,Reykjavik,64.1353,-21.8952,2021,0,9,0,70425.4064277273,83.1658536585366,99.68701957,94.2108206403841,6.029,100.0,,372520.0,
ISL,Iceland,Europe & Central Asia,High income,Reykjavik,64.1353,-21.8952,2022,0,10,0,76350.4550416502,82.119512195122,97.58339691,94.1787071228028,3.789,100.0,,382003.0,
ISL,Iceland,Europe & Central Asia,High income,Reykjavik,64.1353,-21.8952,2023,0,10,0,82138.7892973557,82.4560975609756,97.94860077,94.1518261784801,3.518,100.0,,385663.0,
ISR,Israel,"Middle East, North Africa, Afghanistan & Pakistan",High income,,31.7717,35.2035,2014,1,8,0,38343.3046626235,82.1536585365854,75.0177531628076,91.7151980935716,5.789,100.0,64.71,8215700.0,7.876383022749126
ISR,Israel,"Middle East, North Africa, Afghanistan & Pakistan",High income,,31.7717,35.2035,2015,1,8,0,36213.1041481958,82.0512195121951,77.3520896572253,91.7042921554705,5.176,100.0,66.14,8380100.0,7.892507249316834
ISR,Israel,"Middle East, North Africa, Afghanistan & Pakistan",High income,,31.7717,35.2035,2016,2,9,0,37671.5389138798,82.4073170731707,79.6531241815281,91.6894623646632,4.723,100.0,65.26,8546000.0,7.636321085888135
ISR,Israel,"Middle East, North Africa, Afghanistan & Pakistan",High income,,31.7717,35.2035,2017,1,9,0,41138.470964272,82.5512195121951,81.5811835871611,91.6701057535759,4.14,100.0,66.04,8713300.0,7.579217977115445
ISR,Israel,"Middle East, North Africa, Afghanistan & Pakistan",High income,,31.7717,35.2035,2018,1,10,0,42362.6652754196,82.8024390243903,83.7331569615326,91.6456193546346,3.917,100.0,61.97,8882800.0,6.97640383662809
ISR,Israel,"Middle East, North Africa, Afghanistan & Pakistan",High income,,31.7717,35.2035,2019,1,10,0,44250.6313628073,82.8048780487805,86.7878776180583,91.6154002002652,3.731,100.0,,9054000.0,
ISR,Israel,"Middle East, North Africa, Afghanistan & Pakistan",High income,,31.7717,35.2035,2020,1,10,0,44575.5719045492,82.6487804878049,90.12734091,91.5788453228939,4.169,100.0,,9215100.0,
ISR,Israel,"Middle East, North Africa, Afghanistan & Pakistan",High income,,31.7717,35.2035,2021,1,9,0,52270.9040241956,82.5,90.29689758,91.5353517549466,4.812,100.0,,9371400.0,
ISR,Israel,"Middle East, North Africa, Afghanistan & Pakistan",High income,,31.7717,35.2035,2022,1,10,0,54949.621556429,82.7,91.85079615,91.4979834273327,3.695,100.0,,9557500.0,
ISR,Israel,"Middle East, North Africa, Afghanistan & Pakistan",High income,,31.7717,35.2035,2023,1,10,0,52003.7200729997,83.1951219512195,87.03842615,91.5089569794505,3.371,100.0,,9849000.0,
ITA,Italy,Europe & Central Asia,High income,Rome,41.8955,12.4823,2014,0,5,0,36028.3494022349,83.090243902439,55.6384602242293,69.5807638614879,12.683,100.0,327.49,60320707.0,5.429147241261612
ITA,Italy,Europe & Central Asia,High income,Rome,41.8955,12.4823,2015,0,5,0,30639.8829751432,82.5439024390244,58.1417349568747,69.6100006103516,11.896,100.0,337.86,60229605.0,5.609533716849048
ITA,Italy,Europe & Central Asia,High income,Rome,41.8955,12.4823,2016,0,5,0,31391.5692898108,83.2439024390244,61.3242527666303,69.5969232525286,11.688,100.0,333.34,60115223.0,5.545018106312273
ITA,Italy,Europe & Central Asia,High income,Rome,41.8955,12.4823,2017,0,7,0,32844.115660604,82.9463414634147,63.0773469984291,69.5180784259382,11.211,100.0,329.19,60002252.0,5.486294081095489
ITA,Italy,Europe & Central Asia,High income,Rome,41.8955,12.4823,2018,0,7,0,34904.1081923834,83.3463414634146,74.3871829234822,69.4800033569336,10.538,100.0,324.85,60148658.0,5.400785500484483
ITA,Italy,Europe & Central Asia,High income,Rome,41.8955,12.4823,2019,0,7,0,33812.788724868,83.4975609756098,67.8507102874836,69.5050010681153,9.884,100.0,,59729081.0,
ITA,Italy,Europe & Central Asia,High income,Rome,41.8955,12.4823,2020,0,7,0,32091.4866621366,82.1951219512195,70.48342785,69.5187492370606,9.192,100.0,,59438851.0,
ITA,Italy,Europe & Central Asia,High income,Rome,41.8955,12.4823,2021,0,7,0,36852.5425414951,82.6463414634146,74.8623274,69.4812507629394,9.497,100.0,,59133173.0,
ITA,Italy,Europe & Central Asia,High income,Rome,41.8955,12.4823,2022,4,11,0,35653.9042103495,82.7,85.06074504,69.4839779766539,8.069,100.0,,59013667.0,
ITA,Italy,Europe & Central Asia,High income,Rome,41.8955,12.4823,2023,4,11,0,39277.0838783918,83.3512195121951,87.0278292,69.5381540123301,7.627,100.0,,58984216.0,
JAM,Jamaica,Latin America & Caribbean,Upper middle income,Kingston,17.9927,-76.792,2014,4,4,5,4975.11325459872,72.357,40.4027351046672,54.8660395670395,9.046,93.3,7.4,2793749.0,2.6487705230498517
JAM,Jamaica,Latin America & Caribbean,Upper middle income,Kingston,17.9927,-76.792,2015,4,4,5,5339.30718256806,72.214,42.2212211907441,55.1995248014924,8.825,94.9,7.29,2802534.0,2.6012173268905925
JAM,Jamaica,Latin America & Caribbean,Upper middle income,Kingston,17.9927,-76.792,2016,4,4,5,5302.29553353854,72.052,44.3668563671334,55.549259277615,8.634,96.6,7.75,2809915.0,2.7580905472229587
JAM,Jamaica,Latin America & Caribbean,Upper middle income,Kingston,17.9927,-76.792,2017,7,7,1,5605.43541173019,71.879,55.0720670507751,55.9152267548307,7.399,97.4,7.19,2815764.0,2.553481044576179
JAM,Jamaica,Latin America & Caribbean,Upper middle income,Kingston,17.9927,-76.792,2018,7,8,5,5976.90362644337,71.606,68.2145170876072,56.297410990325,5.47,98.2,8.51,2820097.0,3.01762669865611
JAM,Jamaica,Latin America & Caribbean,Upper middle income,Kingston,17.9927,-76.792,2019,7,8,5,6030.68896415921,71.532,70.8410169743356,56.6957957395074,4.987,98.9,,2823271.0,
JAM,Jamaica,Latin America & Caribbean,Upper middle income,Kingston,17.9927,-76.792,2020,7,9,5,5299.04530804283,71.452,76.38400269,57.1103647563627,6.501,99.7,,2830739.0,
JAM,Jamaica,Latin America & Caribbean,Upper middle income,Kingston,17.9927,-76.792,2021,7,9,5,5625.67806271236,69.085,82.36071561,57.5411017937226,5.188,100.0,,2837682.0,
JAM,Jamaica,Latin America & Caribbean,Upper middle income,Kingston,17.9927,-76.792,2022,7,9,5,6626.47502388538,71.481,85.84329987,57.9879906034775,4.083,100.0,,2839144.0,
JAM,Jamaica,Latin America & Caribbean,Upper middle income,Kingston,17.9927,-76.792,2023,7,9,5,7542.40084275345,71.479,89.47304282,58.4510149367429,3.022,97.7,,2839786.0,
JOR,Jordan,"Middle East, North Africa, Afghanistan & Pakistan",Lower middle income,Amman,31.9497,35.9263,2014,3,5,5,4191.18050084986,74.606,46.2,88.0371754329978,11.9,99.8,25.59,8791710.0,2.91069655391272
JOR,Jordan,"Middle East, North Africa, Afghanistan & Pakistan",Lower middle income,Amman,31.9497,35.9263,2015,2,5,5,4042.75678097555,75.06,54.22000122,89.8881391939133,13.075,99.9,25.36,9544729.0,2.6569638593196307
JOR,Jordan,"Middle East, North Africa, Afghanistan & Pakistan",Lower middle income,Amman,31.9497,35.9263,2016,2,5,5,3986.71677010853,75.55,56.15000153,90.56272794707,15.275,100.0,24.86,10006367.0,2.4844181709505557
JOR,Jordan,"Middle East, North Africa, Afghanistan & Pakistan",Lower middle income,Amman,31.9497,35.9263,2017,0,1,4,4065.61628749384,76.071,64.5,90.8764609714428,18.12,100.0,26.1,10234226.0,2.550266136393705
JOR,Jordan,"Middle East, North Africa, Afghanistan & Pakistan",Lower middle income,Amman,31.9497,35.9263,2018,0,1,4,4145.43989673265,76.491,65.2,91.2008859099729,18.257,99.9,24.7,10462306.0,2.360856201300172
JOR,Jordan,"Middle East, North Africa, Afghanistan & Pakistan",Lower middle income,Amman,31.9497,35.9263,2019,2,5,5,4170.1144003465,76.865,70.08470154,91.515966492507,16.801,99.9,,10671891.0,
JOR,Jordan,"Middle East, North Africa, Afghanistan & Pakistan",Lower middle income,Amman,31.9497,35.9263,2020,0,1,4,4022.0401356135,75.583,78.4178009,91.8216722992319,19.213,99.9,,10865228.0,
JOR,Jordan,"Middle East, North Africa, Afghanistan & Pakistan",Lower middle income,Amman,31.9497,35.9263,2021,0,1,4,4183.49998326866,74.204,85.999997,92.117972910453,19.837,99.9,,11066356.0,
JOR,Jordan,"Middle East, North Africa, Afghanistan & Pakistan",Lower middle income,Amman,31.9497,35.9263,2022,1,5,0,4332.25159897931,77.088,90.4999984,92.4048379066163,18.2,100.0,,11256263.0,
JOR,Jordan,"Middle East, North Africa, Afghanistan & Pakistan",Lower middle income,Amman,31.9497,35.9263,2023,2,5,5,4466.08314208575,77.814,92.53443944,92.682236868336,16.62,100.0,,11439213.0,
JPN,Japan,East Asia & Pacific,High income,Tokyo,35.67,139.77,2014,1,11,0,38475.3952461838,83.5878048780488,89.1068330166075,91.2548945132333,3.589,100.0,1219.82,127276000.0,9.584053552908639
JPN,Japan,East Asia & Pacific,High income,Tokyo,35.67,139.77,2015,1,11,0,34960.6393843385,83.7939024390244,91.0580283929962,91.3532644103625,3.385,100.0,1181.5,127141000.0,9.292832367214352
JPN,Japan,East Asia & Pacific,High income,Tokyo,35.67,139.77,2016,1,11,0,39375.4731620781,83.9848780487805,93.1827212821617,91.4541254852142,3.132,100.0,1171.39,127076000.0,9.218027007460103
JPN,Japan,East Asia & Pacific,High income,Tokyo,35.67,139.77,2017,1,11,0,38834.0529341227,84.099756097561,91.7265472366635,91.5498419685883,2.822,100.0,1151.93,126972000.0,9.072315156097407
JPN,Japan,East Asia & Pacific,High income,Tokyo,35.67,139.77,2018,1,11,0,39751.1330982711,84.2109756097561,88.7463508901772,91.6377318609728,2.467,100.0,1106.15,126811000.0,8.72282372980262
JPN,Japan,East Asia & Pacific,High income,Tokyo,35.67,139.77,2019,1,11,0,40415.9567649547,84.3563414634146,92.7303978145525,91.7164207898107,2.351,100.0,,126633000.0,
JPN,Japan,East Asia & Pacific,High income,Tokyo,35.67,139.77,2020,1,11,0,40028.7341726762,84.56,90.21945812,91.7809926267889,2.809,100.0,,126261000.0,
JPN,Japan,East Asia & Pacific,High income,Tokyo,35.67,139.77,2021,1,11,0,40094.5599795288,84.4456097560976,82.91407928,91.8741049279527,2.808,100.0,,125681593.0,
JPN,Japan,East Asia & Pacific,High income,Tokyo,35.67,139.77,2022,1,11,0,34065.6438962526,83.9963414634146,84.92343147,91.9776532428406,2.614,100.0,,125124989.0,
JPN,Japan,East Asia & Pacific,High income,Tokyo,35.67,139.77,2023,1,11,0,33836.1756271617,84.0412195121951,85.00990295,92.0826903891473,2.6,100.0,,124516650.0,
KAZ,Kazakhstan,Europe & Central Asia,Upper middle income,Astana,51.1879,71.4382,2014,7,10,5,12427.7094576939,71.415,66.0,55.5524361787178,5.06,100.0,205.23,17816285.0,11.519236473821563
KAZ,Kazakhstan,Europe & Central Asia,Upper middle income,Astana,51.1879,71.4382,2015,7,10,5,10196.1226255982,72.024,70.82993359566,56.1106048930882,4.93,100.0,206.64,18084169.0,11.426568729810034
KAZ,Kazakhstan,Europe & Central Asia,Upper middle income,Astana,51.1879,71.4382,2016,7,9,5,7475.56688689424,72.549,74.5877264735738,56.7476265001667,4.96,100.0,223.02,18363600.0,12.1446775142129
KAZ,Kazakhstan,Europe & Central Asia,Upper middle income,Astana,51.1879,71.4382,2017,7,10,5,8943.08416791984,72.996,76.4267482325439,57.4586448748837,4.9,100.0,225.56,18651931.0,12.093117865383482
KAZ,Kazakhstan,Europe & Central Asia,Upper middle income,Astana,51.1879,71.4382,2018,7,10,5,9472.48527327758,73.369,78.9039190578816,58.2388038921695,4.85,100.0,220.45,18932727.0,11.643858805971268
KAZ,Kazakhstan,Europe & Central Asia,Upper middle income,Astana,51.1879,71.4382,2019,7,10,5,9457.12614657136,73.658,81.8776204746284,59.0832474269546,4.8,100.0,,19209555.0,
KAZ,Kazakhstan,Europe & Central Asia,Upper middle income,Astana,51.1879,71.4382,2020,6,9,5,8781.50797787648,71.195,85.94259898,59.9871193541692,4.89,100.0,,19482117.0,
KAZ,Kazakhstan,Europe & Central Asia,Upper middle income,Astana,51.1879,71.4382,2021,6,9,5,9983.60103576902,70.131,90.9239507,61.030254280267,5.568,100.0,,19743603.0,
KAZ,Kazakhstan,Europe & Central Asia,Upper middle income,Astana,51.1879,71.4382,2022,6,9,5,11255.3396437881,73.503,92.29685266,61.444157327248,4.86,100.0,,20034609.0,
KAZ,Kazakhstan,Europe & Central Asia,Upper middle income,Astana,51.1879,71.4382,2023,6,10,5,12879.4275257974,74.402,92.87846096,61.7560919499181,4.835,100.0,,20330104.0,
KEN,Kenya,Sub-Saharan Africa,Lower middle income,Nairobi,-1.27975,36.8126,2014,8,2,3,1482.81566253497,61.99,16.5,31.7931545274563,2.767,36.0,15.03,46051440.0,0.3263741589839536
KEN,Kenya,Sub-Saharan Africa,Lower middle income,Nairobi,-1.27975,36.8126,2015,8,2,3,1489.11959777284,62.279,16.5878548475992,31.7338026039958,2.762,41.6,17.09,47088526.0,0.36293342458840183
KEN,Kenya,Sub-Saharan Africa,Lower middle income,Nairobi,-1.27975,36.8126,2016,8,3,3,1554.12610314423,62.526,16.6,31.6502520105647,2.757,53.1,18.77,48139687.0,0.3899069804920003
KEN,Kenya,Sub-Saharan Africa,Lower middle income,Nairobi,-1.27975,36.8126,2017,8,3,3,1667.48447230835,62.725,17.82710075,31.5383650847102,3.542,55.8,18.89,49197766.0,0.38396052373597617
KEN,Kenya,Sub-Saharan Africa,Lower middle income,Nairobi,-1.27975,36.8126,2018,8,4,1,1836.45275528993,62.825,19.5,31.3940041639796,4.284,61.2,18.4,50207107.0,0.3664819803299959
KEN,Kenya,Sub-Saharan Africa,Lower middle income,Nairobi,-1.27975,36.8126,2019,8,4,1,1960.40808854893,62.939,22.6687733618171,31.1895566421135,5.014,69.7,,51202827.0,
KEN,Kenya,Sub-Saharan Africa,Lower middle income,Nairobi,-1.27975,36.8126,2020,8,4,1,1927.66459027849,61.596,24.7227993,31.2063494632616,5.613,71.5,,52217334.0,
KEN,Kenya,Sub-Saharan Africa,Lower middle income,Nairobi,-1.27975,36.8126,2021,8,4,1,2061.35622089594,61.225,26.96290016,31.2879334021971,5.693,76.5,,53219166.0,
KEN,Kenya,Sub-Saharan Africa,Lower middle income,Nairobi,-1.27975,36.8126,2022,8,4,1,2109.56288513137,63.549,29.40589905,31.4307820066946,5.565,76.0,,54252461.0,
KEN,Kenya,Sub-Saharan Africa,Lower middle income,Nairobi,-1.27975,36.8126,2023,8,4,1,1942.58802756191,63.646,32.07040024,31.6330340816429,5.409,76.2,,55339003.0,
KGZ,Kyrgyz Republic,Europe & Central Asia,Lower middle income,Bishkek,42.8851,74.6057,2014,8,5,1,1264.52668823891,70.4024390243902,28.29999924,35.1455493029297,4.02,99.8,9.71,5905848.0,1.6441330694592884
KGZ,Kyrgyz Republic,Europe & Central Asia,Lower middle income,Bishkek,42.8851,74.6057,2015,8,5,1,1105.65193844261,70.6512195121951,30.24699974,35.1008937681291,4.138,98.7,10.27,6040036.0,1.7003209914642894
KGZ,Kyrgyz Republic,Europe & Central Asia,Lower middle income,Bishkek,42.8851,74.6057,2016,9,7,1,1103.27489428412,70.9512195121951,40.52619934,35.0515747230627,4.294,99.7,9.7,6175338.0,1.5707642237558495
KGZ,Kyrgyz Republic,Europe & Central Asia,Lower middle income,Bishkek,42.8851,74.6057,2017,9,8,1,1221.39046807082,71.2,50.80530167,34.9980805726839,4.425,100.0,9.34,6306696.0,1.4809656276440153
KGZ,Kyrgyz Republic,Europe & Central Asia,Lower middle income,Bishkek,42.8851,74.6057,2018,9,8,1,1283.5203037417,71.4,62.8,34.9408997219466,4.559,100.0,11.0,6444079.0,1.706993350019452
KGZ,Kyrgyz Republic,Europe & Central Asia,Lower middle income,Bishkek,42.8851,74.6057,2019,9,8,1,1421.99927504102,71.6,64.1,34.8805205758044,5.45,99.9,,6590211.0,
KGZ,Kyrgyz Republic,Europe & Central Asia,Lower middle income,Bishkek,42.8851,74.6057,2020,9,9,5,1229.51766602907,71.8,72.0,34.8174315392111,5.945,99.9,,6726596.0,
KGZ,Kyrgyz Republic,Europe & Central Asia,Lower middle income,Bishkek,42.8851,74.6057,2021,9,9,5,1349.99730650542,71.9,77.11769867,34.7521210171204,5.149,99.7,,6851224.0,
KGZ,Kyrgyz Republic,Europe & Central Asia,Lower middle income,Bishkek,42.8851,74.6057,2022,9,10,5,1739.72018344174,72.0487804878049,84.1937027,34.7003053497743,4.767,99.7,,6975220.0,
KGZ,Kyrgyz Republic,Europe & Central Asia,Lower middle income,Bishkek,42.8851,74.6057,2023,9,10,5,2138.22210211478,72.2487804878049,91.04440308,34.706439175362,3.498,100.0,,7099750.0,
KHM,Cambodia,East Asia & Pacific,Lower middle income,Phnom Penh,11.5556,104.874,2014,9,3,3,1431.56396469993,69.117,14.0,27.8179557823331,0.692,56.1,6.63,15396772.0,0.43060974079501857
KHM,Cambodia,East Asia & Pacific,Lower middle income,Phnom Penh,11.5556,104.874,2015,9,3,3,1547.32010444393,69.398,6.43319107021405,30.0669222549819,0.393,62.7,8.58,15623251.0,0.5491814731773815
KHM,Cambodia,East Asia & Pacific,Lower middle income,Phnom Penh,11.5556,104.874,2016,8,4,1,1675.19555711109,69.635,32.3984517141849,32.4767436038024,0.716,68.8,9.9,15852803.0,0.6244952391069264
KHM,Cambodia,East Asia & Pacific,Lower middle income,Phnom Penh,11.5556,104.874,2017,8,5,1,1826.35391688754,69.842,32.9002785437986,35.0127905056235,0.141,89.1,11.37,16073372.0,0.707381126996874
KHM,Cambodia,East Asia & Pacific,Lower middle income,Phnom Penh,11.5556,104.874,2018,9,9,5,2036.67377566578,69.993,65.0,37.6404336372742,0.129,80.7,11.16,16274522.0,0.6857344258713097
KHM,Cambodia,East Asia & Pacific,Lower middle income,Phnom Penh,11.5556,104.874,2019,9,8,1,2225.87705485686,70.127,52.305878224498,39.5830241256026,0.119,84.0,,16481304.0,
KHM,Cambodia,East Asia & Pacific,Lower middle income,Phnom Penh,11.5556,104.874,2020,9,8,1,2081.73914242939,70.059,56.37590027,39.832658030922,0.172,86.4,,16725474.0,
KHM,Cambodia,East Asia & Pacific,Lower middle income,Phnom Penh,11.5556,104.874,2021,9,8,1,2167.40324198499,69.301,60.76269913,40.1091858128847,0.396,82.5,,16974305.0,
KHM,Cambodia,East Asia & Pacific,Lower middle income,Phnom Penh,11.5556,104.874,2022,9,9,5,2325.03050040841,70.528,65.49079895,40.374616187368,0.245,92.3,,17201724.0,
KHM,Cambodia,East Asia & Pacific,Lower middle income,Phnom Penh,11.5556,104.874,2023,9,9,5,2429.74853452838,70.668,68.92549896,40.6290788072508,0.256,95.0,,17423880.0,
KOR,"Korea, Rep.",East Asia & Pacific,High income,Seoul,37.5323,126.957,2014,2,10,0,30667.0912467447,81.7219512195122,87.5568264944747,81.7315682816954,3.082,100.0,586.0,50746659.0,11.547558234326322
KOR,"Korea, Rep.",East Asia & Pacific,High income,Seoul,37.5323,126.957,2015,2,9,0,30171.7906545222,82.0243902439024,89.8962557995106,81.639489860678,3.546,100.0,606.51,51014947.0,11.888868570225114
KOR,"Korea, Rep.",East Asia & Pacific,High income,Seoul,37.5323,126.957,2016,2,10,0,30832.0628072516,82.2756097560976,92.8430256796075,81.5559241797057,3.65,100.0,614.78,51217803.0,12.003248167438967
KOR,"Korea, Rep.",East Asia & Pacific,High income,Seoul,37.5323,126.957,2017,2,10,0,33296.9845439195,82.6268292682927,95.0694218761004,81.471030429984,3.653,100.0,625.35,51361911.0,12.175364736720953
KOR,"Korea, Rep.",East Asia & Pacific,High income,Seoul,37.5323,126.957,2018,2,10,0,35363.9508228687,82.6268292682927,96.0228595797887,81.3823523035196,3.824,100.0,630.87,51585058.0,12.229704190698012
KOR,"Korea, Rep.",East Asia & Pacific,High income,Seoul,37.5323,126.957,2019,2,10,0,33826.9443301597,83.2268292682927,96.157579184239,81.2901063535619,3.746,100.0,,51764822.0,
KOR,"Korea, Rep.",East Asia & Pacific,High income,Seoul,37.5323,126.957,2020,2,11,0,33645.7719545073,83.4268292682927,96.50506052,81.1759595622913,3.931,100.0,,51836239.0,
KOR,"Korea, Rep.",East Asia & Pacific,High income,Seoul,37.5323,126.957,2021,2,11,0,37518.4635305697,83.5268292682927,97.57132698,81.1616526507785,3.639,100.0,,51769539.0,
KOR,"Korea, Rep.",East Asia & Pacific,High income,Seoul,37.5323,126.957,2022,2,10,0,34822.4048404971,82.6804878048781,97.16855335,81.1624941626873,2.857,100.0,,51672569.0,
KOR,"Korea, Rep.",East Asia & Pacific,High income,Seoul,37.5323,126.957,2023,2,11,0,35674.095995632,83.4292682926829,97.41597478,81.1645551720421,2.675,100.0,,51712619.0,
KWT,Kuwait,"Middle East, North Africa, Afghanistan & Pakistan",High income,Kuwait City,29.3721,47.9824,2014,0,11,0,44368.7813457751,79.0803414634146,78.69999695,100.0,2.9,100.0,83.58,3665876.0,22.799461847591136
KWT,Kuwait,"Middle East, North Africa, Afghanistan & Pakistan",High income,Kuwait City,29.3721,47.9824,2015,0,11,0,29882.2126495698,79.3765609756098,82.0,100.0,2.2,100.0,88.04,3834574.0,22.959525621359766
KWT,Kuwait,"Middle East, North Africa, Afghanistan & Pakistan",High income,Kuwait City,29.3721,47.9824,2016,0,11,0,27323.6890735517,79.6775853658537,85.59999847,100.0,2.16,100.0,89.88,4004096.0,22.447014257400422
KWT,Kuwait,"Middle East, North Africa, Afghanistan & Pakistan",High income,Kuwait City,29.3721,47.9824,2017,0,11,0,29047.6536135703,79.9160731707317,97.9999893344615,100.0,2.23,100.0,89.72,4154812.0,21.594238198984694
KWT,Kuwait,"Middle East, North Africa, Afghanistan & Pakistan",High income,Kuwait City,29.3721,47.9824,2018,0,11,0,32067.9623756889,80.1063658536585,99.5988495907557,100.0,2.202,100.0,89.46,4323515.0,20.69149754308705
KWT,Kuwait,"Middle East, North Africa, Afghanistan & Pakistan",High income,Kuwait City,29.3721,47.9824,2019,0,11,0,31707.8737443551,81.969756097561,99.5426764518489,100.0,2.213,100.0,,4442316.0,
KWT,Kuwait,"Middle East, North Africa, Afghanistan & Pakistan",High income,Kuwait City,29.3721,47.9824,2020,0,11,0,25236.0755848941,78.7609756097561,99.10587017,100.0,3.489,100.0,,4400267.0,
KWT,Kuwait,"Middle East, North Africa, Afghanistan & Pakistan",High income,Kuwait City,29.3721,47.9824,2021,0,11,0,34018.6342592913,78.7365853658537,99.7,100.0,2.97,100.0,,4360865.0,
KWT,Kuwait,"Middle East, North Africa, Afghanistan & Pakistan",High income,Kuwait City,29.3721,47.9824,2022,0,11,0,39981.7691035833,80.5878048780488,99.74729919,100.0,2.133,100.0,,4589643.0,
KWT,Kuwait,"Middle East, North Africa, Afghanistan & Pakistan",High income,Kuwait City,29.3721,47.9824,2023,0,11,0,34075.849012909,83.1878048780488,99.74731125,100.0,2.08,100.0,,4853420.0,
LAO,Lao PDR,East Asia & Pacific,Lower middle income,Vientiane,18.5826,102.177,2014,8,4,1,1981.03910900473,66.35,14.26000023,32.6638235172635,1.733,82.5,4.42,6703172.0,0.6593893159835373
LAO,Lao PDR,East Asia & Pacific,Lower middle income,Vientiane,18.5826,102.177,2015,8,5,1,2121.01339097363,66.688,18.20000076,33.1240204432199,2.006,89.7,8.66,6801645.0,1.2732214045278751
LAO,Lao PDR,East Asia & Pacific,Lower middle income,Vientiane,18.5826,102.177,2016,8,5,1,2303.22156035363,67.014,21.87000084,33.8267455533474,2.634,89.0,15.36,6908802.0,2.2232508617268234
LAO,Lao PDR,East Asia & Pacific,Lower middle income,Vientiane,18.5826,102.177,2017,8,5,1,2432.43059478511,67.345,25.51040077,34.5115346444216,3.268,93.6,18.51,7018147.0,2.6374483179106964
LAO,Lao PDR,East Asia & Pacific,Lower middle income,Vientiane,18.5826,102.177,2018,8,6,1,2545.1075420815,67.594,36.27130127,35.2050070032013,2.897,92.9,18.79,7128045.0,2.636066410916317
LAO,Lao PDR,East Asia & Pacific,Lower middle income,Vientiane,18.5826,102.177,2019,9,8,1,2589.32081035237,67.911,47.03229904,35.9072880879451,2.531,98.4,,7237636.0,
LAO,Lao PDR,East Asia & Pacific,Lower middle income,Vientiane,18.5826,102.177,2020,9,8,1,2583.77730696131,68.339,54.0,36.6185033569111,2.349,99.3,,7346533.0,
LAO,Lao PDR,East Asia & Pacific,Lower middle income,Vientiane,18.5826,102.177,2021,9,9,5,2526.05105018529,67.807,62.0,37.338778268357,2.08,100.0,,7453194.0,
LAO,Lao PDR,East Asia & Pacific,Lower middle income,Vientiane,18.5826,102.177,2022,9,9,5,2046.40440255621,68.715,64.54000092,38.0682382805397,1.209,100.0,,7559007.0,
LAO,Lao PDR,East Asia & Pacific,Lower middle income,Vientiane,18.5826,102.177,2023,9,9,5,2066.94979776957,68.964,64.39800262,38.8070088517156,1.186,96.5,,7664993.0,
LBN,Lebanon,"Middle East, North Africa, Afghanistan & Pakistan",Lower middle income,Beirut,33.8872,35.5134,2014,3,6,5,7577.6413302369,78.148,73.0,88.4182574811842,8.84,99.7,24.94,6346990.0,3.9294216628669654
LBN,Lebanon,"Middle East, North Africa, Afghanistan & Pakistan",Lower middle income,Beirut,33.8872,35.5134,2015,2,6,0,7714.1099998804,78.275,74.0,88.6246882038608,9.312,99.7,27.05,6472469.0,4.179239792419246
LBN,Lebanon,"Middle East, North Africa, Afghanistan & Pakistan",Lower middle income,Beirut,33.8872,35.5134,2016,2,6,0,8089.012088155,78.306,76.11000061,88.835892633396,9.794,99.8,27.81,6323060.0,4.398186953785035
LBN,Lebanon,"Middle East, North Africa, Afghanistan & Pakistan",Lower middle income,Beirut,33.8872,35.5134,2017,2,6,0,8608.21084982387,78.192,78.18080139,89.0519233886895,10.258,99.9,29.28,6160128.0,4.753147986535344
LBN,Lebanon,"Middle East, North Africa, Afghanistan & Pakistan",Lower middle income,Beirut,33.8872,35.5134,2018,2,6,0,9174.53666204759,78.263,80.90000153,89.272833088641,10.755,99.7,27.71,5984119.0,4.630589732590545
LBN,Lebanon,"Middle East, North Africa, Afghanistan & Pakistan",Lower middle income,Beirut,33.8872,35.5134,2019,2,6,0,8905.88005497437,78.208,81.48120117,89.4986743521503,11.301,100.0,,5794594.0,
LBN,Lebanon,"Middle East, North Africa, Afghanistan & Pakistan",Lower middle income,Beirut,33.8872,35.5134,2020,2,5,5,5561.19166950397,76.299,82.0664978,89.729499798117,13.252,100.0,,5702398.0,
LBN,Lebanon,"Middle East, North Africa, Afghanistan & Pakistan",Lower middle income,Beirut,33.8872,35.5134,2021,2,5,5,4045.37391066234,73.65,82.65599823,89.965362045441,12.715,100.0,,5718122.0,
LBN,Lebanon,"Middle East, North Africa, Afghanistan & Pakistan",Lower middle income,Beirut,33.8872,35.5134,2022,2,5,5,3654.35845534878,78.003,81.46479797,90.206313713022,11.105,100.0,,5744489.0,
LBN,Lebanon,"Middle East, North Africa, Afghanistan & Pakistan",Lower middle income,Beirut,33.8872,35.5134,2023,2,5,5,3477.72489842684,77.817,81.7059021,90.4524074197598,10.985,100.0,,5773493.0,
LBR,Liberia,Sub-Saharan Africa,Low income,Monrovia,6.30039,-10.7957,2014,8,0,3,706.714490064507,59.21,5.409999847,50.2198153156642,2.079,9.4,1.22,4564293.0,0.267292218093799
LBR,Liberia,Sub-Saharan Africa,Low income,Monrovia,6.30039,-10.7957,2015,7,1,3,692.590082351257,59.248,10.0,50.7434382961363,2.557,15.2,1.26,4659431.0,0.27041928510154994
LBR,Liberia,Sub-Saharan Africa,Low income,Monrovia,6.30039,-10.7957,2016,7,1,3,714.613063145659,60.483,15.69999981,51.2687310234384,3.081,17.7,1.41,4755608.0,0.29649205737731116
LBR,Liberia,Sub-Saharan Africa,Low income,Monrovia,6.30039,-10.7957,2017,7,1,3,699.269095727404,60.777,16.29999924,51.7957569553849,3.067,24.2,1.26,4848925.0,0.2598514103641529
LBR,Liberia,Sub-Saharan Africa,Low income,Monrovia,6.30039,-10.7957,2018,7,1,3,692.203127129794,60.999,17.27770042,52.3245795497906,3.058,22.8,1.32,4944726.0,0.2669510909199013
LBR,Liberia,Sub-Saharan Africa,Low income,Monrovia,6.30039,-10.7957,2019,7,1,3,658.164180770507,61.232,19.89579964,52.85526226447,3.071,23.1,,5043721.0,
LBR,Liberia,Sub-Saharan Africa,Low income,Monrovia,6.30039,-10.7957,2020,7,1,3,616.787867006715,61.267,22.91069984,53.3878685572381,4.102,27.6,,5149463.0,
LBR,Liberia,Sub-Saharan Africa,Low income,Monrovia,6.30039,-10.7957,2021,7,2,3,667.96610514319,61.166,26.38229942,53.9224618859098,3.844,29.8,,5259323.0,
LBR,Liberia,Sub-Saharan Africa,Low income,Monrovia,6.30039,-10.7957,2022,7,2,3,744.617175237387,61.934,30.38010025,54.4591057083,2.956,31.8,,5373294.0,
LBR,Liberia,Sub-Saharan Africa,Low income,Monrovia,6.30039,-10.7957,2023,7,2,3,799.194470229642,62.163,31.22410011,54.997863482224,2.905,32.5,,5493031.0,
LBY,Libya,"Middle East, North Africa, Afghanistan & Pakistan",Upper middle income,Tripoli,32.8578,13.1072,2014,0,0,4,8926.42074591474,71.3,17.76000023,88.0142059326172,19.295,75.5,59.7,6427252.0,9.288573094691168
LBY,Libya,"Middle East, North Africa, Afghanistan & Pakistan",Upper middle income,Tripoli,32.8578,13.1072,2015,0,0,4,7458.48917756374,71.644,25.0,87.8159103393555,19.69,73.8,53.84,6531819.0,8.242726872866502
LBY,Libya,"Middle East, North Africa, Afghanistan & Pakistan",Upper middle income,Tripoli,32.8578,13.1072,2016,0,0,4,7525.80299308216,71.799,35.0,87.8160056703177,19.559,72.2,51.18,6632126.0,7.716982457812171
LBY,Libya,"Middle East, North Africa, Afghanistan & Pakistan",Upper middle income,Tripoli,32.8578,13.1072,2017,0,0,4,9965.83236729757,72.721,47.5,87.8166729870528,19.053,70.6,56.81,6738770.0,8.430321853988191
LBY,Libya,"Middle East, North Africa, Afghanistan & Pakistan",Upper middle income,Tripoli,32.8578,13.1072,2018,0,0,4,11196.5854810844,73.151,47.5,87.818484275334,18.865,67.0,58.94,6849055.0,8.605566753369626
LBY,Libya,"Middle East, North Africa, Afghanistan & Pakistan",Upper middle income,Tripoli,32.8578,13.1072,2019,0,0,4,9963.19489084483,72.941,71.40409851,87.8220115209342,19.087,68.5,,6951033.0,
LBY,Libya,"Middle East, North Africa, Afghanistan & Pakistan",Upper middle income,Tripoli,32.8578,13.1072,2020,0,0,4,6650.33810585348,72.388,74.35810089,87.8278267096263,19.651,69.4,,7045399.0,
LBY,Libya,"Middle East, North Africa, Afghanistan & Pakistan",Upper middle income,Tripoli,32.8578,13.1072,2021,0,0,4,4935.82787349801,72.062,77.438797,87.8365018271835,19.779,70.2,,7135175.0,
LBY,Libya,"Middle East, North Africa, Afghanistan & Pakistan",Upper middle income,Tripoli,32.8578,13.1072,2022,0,0,4,5986.63694851258,74.462,80.64720154,87.8486088593786,19.238,70.0,,7223805.0,
LBY,Libya,"Middle East, North Africa, Afghanistan & Pakistan",Upper middle income,Tripoli,32.8578,13.1072,2023,0,0,4,6026.51518708812,69.339,82.10469818,87.8647197919848,18.713,73.2,,7305659.0,
LCA,St. Lucia,Latin America & Caribbean,Upper middle income,Castries,14.0,-60.9832,2014,2,2,4,10044.8218377677,72.676,53.17969894,19.3915445904726,21.583,98.1,0.36,174138.0,2.0673259139303313
LCA,St. Lucia,Latin America & Caribbean,Upper middle income,Castries,14.0,-60.9832,2015,2,2,4,10334.9860823918,72.932,57.26330185,20.0204288176073,20.84,99.0,0.38,174905.0,2.1726079871930475
LCA,St. Lucia,Latin America & Caribbean,Upper middle income,Castries,14.0,-60.9832,2016,2,2,4,10638.1269396653,72.552,58.22259903,20.8164880000551,19.932,99.8,0.35,175646.0,1.9926442959133712
LCA,St. Lucia,Latin America & Caribbean,Upper middle income,Castries,14.0,-60.9832,2017,2,2,4,11333.1123822102,72.522,59.16009903,21.783720356472,19.136,99.9,0.37,176342.0,2.0981955518254303
LCA,St. Lucia,Latin America & Caribbean,Upper middle income,Castries,14.0,-60.9832,2018,2,2,4,11642.6984727769,72.655,60.11259842,22.9261241055144,19.329,100.0,0.39,177017.0,2.203178225820119
LCA,St. Lucia,Latin America & Caribbean,Upper middle income,Castries,14.0,-60.9832,2019,2,2,4,11794.0597229805,72.249,61.08050156,24.2476974658382,15.613,100.0,,177661.0,
LCA,St. Lucia,Latin America & Caribbean,Upper middle income,Castries,14.0,-60.9832,2020,2,2,4,8411.07474936367,72.308,62.06399918,25.7524386560998,25.224,100.0,,178250.0,
LCA,St. Lucia,Latin America & Caribbean,Upper middle income,Castries,14.0,-60.9832,2021,2,2,4,10459.1321248092,69.119,63.06330109,27.4443458949551,20.514,100.0,,178522.0,
LCA,St. Lucia,Latin America & Caribbean,Upper middle income,Castries,14.0,-60.9832,2022,2,2,4,13103.8243147472,72.67,66.95159912,29.097678526676,15.934,100.0,,178781.0,
LCA,St. Lucia,Latin America & Caribbean,Upper middle income,Castries,14.0,-60.9832,2023,9,11,5,13554.7684784933,72.697,67.44390106,29.0976313248036,12.094,100.0,,179285.0,
LKA,Sri Lanka,South Asia,Lower middle income,Colombo,6.92148,79.8528,2014,9,6,1,3972.04375736464,75.757,10.5000026214106,18.6153877203724,4.157,92.7,17.6,20778000.0,0.8470497641736452
LKA,Sri Lanka,South Asia,Lower middle income,Colombo,6.92148,79.8528,2015,9,7,1,4057.7158346231,75.99,15.26249981,18.796256612131,4.519,94.3,20.36,20970000.0,0.9709108249880782
LKA,Sri Lanka,South Asia,Lower middle income,Colombo,6.92148,79.8528,2016,9,7,1,4149.19190775593,76.136,22.19,18.9747679368162,4.242,97.5,21.93,21209000.0,1.0339950021217408
LKA,Sri Lanka,South Asia,Lower middle income,Colombo,6.92148,79.8528,2017,9,7,1,4398.88828068715,76.239,25.07550049,19.1507693078088,4.046,97.5,23.31,21453000.0,1.0865613200950917
LKA,Sri Lanka,South Asia,Lower middle income,Colombo,6.92148,79.8528,2018,9,7,1,4358.56095906047,76.485,28.33620071,19.3241083384127,4.318,99.6,21.63,21670000.0,0.9981541301338256
LKA,Sri Lanka,South Asia,Lower middle income,Colombo,6.92148,79.8528,2019,9,7,1,4081.94772722003,76.698,32.02090073,19.4946326418437,4.67,99.8,,21803000.0,
LKA,Sri Lanka,South Asia,Lower middle income,Colombo,6.92148,79.8528,2020,9,7,1,3847.60137695639,76.928,36.18473435,19.6621898312161,5.364,100.0,,21919000.0,
LKA,Sri Lanka,South Asia,Lower middle income,Colombo,6.92148,79.8528,2021,9,7,1,3996.96240014909,76.278,44.45308724,19.8266275195269,4.981,100.0,,22156000.0,
LKA,Sri Lanka,South Asia,Lower middle income,Colombo,6.92148,79.8528,2022,9,7,1,3342.63650253855,77.3,48.3,19.9877933196367,4.528,100.0,,22181000.0,
LKA,Sri Lanka,South Asia,Lower middle income,Colombo,6.92148,79.8528,2023,9,7,1,3798.89016573011,77.483,51.2,20.1455348442463,4.528,100.0,,22037000.0,
LSO,Lesotho,Sub-Saharan Africa,Lower middle income,Maseru,-29.5208,27.7167,2014,6,0,3,1173.5377928819,50.786,22.0,32.6404409096604,16.066,27.8,2.31,2080089.0,1.11052940523218
LSO,Lesotho,Sub-Saharan Africa,Lower middle income,Maseru,-29.5208,27.7167,2015,6,0,3,1121.19851342518,51.83,25.0,34.0903875831861,16.223,31.8,2.23,2104611.0,1.0595782308464605
LSO,Lesotho,Sub-Saharan Africa,Lower middle income,Maseru,-29.5208,27.7167,2016,6,0,3,992.491840678465,52.908,32.4538569477365,35.5077950709441,16.138,35.1,2.27,2130422.0,1.0655165971812157
LSO,Lesotho,Sub-Saharan Africa,Lower middle income,Maseru,-29.5208,27.7167,2017,6,0,3,1069.36673247542,53.874,39.0,36.5283648068846,16.379,33.7,2.44,2157110.0,1.1311430571459036
LSO,Lesotho,Sub-Saharan Africa,Lower middle income,Maseru,-29.5208,27.7167,2018,5,0,2,1170.65569702819,54.638,40.79999924,37.569092747415,16.614,47.0,2.57,2183603.0,1.1769538693617843
LSO,Lesotho,Sub-Saharan Africa,Lower middle income,Maseru,-29.5208,27.7167,2019,5,0,2,1082.05706777516,55.249,42.301733569273,38.6040920446259,16.876,44.6,,2209405.0,
LSO,Lesotho,Sub-Saharan Africa,Lower middle income,Maseru,-29.5208,27.7167,2020,5,0,2,918.582574704447,55.133,43.65750122,39.6329305425532,18.385,47.5,,2235727.0,
LSO,Lesotho,Sub-Saharan Africa,Lower middle income,Maseru,-29.5208,27.7167,2021,5,0,2,1066.58645143823,54.209,45.05670166,40.6551760851997,18.214,50.4,,2261542.0,
LSO,Lesotho,Sub-Saharan Africa,Lower middle income,Maseru,-29.5208,27.7167,2022,5,0,2,1030.12582947757,56.812,48.06959915,41.6703965165322,16.623,50.0,,2286110.0,
LSO,Lesotho,Sub-Saharan Africa,Lower middle income,Maseru,-29.5208,27.7167,2023,5,0,2,916.282976983803,57.375,48.98590088,42.6781596804785,16.348,57.3,,2311472.0,
LTU,Lithuania,Europe & Central Asia,High income,Vilnius,54.6896,25.2799,2014,1,5,0,16446.1647181663,74.5170731707317,72.1335378644566,67.1514937628023,10.698,100.0,10.86,2937253.0,3.6973321671643538
LTU,Lithuania,Europe & Central Asia,High income,Vilnius,54.6896,25.2799,2015,6,10,5,14269.8039878287,74.3219512195122,71.3780590101754,67.2282485961914,9.12,100.0,11.07,2911109.0,3.8026745133899142
LTU,Lithuania,Europe & Central Asia,High income,Vilnius,54.6896,25.2799,2016,6,10,5,14934.2702840428,74.6707317073171,74.3766455618662,67.1894226074219,7.862,100.0,11.2,2877325.0,3.8925043225912956
LTU,Lithuania,Europe & Central Asia,High income,Vilnius,54.6896,25.2799,2017,5,10,0,16800.1510246099,75.4804878048781,77.6152565124514,67.1012954711914,7.073,100.0,11.22,2842639.0,3.9470365389344195
LTU,Lithuania,Europe & Central Asia,High income,Vilnius,54.6896,25.2799,2018,5,10,0,19247.2315367967,75.6804878048781,79.7225827680518,67.1464742010457,6.147,100.0,11.59,2819200.0,4.111095346197503
LTU,Lithuania,Europe & Central Asia,High income,Vilnius,54.6896,25.2799,2019,5,10,0,19608.7943945553,76.2829268292683,81.5818683764046,67.245735168457,6.255,100.0,,2811089.0,
LTU,Lithuania,Europe & Central Asia,High income,Vilnius,54.6896,25.2799,2020,5,10,0,20428.6478157394,75.0292682926829,83.05554724,67.4254608154297,8.487,100.0,,2810369.0,
LTU,Lithuania,Europe & Central Asia,High income,Vilnius,54.6896,25.2799,2021,5,10,0,23870.4594851722,74.0365853658537,86.93054425,68.1912117004395,7.112,100.0,,2808380.0,
LTU,Lithuania,Europe & Central Asia,High income,Vilnius,54.6896,25.2799,2022,5,10,0,25085.784063499,75.6439024390244,87.72420219,68.2866452426813,5.955,100.0,,2831639.0,
LTU,Lithuania,Europe & Central Asia,High income,Vilnius,54.6896,25.2799,2023,4,10,0,27786.0057829276,77.290243902439,88.50287484,68.575454583199,6.841,100.0,,2871585.0,
LUX,Luxembourg,Europe & Central Asia,High income,Luxembourg,49.61,6.1296,2014,0,9,0,123678.702143275,82.2292682926829,94.6702052774766,90.4577807676859,6.044,100.0,9.65,556319.0,17.346162902938783
LUX,Luxembourg,Europe & Central Asia,High income,Luxembourg,49.61,6.1296,2015,0,9,0,105462.012584423,82.2926829268293,96.3767141704759,90.9893679353068,6.796,100.0,9.13,569604.0,16.028679573879398
LUX,Luxembourg,Europe & Central Asia,High income,Luxembourg,49.61,6.1296,2016,0,9,0,106899.293549552,82.6853658536585,98.1366986657616,91.5357090052649,6.669,100.0,8.86,582014.0,15.223001508554777
LUX,Luxembourg,Europe & Central Asia,High income,Luxembourg,49.61,6.1296,2017,0,9,0,110193.213797228,82.0951219512195,97.3629603241751,92.0963768119916,5.523,100.0,9.0,596336.0,15.09216280754474
LUX,Luxembourg,Europe & Central Asia,High income,Luxembourg,49.61,6.1296,2018,0,9,0,116926.759593905,82.2951219512195,97.061298705829,92.6709441899184,5.589,100.0,9.32,607950.0,15.330208076322066
LUX,Luxembourg,Europe & Central Asia,High income,Luxembourg,49.61,6.1296,2019,0,9,0,112696.649059674,82.6390243902439,97.120635693272,93.2589839734767,5.592,100.0,,620001.0,
LUX,Luxembourg,Europe & Central Asia,High income,Luxembourg,49.61,6.1296,2020,0,9,0,116860.02817236,82.1439024390244,98.45962893,93.8600689970981,6.766,100.0,,630419.0,
LUX,Luxembourg,Europe & Central Asia,High income,Luxembourg,49.61,6.1296,2021,0,9,0,134965.815442152,82.5975609756098,98.66086333,94.5861743396533,5.571,100.0,,640064.0,
LUX,Luxembourg,Europe & Central Asia,High income,Luxembourg,49.61,6.1296,2022,0,9,0,123719.658915996,82.9463414634147,98.24203749,94.7605400940185,4.588,100.0,,653103.0,
LUX,Luxembourg,Europe & Central Asia,High income,Luxembourg,49.61,6.1296,2023,0,9,0,133230.619178899,83.309756097561,99.34785707,94.8015300320787,5.184,100.0,,666430.0,
LVA,Latvia,Europe & Central Asia,High income,Riga,56.9465,24.1048,2014,1,5,0,15185.814581236,74.1243902439024,75.8261041383556,67.8686035364944,10.846,100.0,7.28,1993782.0,3.6513520535344384
LVA,Latvia,Europe & Central Asia,High income,Riga,56.9465,24.1048,2015,6,10,5,13321.9753140616,74.4804878048781,79.2005829239344,67.8965395668259,9.873,100.0,7.32,1977527.0,3.7015929491733868
LVA,Latvia,Europe & Central Asia,High income,Riga,56.9465,24.1048,2016,5,10,0,13838.5266823272,74.580487804878,79.8420977843089,67.9307110858472,9.643,100.0,7.15,1959537.0,3.64882112458198
LVA,Latvia,Europe & Central Asia,High income,Riga,56.9465,24.1048,2017,5,10,0,15132.4958333982,74.6292682926829,80.1140770037369,67.9706866054779,8.715,100.0,7.12,1942248.0,3.6658552357886327
LVA,Latvia,Europe & Central Asia,High income,Riga,56.9465,24.1048,2018,5,10,0,17252.1710428626,74.7829268292683,83.5771748630956,68.0160346376376,7.412,100.0,7.63,1927174.0,3.9591650779846552
LVA,Latvia,Europe & Central Asia,High income,Riga,56.9465,24.1048,2019,5,10,0,17294.9751600969,75.3878048780488,86.13545644343,68.066323694246,6.312,100.0,,1913822.0,
LVA,Latvia,Europe & Central Asia,High income,Riga,56.9465,24.1048,2020,5,10,0,17564.2321549354,75.1853658536585,88.89796078,68.1211222872228,8.098,100.0,,1900449.0,
LVA,Latvia,Europe & Central Asia,High income,Riga,56.9465,24.1048,2021,5,10,0,20261.8887788916,72.9804878048781,91.17964988,68.1808791463693,7.513,100.0,,1884490.0,
LVA,Latvia,Europe & Central Asia,High income,Riga,56.9465,24.1048,2022,5,10,0,20221.103686109,74.2780487804878,91.03009059,68.2570218109034,6.815,100.0,,1879383.0,
LVA,Latvia,Europe & Central Asia,High income,Riga,56.9465,24.1048,2023,5,10,0,22710.2637544197,75.4268292682927,92.18791291,68.3586316343061,6.465,100.0,,1883710.0,
MAC,"Macao SAR, China",East Asia & Pacific,High income,,22.1667,113.55,2014,0,10,0,88355.3181764446,83.0219512195122,69.7809492200465,100.0,1.67,100.0,,621700.0,
MAC,"Macao SAR, China",East Asia & Pacific,High income,,22.1667,113.55,2015,0,11,0,69902.9605741233,83.2243902439024,77.6001318608868,100.0,1.81,100.0,,642900.0,
MAC,"Macao SAR, China",East Asia & Pacific,High income,,22.1667,113.55,2016,0,11,0,68911.6755919628,83.2756097560976,81.6429854646415,100.0,1.939,100.0,,652500.0,
MAC,"Macao SAR, China",East Asia & Pacific,High income,,22.1667,113.55,2017,0,10,0,77570.9876166977,83.5268292682927,83.1740890688259,100.0,1.981,100.0,,648400.0,
MAC,"Macao SAR, China",East Asia & Pacific,High income,,22.1667,113.55,2018,0,10,0,83588.2875009014,83.6780487804878,83.7940896091516,100.0,1.803,100.0,,658900.0,
MAC,"Macao SAR, China",East Asia & Pacific,High income,,22.1667,113.55,2019,0,10,0,81882.6964523869,83.9292682926829,86.4679257062588,100.0,1.73,100.0,,672000.0,
MAC,"Macao SAR, China",East Asia & Pacific,High income,,22.1667,113.55,2020,0,11,0,36883.6652578543,84.1292682926829,87.46230316,100.0,2.542,100.0,,685400.0,
MAC,"Macao SAR, China",East Asia & Pacific,High income,,22.1667,113.55,2021,0,11,0,44884.8961602393,83.7292682926829,88.46810492,100.0,2.221,100.0,,682500.0,
MAC,"Macao SAR, China",East Asia & Pacific,High income,,22.1667,113.55,2022,0,11,0,36806.891255461,83.0804878048781,89.48549652,100.0,2.446,100.0,,677300.0,
MAC,"Macao SAR, China",East Asia & Pacific,High income,,22.1667,113.55,2023,0,10,0,67216.3631112124,83.1804878048781,89.82640076,100.0,2.206,100.0,,678800.0,
MAR,Morocco,"Middle East, North Africa, Afghanistan & Pakistan",Lower middle income,Rabat,33.9905,-6.8704,2014,4,4,5,3435.40698242188,72.522,56.7746379160074,60.3030486171654,9.7,97.3,61.16,34204780.0,1.7880541842397466
MAR,Morocco,"Middle East, North Africa, Afghanistan & Pakistan",Lower middle income,Rabat,33.9905,-6.8704,2015,4,4,5,3146.24780273438,72.894,57.0799993486116,60.6417124737154,9.46,97.3,63.15,34607588.0,1.824744330636391
MAR,Morocco,"Middle East, North Africa, Afghanistan & Pakistan",Lower middle income,Rabat,33.9905,-6.8704,2016,4,4,5,3140.85546875,73.228,58.271236420398,60.9657656537179,9.3,97.8,63.08,35023457.0,1.8010786313869587
MAR,Morocco,"Middle East, North Africa, Afghanistan & Pakistan",Lower middle income,Rabat,33.9905,-6.8704,2017,3,4,5,3296.52661132813,73.608,61.7622120123071,61.2761057031842,9.22,100.0,65.93,35446392.0,1.8599918434575797
MAR,Morocco,"Middle East, North Africa, Afghanistan & Pakistan",Lower middle income,Rabat,33.9905,-6.8704,2018,3,4,5,3501.69799804688,73.946,64.8038651924043,61.5695822753314,9.272,98.1,66.68,35839760.0,1.8605035301575683
MAR,Morocco,"Middle East, North Africa, Afghanistan & Pakistan",Lower middle income,Rabat,33.9905,-6.8704,2019,3,5,5,3508.09765625,74.245,84.1203630467602,61.8430450233765,9.191,99.6,,36210898.0,
MAR,Morocco,"Middle East, North Africa, Afghanistan & Pakistan",Lower middle income,Rabat,33.9905,-6.8704,2020,2,4,4,3268.0302734375,73.133,84.12036305,62.0933436005366,11.189,100.0,,36584208.0,
MAR,Morocco,"Middle East, North Africa, Afghanistan & Pakistan",Lower middle income,Rabat,33.9905,-6.8704,2021,2,4,4,3785.93627929688,73.385,88.13031937,62.3173276600289,10.551,100.0,,36954442.0,
MAR,Morocco,"Middle East, North Africa, Afghanistan & Pakistan",Lower middle income,Rabat,33.9905,-6.8704,2022,6,9,5,3463.1376953125,75.161,89.9,62.5118468550703,9.413,100.0,,37329064.0,
MAR,Morocco,"Middle East, North Africa, Afghanistan & Pakistan",Lower middle income,Rabat,33.9905,-6.8704,2023,6,9,5,3813.72607421875,75.313,91.0,62.673750838878,8.896,100.0,,37712505.0,
MDA,Moldova,Europe & Central Asia,Upper middle income,Chisinau,47.0167,28.8497,2014,9,9,5,3289.95758568777,70.241,66.9999982002077,39.6298484802246,1.45,99.8,7.71,2857815.0,2.6978653271817805
MDA,Moldova,Europe & Central Asia,Upper middle income,Chisinau,47.0167,28.8497,2015,9,9,5,2749.55137054338,70.118,69.0000044661932,39.6954040527344,1.781,99.9,8.02,2835978.0,2.8279485948057426
MDA,Moldova,Europe & Central Asia,Upper middle income,Chisinau,47.0167,28.8497,2016,9,9,5,2847.08794770479,70.179,70.9999991066624,39.7373237609863,1.591,99.9,8.14,2803186.0,2.903838703532338
MDA,Moldova,Europe & Central Asia,Upper middle income,Chisinau,47.0167,28.8497,2017,9,9,5,3453.26727720294,70.375,71.76709747,39.9736557006836,1.622,100.0,8.16,2755189.0,2.9616842982459644
MDA,Moldova,Europe & Central Asia,Upper middle income,Chisinau,47.0167,28.8497,2018,9,9,5,4156.44981956646,70.236,72.54239655,40.3258094787598,1.239,100.0,8.59,2707203.0,3.1730165783651985
MDA,Moldova,Europe & Central Asia,Upper middle income,Chisinau,47.0167,28.8497,2019,9,9,5,4405.33418162155,70.181,73.32610321,40.772289276123,1.502,100.0,,2664224.0,
MDA,Moldova,Europe & Central Asia,Upper middle income,Chisinau,47.0167,28.8497,2020,9,9,5,4375.7788930524,69.914,74.11830139,41.3368530273438,1.206,100.0,,2635130.0,
MDA,Moldova,Europe & Central Asia,Upper middle income,Chisinau,47.0167,28.8497,2021,9,9,5,5274.60582195352,68.991,74.91899872,41.8115425109863,0.794,100.0,,2595809.0,
MDA,Moldova,Europe & Central Asia,Upper middle income,Chisinau,47.0167,28.8497,2022,9,9,5,5744.29618434435,71.546,74.91899872,42.4048843383789,0.909,100.0,,2528654.0,
MDA,Moldova,Europe & Central Asia,Upper middle income,Chisinau,47.0167,28.8497,2023,9,10,5,6799.58594644576,71.198,76.50330353,43.0011825561523,1.57,100.0,,2457783.0,
MDG,Madagascar,Sub-Saharan Africa,Low income,Antananarivo,-20.4667,45.7167,2014,9,0,3,505.684922503435,63.261,3.700000048,28.9185894345838,1.385,23.0,3.05,24764348.0,0.12316092472937305
MDG,Madagascar,Sub-Saharan Africa,Low income,Antananarivo,-20.4667,45.7167,2015,9,0,3,445.320069480568,63.362,4.173999786,29.1731079210354,1.785,23.8,3.32,25426702.0,0.1305713969511264
MDG,Madagascar,Sub-Saharan Africa,Low income,Antananarivo,-20.4667,45.7167,2016,9,0,3,453.970714522463,63.431,4.713699818,29.4239466316878,1.949,22.9,3.22,26099952.0,0.12337187440038204
MDG,Madagascar,Sub-Saharan Africa,Low income,Antananarivo,-20.4667,45.7167,2017,8,1,3,491.866848718929,63.433,6.406000137,29.671033028335,2.123,24.1,3.5,26788375.0,0.13065368840028557
MDG,Madagascar,Sub-Saharan Africa,Low income,Antananarivo,-20.4667,45.7167,2018,8,2,3,500.45718552916,63.491,7.747799873,29.9181125346909,2.303,36.5,3.37,27494926.0,0.12256806946852666
MDG,Madagascar,Sub-Saharan Africa,Low income,Antananarivo,-20.4667,45.7167,2019,8,1,3,499.818837622534,63.504,9.379400253,30.3046972370204,2.479,31.0,,28219554.0,
MDG,Madagascar,Sub-Saharan Africa,Low income,Antananarivo,-20.4667,45.7167,2020,8,1,3,450.771615201509,62.706,11.35470009,30.7019474167548,3.292,32.0,,28953556.0,
MDG,Madagascar,Sub-Saharan Africa,Low income,Antananarivo,-20.4667,45.7167,2021,8,2,3,483.469463351195,62.516,13.74590015,31.1137123216036,3.498,35.1,,29691083.0,
MDG,Madagascar,Sub-Saharan Africa,Low income,Antananarivo,-20.4667,45.7167,2022,8,2,3,503.51453347296,63.068,17.81170082,31.5397813465886,3.186,36.1,,30437261.0,
MDG,Madagascar,Sub-Saharan Africa,Low income,Antananarivo,-20.4667,45.7167,2023,8,2,3,508.718427705591,63.632,18.24080086,31.9799438860946,3.044,39.4,,31195932.0,
MDV,Maldives,South Asia,Upper middle income,Male,4.1742,73.5109,2014,8,11,5,8939.07416571472,78.187,49.27999878,38.1938859868107,7.461,100.0,1.36,413617.0,3.288066012760597
MDV,Maldives,South Asia,Upper middle income,Male,4.1742,73.5109,2015,8,11,5,9644.90655028145,78.607,54.4620018,38.5771510715291,6.611,99.8,1.35,428154.0,3.1530710912428708
MDV,Maldives,South Asia,Upper middle income,Male,4.1742,73.5109,2016,8,11,5,9947.80744731739,78.913,59.47750092,38.9560872317815,5.771,100.0,1.75,443308.0,3.947593997852509
MDV,Maldives,South Asia,Upper middle income,Male,4.1742,73.5109,2017,8,11,5,10509.628805812,79.228,64.95500183,39.32787719143,5.377,99.8,1.82,458287.0,3.9713105543033076
MDV,Maldives,South Asia,Upper middle income,Male,4.1742,73.5109,2018,8,11,5,11423.2838427029,79.433,70.93689728,39.6923354428279,4.962,100.0,1.91,473099.0,4.037209970851767
MDV,Maldives,South Asia,Upper middle income,Male,4.1742,73.5109,2019,8,11,5,11740.2724029785,79.707,77.46970367,40.0492764783282,4.562,100.0,,487731.0,
MDV,Maldives,South Asia,Upper middle income,Male,4.1742,73.5109,2020,8,11,5,7393.8886543933,78.713,79.09780121,40.3985147902839,5.42,100.0,,502118.0,
MDV,Maldives,South Asia,Upper middle income,Male,4.1742,73.5109,2021,8,11,5,10176.143882547,78.052,81.95760345,40.7398648710483,5.016,100.0,,516154.0,
MDV,Maldives,South Asia,Upper middle income,Male,4.1742,73.5109,2022,7,11,5,11786.0191492983,80.76,83.91189054,41.0641769690663,4.303,100.0,,524106.0,
MDV,Maldives,South Asia,Upper middle income,Male,4.1742,73.5109,2023,7,11,5,12587.6126038651,81.041,84.55290222,41.5096832933973,4.019,100.0,,525994.0,
MEX,Mexico,Latin America & Caribbean,Upper middle income,Mexico City,19.427,-99.1276,2014,4,6,5,11391.3773497683,74.404,44.3856962723411,76.9741367091766,4.819,99.2,458.32,119784261.0,3.8262121932696984
MEX,Mexico,Latin America & Caribbean,Upper middle income,Mexico City,19.427,-99.1276,2015,4,7,5,10021.2386118827,74.431,57.4310429923633,77.1903854182753,4.311,99.0,472.59,121072306.0,3.9033699415950665
MEX,Mexico,Latin America & Caribbean,Upper middle income,Mexico City,19.427,-99.1276,2016,4,7,5,9097.92397674769,74.376,59.5404459967255,77.4405087351486,3.853,99.5,479.25,122251351.0,3.9202020761308396
MEX,Mexico,Latin America & Caribbean,Upper middle income,Mexico City,19.427,-99.1276,2017,5,7,5,9649.27816772402,74.261,53.0317886110982,77.7206924598541,3.419,100.0,471.81,123400057.0,3.8234180070111314
MEX,Mexico,Latin America & Caribbean,Upper middle income,Mexico City,19.427,-99.1276,2018,5,7,5,10084.7937562021,74.301,56.6595667981289,78.0271223924494,3.275,99.5,472.14,124573711.0,3.7900452367514363
MEX,Mexico,Latin America & Caribbean,Upper middle income,Mexico City,19.427,-99.1276,2019,4,8,5,10369.5553585271,74.53,69.6321092705209,78.355984332992,3.477,99.6,,125762982.0,
MEX,Mexico,Latin America & Caribbean,Upper middle income,Mexico City,19.427,-99.1276,2020,5,8,5,8841.27075039868,70.449,71.49017499,78.677960602824,4.44,99.4,,126799054.0,
MEX,Mexico,Latin America & Caribbean,Upper middle income,Mexico City,19.427,-99.1276,2021,5,8,5,10314.0506722115,69.75,75.62650476,78.9324007418057,4.019,100.0,,127648148.0,
MEX,Mexico,Latin America & Caribbean,Upper middle income,Mexico City,19.427,-99.1276,2022,4,8,5,11405.7940473759,73.973,78.63217894,79.199683215791,3.256,100.0,,128613117.0,
MEX,Mexico,Latin America & Caribbean,Upper middle income,Mexico City,19.427,-99.1276,2023,4,8,5,13860.9597809326,75.069,81.18318755,79.4734935748046,2.765,99.7,,129739759.0,
MKD,North Macedonia,Europe & Central Asia,Upper middle income,Skopje,42.0024,21.4361,2014,1,1,4,5925.38592218015,75.4512195121951,68.0584815397496,58.8033670608162,28.215,99.8,7.78,1917557.0,4.057245755927985
MKD,North Macedonia,Europe & Central Asia,Upper middle income,Skopje,42.0024,21.4361,2015,1,1,4,5262.68671928674,75.4024390243902,70.3802030766689,59.0700383784659,26.395,99.9,7.48,1912430.0,3.9112542681300755
MKD,North Macedonia,Europe & Central Asia,Upper middle income,Skopje,42.0024,21.4361,2016,1,1,4,5598.48622617967,75.4,72.1568144676058,59.3823070989891,24.312,100.0,7.39,1906313.0,3.8765931932479085
MKD,North Macedonia,Europe & Central Asia,Upper middle income,Skopje,42.0024,21.4361,2017,1,2,4,5955.2973863451,75.9536585365854,74.5168241807954,59.7437719356273,22.857,100.0,7.86,1898657.0,4.139768267780858
MKD,North Macedonia,Europe & Central Asia,Upper middle income,Skopje,42.0024,21.4361,2018,0,2,4,6713.98925398989,76.6487804878049,79.1677551850871,60.1580316016216,21.208,99.8,7.37,1889051.0,3.901429871401037
MKD,North Macedonia,Europe & Central Asia,Upper middle income,Skopje,42.0024,21.4361,2019,0,3,4,6718.85826635458,76.6024390243903,81.4128827618364,60.6286848102132,17.414,100.0,,1876262.0,
MKD,North Macedonia,Europe & Central Asia,Upper middle income,Skopje,42.0024,21.4361,2020,0,3,4,6659.59651070776,74.3951219512195,81.40553811,61.1593302746435,16.575,100.0,,1856124.0,
MKD,North Macedonia,Europe & Central Asia,Upper middle income,Skopje,42.0024,21.4361,2021,1,4,4,7620.80296977508,73.2463414634146,81.873703,61.6841975628139,15.801,100.0,,1837114.0,
MKD,North Macedonia,Europe & Central Asia,Upper middle income,Skopje,42.0024,21.4361,2022,1,4,4,7606.2375253797,74.4248780487805,83.85030365,61.9530566607267,14.476,100.0,,1831712.0,
MKD,North Macedonia,Europe & Central Asia,Upper middle income,Skopje,42.0024,21.4361,2023,0,4,4,8674.35846327485,75.3160975609756,88.5,62.2518322545779,13.174,100.0,,1827816.0,
MLI,Mali,Sub-Saharan Africa,Low income,Bamako,13.5667,-7.50034,2014,8,1,3,947.915033288325,57.482,7.0,25.2656728660325,1.476,34.2,3.12,18020267.0,0.17313838912597687
MLI,Mali,Sub-Saharan Africa,Low income,Bamako,13.5667,-7.50034,2015,8,1,3,838.11986940103,57.852,10.32999992,25.847015486705,1.404,37.6,3.41,18593022.0,0.1834021387163421
MLI,Mali,Sub-Saharan Africa,Low income,Bamako,13.5667,-7.50034,2016,8,2,3,872.468587171653,58.286,14.0,26.4468586077195,1.367,38.8,4.42,19191289.0,0.2303128257825725
MLI,Mali,Sub-Saharan Africa,Low income,Bamako,13.5667,-7.50034,2017,8,1,3,924.057531692284,58.562,18.89999962,27.0646702892896,1.498,34.8,5.05,19813011.0,0.25488301601407276
MLI,Mali,Sub-Saharan Africa,Low income,Bamako,13.5667,-7.50034,2018,8,2,3,996.379292136901,58.873,21.39999962,27.6999185916288,1.62,50.9,5.62,20442030.0,0.2749237722476682
MLI,Mali,Sub-Saharan Africa,Low income,Bamako,13.5667,-7.50034,2019,8,2,3,971.949318638092,59.217,24.96030045,28.3520715749509,3.29,47.9,,21068405.0,
MLI,Mali,Sub-Saharan Africa,Low income,Bamako,13.5667,-7.50034,2020,7,2,3,953.242943290974,58.858,29.11300087,29.0205972994693,3.528,50.6,,21713836.0,
MLI,Mali,Sub-Saharan Africa,Low income,Bamako,13.5667,-7.50034,2021,7,3,3,1027.27345365357,59.116,33.95650101,29.7049638253978,4.006,53.4,,22388630.0,
MLI,Mali,Sub-Saharan Africa,Low income,Bamako,13.5667,-7.50034,2022,8,3,3,976.914116406452,60.035,35.19919968,30.4015705681899,2.387,53.0,,23072640.0,
MLI,Mali,Sub-Saharan Africa,Low income,Bamako,13.5667,-7.50034,2023,7,3,3,1043.9533853528,60.439,36.03879929,31.0031889023235,2.947,54.5,,23769127.0,
MLT,Malta,"Middle East, North Africa, Afghanistan & Pakistan",High income,Valletta,35.9042,14.5189,2014,2,8,0,27424.5765646694,81.8951219512195,73.1141157845193,94.412512773898,5.737,100.0,2.35,433481.0,5.421229534858506
MLT,Malta,"Middle East, North Africa, Afghanistan & Pakistan",High income,Valletta,35.9042,14.5189,2015,2,8,0,25529.6813337717,81.7975609756098,75.9600189752747,94.4387696268011,5.389,100.0,1.65,444220.0,3.714375759758678
MLT,Malta,"Middle East, North Africa, Afghanistan & Pakistan",High income,Valletta,35.9042,14.5189,2016,2,8,0,26459.0770929988,82.3536585365854,78.0751488032182,94.4800033569336,4.694,100.0,1.35,454505.0,2.970264353527464
MLT,Malta,"Middle East, North Africa, Afghanistan & Pakistan",High income,Valletta,35.9042,14.5189,2017,2,9,0,30317.2443175543,82.1951219512195,81.0119110762945,94.5691806330314,4.008,100.0,1.52,467106.0,3.2540793738466216
MLT,Malta,"Middle East, North Africa, Afghanistan & Pakistan",High income,Valletta,35.9042,14.5189,2018,0,10,0,33382.2677499267,82.2487804878049,81.6580442928014,94.7242373261706,3.956,100.0,1.55,483903.0,3.2031212867041536
MLT,Malta,"Middle East, North Africa, Afghanistan & Pakistan",High income,Valletta,35.9042,14.5189,2019,0,10,0,32421.9179752262,82.6585365853659,85.7785963798031,94.9332032524644,4.08,100.0,,503912.0,
MLT,Malta,"Middle East, North Africa, Afghanistan & Pakistan",High income,Valletta,35.9042,14.5189,2020,1,9,0,31823.4363934505,82.0975609756098,86.85876183,95.1841082280263,4.856,100.0,,515490.0,
MLT,Malta,"Middle East, North Africa, Afghanistan & Pakistan",High income,Valletta,35.9042,14.5189,2021,0,10,0,38096.8360735119,82.2585365853659,87.46977742,95.5145343617045,3.754,100.0,,518150.0,
MLT,Malta,"Middle East, North Africa, Afghanistan & Pakistan",High income,Valletta,35.9042,14.5189,2022,0,11,0,35638.8869457406,82.2975609756098,91.54062209,95.6003155132879,3.471,100.0,,531113.0,
MLT,Malta,"Middle East, North Africa, Afghanistan & Pakistan",High income,Valletta,35.9042,14.5189,2023,0,10,0,40905.8059585057,83.3560975609756,92.07266941,95.6272277147965,3.479,100.0,,552747.0,
MMR,Myanmar,East Asia & Pacific,Lower middle income,Naypyidaw,21.914,95.9562,2014,9,3,3,1293.00042319714,64.994,7.400000095,29.6164342116462,0.763,52.0,17.04,50681634.0,0.3362164684745563
MMR,Myanmar,East Asia & Pacific,Lower middle income,Naypyidaw,21.914,95.9562,2015,9,3,3,1166.73305547935,65.288,10.89999962,29.7166821191682,0.766,60.5,19.01,51089056.0,0.3720953466041729
MMR,Myanmar,East Asia & Pacific,Lower middle income,Naypyidaw,21.914,95.9562,2016,9,3,3,1229.19713491328,65.64,16.0,29.8129165582094,1.058,55.6,21.89,51495696.0,0.4250840691618189
MMR,Myanmar,East Asia & Pacific,Lower middle income,Naypyidaw,21.914,95.9562,2017,8,4,1,1272.82241815234,65.909,23.621081950267,29.9051727703437,1.356,69.8,31.4,51894938.0,0.6050686485067195
MMR,Myanmar,East Asia & Pacific,Lower middle income,Naypyidaw,21.914,95.9562,2018,8,4,1,1298.21310327675,66.232,29.37899971,29.993574050729,0.767,66.1,32.52,52272247.0,0.6221274551292965
MMR,Myanmar,East Asia & Pacific,Lower middle income,Naypyidaw,21.914,95.9562,2019,8,4,1,1425.98954241668,66.457,36.54050064,30.0782436945232,0.407,68.3,,52640713.0,
MMR,Myanmar,East Asia & Pacific,Lower middle income,Naypyidaw,21.914,95.9562,2020,8,4,1,1490.21683599469,66.612,45.4477005,30.1593049968842,1.476,70.4,,53016522.0,
MNE,Montenegro,Europe & Central Asia,Upper middle income,Podgorica,42.4602,19.2595,2014,0,3,4,7342.17339453427,76.3390243902439,63.8868840056697,64.7232143772459,18.054,97.7,2.22,623744.0,3.5591524728093575
MNE,Montenegro,Europe & Central Asia,Upper middle income,Podgorica,42.4602,19.2595,2015,0,3,4,6421.00307345999,76.6024390243903,68.1197860085679,64.8181652937171,17.555,99.5,2.36,624651.0,3.7781096964545
MNE,Montenegro,Europe & Central Asia,Upper middle income,Podgorica,42.4602,19.2595,2016,0,3,4,6968.01539365317,76.5414634146342,69.8816468416779,64.9101692293409,17.732,99.6,2.11,625353.0,3.374094311532846
MNE,Montenegro,Europe & Central Asia,Upper middle income,Podgorica,42.4602,19.2595,2017,0,3,4,7674.2813940676,76.6853658536585,71.2723325399382,64.9992438680584,16.082,100.0,2.23,625982.0,3.562402752794809
MNE,Montenegro,Europe & Central Asia,Upper middle income,Podgorica,42.4602,19.2595,2018,0,4,4,8673.59128084795,77.8853658536585,71.5171004874886,65.0854068937869,15.19,100.0,2.52,626438.0,4.022744469524518
MNE,Montenegro,Europe & Central Asia,Upper middle income,Podgorica,42.4602,19.2595,2019,0,4,4,8749.02375172644,76.6829268292683,73.4766657478691,65.1686759904159,15.128,100.0,,626753.0,
MNE,Montenegro,Europe & Central Asia,Upper middle income,Podgorica,42.4602,19.2595,2020,0,3,4,7538.53635992191,75.9317073170732,77.60879306,65.2490688418027,17.878,99.9,,626590.0,
MNE,Montenegro,Europe & Central Asia,Upper middle income,Podgorica,42.4602,19.2595,2021,0,3,4,9317.15520065156,73.8243902439024,82.21969752,65.3266031317675,16.543,99.8,,625053.0,
MNE,Montenegro,Europe & Central Asia,Upper middle income,Podgorica,42.4602,19.2595,2022,0,4,4,10024.5435616209,76.1878048780488,88.22192026,65.4012965440866,14.851,100.0,,623591.0,
MNE,Montenegro,Europe & Central Asia,Upper middle income,Podgorica,42.4602,19.2595,2023,0,4,4,12259.8775034436,77.5878048780488,88.5515976,65.4731667624849,13.146,100.0,,623529.0,
MNG,Mongolia,East Asia & Pacific,Upper middle income,Ulaanbaatar,47.9129,106.937,2014,6,5,1,4126.23975800524,70.5831707317073,19.9424474349209,67.9941357229626,4.798,86.0,18.12,2963113.0,6.115190342049054
MNG,Mongolia,East Asia & Pacific,Upper middle income,Ulaanbaatar,47.9129,106.937,2015,6,5,1,3838.92126989984,70.810243902439,22.5000041337688,67.9999999906095,4.861,88.0,17.3,3026864.0,5.71548639119564
MNG,Mongolia,East Asia & Pacific,Upper middle income,Ulaanbaatar,47.9129,106.937,2016,5,4,1,3619.90026383792,70.2239024390244,22.2657705007562,67.9776754820979,7.235,90.8,18.17,3088856.0,5.882436733858749
MNG,Mongolia,East Asia & Pacific,Upper middle income,Ulaanbaatar,47.9129,106.937,2017,6,5,1,3645.96708669551,70.5434146341463,23.71430016,67.9260583223672,6.359,93.6,19.47,3148917.0,6.1830781821178515
MNG,Mongolia,East Asia & Pacific,Upper middle income,Ulaanbaatar,47.9129,106.937,2018,5,5,5,4107.64288528468,70.8270731707317,47.1300018848989,67.8683444833372,5.377,98.1,21.32,3208189.0,6.645493766109166
MNG,Mongolia,East Asia & Pacific,Upper middle income,Ulaanbaatar,47.9129,106.937,2019,4,4,5,4347.54610314873,71.0531707317073,51.079994082603,67.8277299551557,9.024,98.9,,3267673.0,
MNG,Mongolia,East Asia & Pacific,Upper middle income,Ulaanbaatar,47.9129,106.937,2020,4,5,5,4001.25193077703,71.3490243902439,62.50002848,68.0894771770775,6.413,99.5,,3327204.0,
MNG,Mongolia,East Asia & Pacific,Upper middle income,Ulaanbaatar,47.9129,106.937,2021,6,8,5,4517.61578018785,71.6451219512195,81.60682285,69.2153244018555,7.871,100.0,,3383741.0,
MNG,Mongolia,East Asia & Pacific,Upper middle income,Ulaanbaatar,47.9129,106.937,2022,6,8,5,4993.51487463495,71.9007317073171,81.07720184,69.783805847168,5.954,100.0,,3433748.0,
MNG,Mongolia,East Asia & Pacific,Upper middle income,Ulaanbaatar,47.9129,106.937,2023,6,9,5,5838.63108083902,72.1224390243902,83.74320221,70.4464492797852,5.178,100.0,,3481145.0,
MOZ,Mozambique,Sub-Saharan Africa,Low income,Maputo,-25.9664,32.5713,2014,8,0,3,697.142680444123,57.965,6.0,31.8972245802342,3.377,24.8,4.47,25788475.0,0.17333324285363907
MOZ,Mozambique,Sub-Saharan Africa,Low income,Maputo,-25.9664,32.5713,2015,8,0,3,610.563774706589,58.711,6.5,32.1372836259918,3.426,24.0,5.64,26547572.0,0.21244880699447768
MOZ,Mozambique,Sub-Saharan Africa,Low income,Maputo,-25.9664,32.5713,2016,8,1,3,441.489734819071,59.455,7.0,32.3819234395234,3.65,26.2,5.79,27337105.0,0.21180004246974946
MOZ,Mozambique,Sub-Saharan Africa,Low income,Maputo,-25.9664,32.5713,2017,8,1,3,470.93856305196,60.148,7.7963266079129,32.6274411492675,3.935,24.3,6.02,28166393.0,0.21372988724541336
MOZ,Mozambique,Sub-Saharan Africa,Low income,Maputo,-25.9664,32.5713,2018,8,1,3,517.507260258101,60.79,10.89999962,32.9902559073541,4.21,31.1,6.64,29018644.0,0.22881841067418587
MOZ,Mozambique,Sub-Saharan Africa,Low income,Maputo,-25.9664,32.5713,2019,8,1,3,519.09255091362,61.306,12.47929955,33.4177241517032,4.462,29.7,,29884380.0,
MOZ,Mozambique,Sub-Saharan Africa,Low income,Maputo,-25.9664,32.5713,2020,8,1,3,462.433876479921,61.39,14.28740025,33.9044006416285,5.019,30.6,,30783688.0,
MOZ,Mozambique,Sub-Saharan Africa,Low income,Maputo,-25.9664,32.5713,2021,7,1,3,509.907829475551,60.268,16.35759926,34.4499259401554,5.413,31.5,,31707800.0,
MOZ,Mozambique,Sub-Saharan Africa,Low income,Maputo,-25.9664,32.5713,2022,7,1,3,578.251663751351,63.011,18.96220016,35.0536638047945,6.789,33.2,,32656246.0,
MOZ,Mozambique,Sub-Saharan Africa,Low income,Maputo,-25.9664,32.5713,2023,7,2,3,622.000297682823,63.611,19.94560051,35.7149783148407,6.661,36.0,,33635160.0,
MRT,Mauritania,Sub-Saharan Africa,Lower middle income,Nouakchott,18.2367,-15.9824,2014,6,1,3,1713.00865264234,66.207,11.80000019,50.4694791226856,10.026,38.8,2.52,3848514.0,0.65479818963891
MRT,Mauritania,Sub-Saharan Africa,Lower middle income,Nouakchott,18.2367,-15.9824,2015,5,2,2,1554.94897871782,66.498,17.60000038,51.6680350049622,10.104,39.5,2.95,3965959.0,0.7438301807961202
MRT,Mauritania,Sub-Saharan Africa,Lower middle income,Nouakchott,18.2367,-15.9824,2016,5,2,2,1565.76575722696,66.823,19.23279953,52.9185627319946,10.287,41.2,2.81,4086657.0,0.6876035840541548
MRT,Mauritania,Sub-Saharan Africa,Lower middle income,Nouakchott,18.2367,-15.9824,2017,5,2,2,1615.00401327323,67.088,21.01720047,54.1970448502004,10.336,42.9,3.8,4210600.0,0.9024842065263858
MRT,Mauritania,Sub-Saharan Africa,Lower middle income,Nouakchott,18.2367,-15.9824,2018,5,2,2,1722.93528854073,67.419,22.96699905,55.1305077000081,10.411,43.6,4.0,4337685.0,0.9221508707985941
MRT,Mauritania,Sub-Saharan Africa,Lower middle income,Nouakchott,18.2367,-15.9824,2019,5,2,2,1767.072710621,67.64,25.0977993,56.0596215779146,10.416,44.9,,4467708.0,
MRT,Mauritania,Sub-Saharan Africa,Lower middle income,Nouakchott,18.2367,-15.9824,2020,5,2,2,1795.76459566714,66.794,29.90649986,56.9836701058893,11.051,45.4,,4600131.0,
MRT,Mauritania,Sub-Saharan Africa,Lower middle income,Nouakchott,18.2367,-15.9824,2021,5,2,2,1947.78918383313,66.762,35.63660049,57.901535141641,11.131,47.7,,4734874.0,
MRT,Mauritania,Sub-Saharan Africa,Lower middle income,Nouakchott,18.2367,-15.9824,2022,4,2,2,1960.35240077424,68.281,42.46450043,58.8120996197226,10.52,49.0,,4875637.0,
MRT,Mauritania,Sub-Saharan Africa,Lower middle income,Nouakchott,18.2367,-15.9824,2023,4,2,2,2135.78187606359,68.484,44.95629883,59.7142464747058,10.37,50.3,,5022441.0,
MUS,Mauritius,Sub-Saharan Africa,Upper middle income,Port Louis,-20.1605,57.4977,2014,8,7,1,10490.3315563853,74.1943902439024,44.8032753683379,39.7887571971735,7.467,99.5,3.95,1261208.0,3.1319179707074487
MUS,Mauritius,Sub-Saharan Africa,Upper middle income,Port Louis,-20.1605,57.4977,2015,8,7,1,9630.5437837507,74.3531707317073,50.1393184766711,39.6709610617726,7.41,99.6,3.96,1262879.0,3.1356923347367402
MUS,Mauritius,Sub-Saharan Africa,Upper middle income,Port Louis,-20.1605,57.4977,2016,9,11,5,10095.1225574156,74.3948780487805,52.19129944,39.5578893260494,6.814,99.7,4.04,1263747.0,3.1968424059562555
MUS,Mauritius,Sub-Saharan Africa,Upper middle income,Port Louis,-20.1605,57.4977,2017,8,11,5,10986.7034093005,74.5146341463415,55.4032403002657,39.4499348663789,6.752,99.6,4.18,1264887.0,3.304643023447944
MUS,Mauritius,Sub-Saharan Africa,Upper middle income,Port Louis,-20.1605,57.4977,2018,8,11,5,11818.7480619272,74.4163414634146,58.596169704299,39.3474905591359,6.426,99.8,4.13,1265577.0,3.2633336414931686
MUS,Mauritius,Sub-Saharan Africa,Upper middle income,Port Louis,-20.1605,57.4977,2019,8,11,5,11568.2533399824,74.2358536585366,61.7299551453346,39.2509492806955,6.331,100.0,,1265985.0,
MUS,Mauritius,Sub-Saharan Africa,Upper middle income,Port Louis,-20.1605,57.4977,2020,9,11,5,9135.84773751062,74.1770731707317,67.73290684,39.1607039074325,8.626,99.5,,1266014.0,
MUS,Mauritius,Sub-Saharan Africa,Upper middle income,Port Louis,-20.1605,57.4977,2021,9,11,5,9177.71195973013,73.680243902439,71.59999847,39.077147315722,7.719,99.6,,1266334.0,
MUS,Mauritius,Sub-Saharan Africa,Upper middle income,Port Louis,-20.1605,57.4977,2022,9,11,5,10246.5017455553,73.5146341463415,75.5,39.0000125885784,6.322,100.0,,1262523.0,
MUS,Mauritius,Sub-Saharan Africa,Upper middle income,Port Louis,-20.1605,57.4977,2023,9,11,5,11269.9684462139,73.4121951219512,79.5,39.0039901092226,5.571,100.0,,1248647.0,
MWI,Malawi,Sub-Saharan Africa,Low income,Lilongwe,-13.9899,33.7703,2014,9,0,3,529.5133440206,61.651,5.829999924,15.766154187056,4.967,11.9,1.1,16621538.0,0.06617919472915201
MWI,Malawi,Sub-Saharan Africa,Low income,Lilongwe,-13.9899,33.7703,2015,9,0,3,539.605363240686,62.324,6.0,15.8338504946918,4.953,10.8,1.2,17085587.0,0.07023463694867493
MWI,Malawi,Sub-Saharan Africa,Low income,Lilongwe,-13.9899,33.7703,2016,9,0,3,450.506105510719,63.163,6.300000191,15.899632938282,5.011,11.0,1.36,17557739.0,0.07745872062456334
MWI,Malawi,Sub-Saharan Africa,Low income,Lilongwe,-13.9899,33.7703,2017,9,0,3,495.769683367165,63.914,7.0,15.9634281867266,5.046,12.7,1.5,18039715.0,0.08314987237880421
MWI,Malawi,Sub-Saharan Africa,Low income,Lilongwe,-13.9899,33.7703,2018,9,1,3,533.202567189331,64.464,8.798299789,16.0221486554255,5.021,18.0,1.57,18528081.0,0.08473624440653083
MWI,Malawi,Sub-Saharan Africa,Low income,Lilongwe,-13.9899,33.7703,2019,9,0,3,580.889139762475,64.995,11.05860043,16.1383746619001,4.964,11.2,,19025752.0,
MWI,Malawi,Sub-Saharan Africa,Low income,Lilongwe,-13.9899,33.7703,2020,9,1,3,602.507478176106,65.216,13.89949989,16.2961471756409,5.72,11.5,,19533888.0,
MWI,Malawi,Sub-Saharan Africa,Low income,Lilongwe,-13.9899,33.7703,2021,9,1,3,617.446994451007,64.782,15.30300045,16.4881925800694,5.652,14.2,,20047258.0,
MWI,Malawi,Sub-Saharan Africa,Low income,Lilongwe,-13.9899,33.7703,2022,9,1,3,604.269740360317,66.037,16.84830093,16.7146031979436,5.02,14.0,,20568728.0,
MWI,Malawi,Sub-Saharan Africa,Low income,Lilongwe,-13.9899,33.7703,2023,9,1,3,633.214767978695,67.353,17.98810346,16.9748746665356,5.009,15.6,,21104482.0,
MYS,Malaysia,East Asia & Pacific,Upper middle income,Kuala Lumpur,3.12433,101.684,2014,5,7,5,11013.3107334403,75.345,63.6654258813225,72.9802206910773,2.88,99.7,231.68,30696137.0,7.547529514870226
MYS,Malaysia,East Asia & Pacific,Upper middle income,Kuala Lumpur,3.12433,101.684,2015,5,8,5,9648.6797937523,75.288,71.0640678111957,73.4387869957006,3.1,99.9,232.55,31232798.0,7.445698589028111
MYS,Malaysia,East Asia & Pacific,Upper middle income,Kuala Lumpur,3.12433,101.684,2016,5,8,5,9476.53409809923,75.371,78.7883099275229,73.8588978909614,3.44,99.9,228.64,31789685.0,7.192270071251099
MYS,Malaysia,East Asia & Pacific,Upper middle income,Kuala Lumpur,3.12433,101.684,2017,5,8,5,9862.54806612235,75.542,80.1404790103961,74.2354806421432,3.41,100.0,222.89,32355644.0,6.88875177387908
MYS,Malaysia,East Asia & Pacific,Upper middle income,Kuala Lumpur,3.12433,101.684,2018,5,9,5,10901.8019954421,75.734,81.2010486181174,74.5634625145296,3.3,100.0,239.62,32910967.0,7.280855649121461
MYS,Malaysia,East Asia & Pacific,Upper middle income,Kuala Lumpur,3.12433,101.684,2019,5,9,5,10920.191763972,75.9,84.1871450078281,74.8377707734042,3.33,100.0,,33440596.0,
MYS,Malaysia,East Asia & Pacific,Upper middle income,Kuala Lumpur,3.12433,101.684,2020,5,9,5,9957.52626697613,76.057,89.55501192,75.0511895575672,4.54,100.0,,33889558.0,
MYS,Malaysia,East Asia & Pacific,Upper middle income,Kuala Lumpur,3.12433,101.684,2021,5,9,5,10903.1037480772,73.917,96.7514278,75.5088628191907,4.64,100.0,,34282399.0,
MYS,Malaysia,East Asia & Pacific,Upper middle income,Kuala Lumpur,3.12433,101.684,2022,4,9,0,11754.5678336248,75.444,97.3986404,75.9741357073003,3.93,100.0,,34695493.0,
MYS,Malaysia,East Asia & Pacific,Upper middle income,Kuala Lumpur,3.12433,101.684,2023,4,9,0,11386.0395636528,76.657,97.69272633,76.4434752105739,3.858,100.0,,35126298.0,
NAM,Namibia,Sub-Saharan Africa,Lower middle income,Windhoek,-22.5648,17.0931,2014,4,0,2,5378.32326241205,59.311,14.84000015,44.8214248210559,18.521,48.4,4.0,2312139.0,1.7299997967250238
NAM,Namibia,Sub-Saharan Africa,Lower middle income,Windhoek,-22.5648,17.0931,2015,4,0,2,4774.10650865775,60.008,25.68790054,45.5103554445325,20.791,51.6,4.27,2374300.0,1.7984247988880933
NAM,Namibia,Sub-Saharan Africa,Lower middle income,Windhoek,-22.5648,17.0931,2016,3,0,2,4395.68776162376,60.81,31.0333004,46.1751725648784,23.352,49.7,4.36,2439213.0,1.7874617755808944
NAM,Namibia,Sub-Saharan Africa,Lower middle income,Windhoek,-22.5648,17.0931,2017,3,0,2,5143.96072323076,61.661,36.83739853,46.8135799686288,21.748,52.5,4.33,2506853.0,1.7272652205773533
NAM,Namibia,Sub-Saharan Africa,Lower middle income,Windhoek,-22.5648,17.0931,2018,3,1,2,5308.60813408705,62.579,42.8207016,47.4232814423189,19.877,52.3,4.25,2577327.0,1.6489952574896394
NAM,Namibia,Sub-Saharan Africa,Lower middle income,Windhoek,-22.5648,17.0931,2019,3,1,2,4731.9210318831,63.546,49.77590179,48.0019807724839,19.929,53.3,,2650494.0,
NAM,Namibia,Sub-Saharan Africa,Lower middle income,Windhoek,-22.5648,17.0931,2020,3,1,2,3878.58982993966,64.071,57.8608017,48.547381745659,21.003,52.3,,2728762.0,
NAM,Namibia,Sub-Saharan Africa,Lower middle income,Windhoek,-22.5648,17.0931,2021,3,1,2,4412.8355693052,60.85,60.25999832,49.0571881483796,20.931,55.2,,2810548.0,
NAM,Namibia,Sub-Saharan Africa,Lower middle income,Windhoek,-22.5648,17.0931,2022,3,1,2,4349.79908493314,64.19,62.99720001,49.5291037671807,19.615,56.2,,2889662.0,
NAM,Namibia,Sub-Saharan Africa,Lower middle income,Windhoek,-22.5648,17.0931,2023,3,1,2,4187.60500396525,67.385,63.69549942,49.9545837830821,19.154,56.7,,2963095.0,
NCL,New Caledonia,East Asia & Pacific,High income,Noum'ea,-22.2677,166.464,2014,0,5,0,37816.9558599295,77.053,70.0,66.7846387072769,14.59,100.0,,281224.0,
NCL,New Caledonia,East Asia & Pacific,High income,Noum'ea,-22.2677,166.464,2015,0,5,0,30858.7237060533,77.206,74.00175279141,66.8278045547803,13.621,100.0,,283168.0,
NCL,New Caledonia,East Asia & Pacific,High income,Noum'ea,-22.2677,166.464,2017,0,5,0,32354.7102832901,77.504,82.0058408035186,66.9683393293094,11.676,100.0,,283546.0,
NER,Niger,Sub-Saharan Africa,Low income,Niamey,13.514,2.1073,2014,9,0,3,565.30989731175,58.693,1.24867568902241,16.2450424611665,0.524,15.7,1.98,19215909.0,0.1030396220131975
NER,Niger,Sub-Saharan Africa,Low income,Niamey,13.514,2.1073,2015,9,0,3,485.662574175279,58.85,2.476200104,16.3035606587493,0.556,16.6,1.97,19939498.0,0.09879887648124341
NER,Niger,Sub-Saharan Africa,Low income,Niamey,13.514,2.1073,2016,9,0,3,502.706475406446,59.228,4.322800159,16.3898280543236,0.55,17.0,1.97,20685753.0,0.09523462839375488
NER,Niger,Sub-Saharan Africa,Low income,Niamey,13.514,2.1073,2017,9,0,3,521.804130023434,59.524,10.2243115586561,16.5036987906896,0.556,17.6,2.07,21435446.0,0.09656901937099885
NER,Niger,Sub-Saharan Africa,Low income,Niamey,13.514,2.1073,2018,9,0,3,578.568035680892,59.765,10.74180031,16.6449011799221,0.536,17.6,2.29,22188069.0,0.10320862081328483
NER,Niger,Sub-Saharan Africa,Low income,Niamey,13.514,2.1073,2019,9,0,3,561.691304349698,60.031,11.28549957,16.813146499685,0.531,18.5,,22947757.0,
NER,Niger,Sub-Saharan Africa,Low income,Niamey,13.514,2.1073,2020,9,0,3,579.512495758236,59.89,11.85680008,17.0081420003794,0.591,18.7,,23717613.0,
NER,Niger,Sub-Saharan Africa,Low income,Niamey,13.514,2.1073,2021,9,0,3,608.722439593808,59.542,12.45689964,17.2295936666686,0.806,18.6,,24502140.0,
NER,Niger,Sub-Saharan Africa,Low income,Niamey,13.514,2.1073,2022,9,0,3,609.745147574878,60.398,13.08749962,17.477207007512,0.403,19.5,,25311973.0,
NER,Niger,Sub-Saharan Africa,Low income,Niamey,13.514,2.1073,2023,9,0,3,638.336080897887,61.183,12.98079967,17.7506873295237,0.407,20.1,,26159867.0,
NGA,Nigeria,Sub-Saharan Africa,Lower middle income,Abuja,9.05804,7.48906,2014,6,3,1,3088.72131316169,51.94,21.0,54.9232435340404,3.9,54.2,116.2,185896915.0,0.6250776135795476
NGA,Nigeria,Sub-Saharan Africa,Lower middle income,Abuja,9.05804,7.48906,2015,6,3,1,2585.73360671797,51.939,22.51420021,55.7325682057138,4.134,52.5,108.15,190671878.0,0.5672047767841254
NGA,Nigeria,Sub-Saharan Africa,Lower middle income,Abuja,9.05804,7.48906,2016,6,3,1,2070.4127339595,52.189,24.13750076,56.541038793347,4.499,59.3,108.42,195443700.0,0.5547377582393292
NGA,Nigeria,Sub-Saharan Africa,Lower middle income,Abuja,9.05804,7.48906,2017,6,3,1,1876.34027111773,52.397,25.87789917,57.3486345560101,4.83,54.4,112.92,200254579.0,0.5638822371197815
NGA,Nigeria,Sub-Saharan Africa,Lower middle income,Abuja,9.05804,7.48906,2018,6,3,1,2057.87944554011,52.669,27.74370003,58.1553347527729,5.069,56.5,130.67,204938755.0,0.6376051225645437
NGA,Nigeria,Sub-Saharan Africa,Lower middle income,Abuja,9.05804,7.48906,2019,6,3,1,3189.81286498516,53.009,29.74410057,58.9611186427056,5.206,55.4,,209485641.0,
NGA,Nigeria,Sub-Saharan Africa,Lower middle income,Abuja,9.05804,7.48906,2020,6,3,1,2797.18458068686,53.072,31.88879967,59.7659654848781,5.714,55.4,,213996181.0,
NGA,Nigeria,Sub-Saharan Africa,Lower middle income,Abuja,9.05804,7.48906,2021,6,3,1,2787.48779224428,53.455,35.50979996,60.5698545383604,5.404,59.5,,218529286.0,
NGA,Nigeria,Sub-Saharan Africa,Lower middle income,Abuja,9.05804,7.48906,2022,6,3,1,2899.16047470324,54.079,39.14720154,61.3727650622225,3.827,60.5,,223150896.0,
NGA,Nigeria,Sub-Saharan Africa,Lower middle income,Abuja,9.05804,7.48906,2023,6,3,1,2138.76383719983,54.462,40.06399918,62.1746763155343,3.074,61.2,,227882945.0,
NIC,Nicaragua,Latin America & Caribbean,Lower middle income,Managua,12.1475,-86.2734,2014,7,5,1,1958.37047579547,72.792,17.60000038,57.6222653742564,4.52,81.9,4.76,6066492.0,0.7846379752911568
NIC,Nicaragua,Latin America & Caribbean,Lower middle income,Managua,12.1475,-86.2734,2015,7,5,1,2074.45620634731,72.899,19.70429993,57.8149881864705,4.7,83.2,5.27,6149417.0,0.8569918091422325
NIC,Nicaragua,Latin America & Caribbean,Lower middle income,Managua,12.1475,-86.2734,2016,6,5,1,2131.68704828322,73.18,24.57180023,58.0043880782023,3.9,83.9,5.38,6232666.0,0.8631940168139925
NIC,Nicaragua,Latin America & Caribbean,Lower middle income,Managua,12.1475,-86.2734,2017,6,5,1,2182.61380995674,73.389,30.39999962,58.1892567408822,3.3,84.6,5.4,6316231.0,0.8549402325532426
NIC,Nicaragua,Latin America & Caribbean,Lower middle income,Managua,12.1475,-86.2734,2018,6,5,1,2035.16549390507,73.879,33.9129982,58.3683858659405,5.2,85.2,5.21,6400080.0,0.8140523243459457
NIC,Nicaragua,Latin America & Caribbean,Lower middle income,Managua,12.1475,-86.2734,2019,6,5,1,1958.62051528095,73.764,39.01079941,58.5405671448072,5.457,85.7,,6483657.0,
NIC,Nicaragua,Latin America & Caribbean,Lower middle income,Managua,12.1475,-86.2734,2020,5,4,1,1938.44704754382,70.766,44.87490082,58.7045922689128,6.18,86.0,,6565267.0,
NIC,Nicaragua,Latin America & Caribbean,Lower middle income,Managua,12.1475,-86.2734,2021,5,4,1,2138.38588469449,70.478,51.62039948,58.8592529296875,6.076,86.3,,6644741.0,
NIC,Nicaragua,Latin America & Caribbean,Lower middle income,Managua,12.1475,-86.2734,2022,6,7,5,2322.89053964583,74.463,59.38000107,58.9954376220703,4.969,86.5,,6730654.0,
NIC,Nicaragua,Latin America & Caribbean,Lower middle income,Managua,12.1475,-86.2734,2023,6,7,5,2609.44492072931,74.947,60.30120087,59.1250953674316,4.698,88.3,,6823613.0,
NLD,Netherlands,Europe & Central Asia,High income,Amsterdam,52.3738,4.89095,2014,0,8,0,53457.2234864322,81.7073170731707,91.6666666666667,89.8364787097165,7.419,100.0,149.89,16865008.0,8.887632902397675
NLD,Netherlands,Europe & Central Asia,High income,Amsterdam,52.3738,4.89095,2015,0,8,0,45793.8135434697,81.509756097561,91.7241379310345,90.2787737214621,6.872,100.0,158.11,16939923.0,9.333572531587068
NLD,Netherlands,Europe & Central Asia,High income,Amsterdam,52.3738,4.89095,2016,1,9,0,46808.5291492503,81.5609756097561,90.4109589041096,90.5803239452777,6.007,100.0,158.27,17030314.0,9.293428177542705
NLD,Netherlands,Europe & Central Asia,High income,Amsterdam,52.3738,4.89095,2017,1,9,0,49513.6817346384,81.7609756097561,93.1972789115646,91.1219700676602,4.837,100.0,155.91,17131296.0,9.100887638623488
NLD,Netherlands,Europe & Central Asia,High income,Amsterdam,52.3738,4.89095,2018,0,10,0,53955.0770024266,81.8121951219512,91.8918918918919,92.6062472401044,3.832,100.0,151.17,17231624.0,8.772823733851203
NLD,Netherlands,Europe & Central Asia,High income,Amsterdam,52.3738,4.89095,2019,0,10,0,53554.9007491475,82.1121951219512,93.2885906040269,93.8898028856479,3.379,100.0,,17344874.0,
NLD,Netherlands,Europe & Central Asia,High income,Amsterdam,52.3738,4.89095,2020,0,10,0,53467.9277413737,81.3585365853659,91.33333333,94.2532277765935,3.82,100.0,,17441500.0,
NLD,Netherlands,Europe & Central Asia,High income,Amsterdam,52.3738,4.89095,2021,0,10,0,60141.9880911492,81.309756097561,92.05298013,94.6294783220315,4.209,100.0,,17533044.0,
NLD,Netherlands,Europe & Central Asia,High income,Amsterdam,52.3738,4.89095,2022,0,10,0,59123.318556487,81.6146341463415,92.51968504,94.9856177734136,3.526,100.0,,17700982.0,
NLD,Netherlands,Europe & Central Asia,High income,Amsterdam,52.3738,4.89095,2023,0,10,0,63515.6030780019,81.8634146341464,97.00680272,95.3221682092129,3.535,100.0,,17877117.0,
NOR,Norway,Europe & Central Asia,High income,Oslo,59.9138,10.7387,2014,2,11,0,97666.6951838749,82.1,96.3005098242892,80.6117159535579,3.486,100.0,38.28,5137232.0,7.451483600507044
NOR,Norway,Europe & Central Asia,High income,Oslo,59.9138,10.7387,2015,2,11,0,74809.9658049898,82.3048780487805,96.810325691365,81.2378240971353,4.296,100.0,38.64,5188607.0,7.44708550869241
NOR,Norway,Europe & Central Asia,High income,Oslo,59.9138,10.7387,2016,2,11,0,70867.3609970749,82.4073170731707,97.2982036675068,81.6800003051758,4.68,100.0,37.95,5234519.0,7.249949804365979
NOR,Norway,Europe & Central Asia,High income,Oslo,59.9138,10.7387,2017,2,11,0,76131.8384032764,82.609756097561,96.3576012951191,81.9699745912375,4.164,100.0,36.9,5276968.0,6.992651840981412
NOR,Norway,Europe & Central Asia,High income,Oslo,59.9138,10.7387,2018,2,11,0,82792.8427113304,82.7585365853659,96.4916579887094,82.2452112401723,3.801,100.0,37.35,5311916.0,7.031361188693496
NOR,Norway,Europe & Central Asia,High income,Oslo,59.9138,10.7387,2019,2,11,0,76430.5889473338,82.9585365853659,98.0000043853142,82.4935894878281,3.684,100.0,,5347896.0,
NOR,Norway,Europe & Central Asia,High income,Oslo,59.9138,10.7387,2020,2,11,0,68340.0181033702,83.209756097561,94.60755647,82.7029885700532,4.424,100.0,,5379475.0,
NOR,Norway,Europe & Central Asia,High income,Oslo,59.9138,10.7387,2021,2,11,0,93072.8925119571,83.1634146341463,99.0000036,82.8612877226956,4.359,100.0,,5408320.0,
NOR,Norway,Europe & Central Asia,High income,Oslo,59.9138,10.7387,2022,2,11,0,109269.520580298,82.509756097561,98.99997764,82.9563661816034,3.231,100.0,,5457127.0,
NOR,Norway,Europe & Central Asia,High income,Oslo,59.9138,10.7387,2023,2,11,0,87497.2179649556,83.0121951219512,99.00000258,83.0718560702166,3.574,100.0,,5519601.0,
NPL,Nepal,South Asia,Lower middle income,Kathmandu,27.6939,85.3157,2014,4,3,1,821.455224911731,67.812,15.43999958,64.5640847098488,10.62,84.9,7.13,27672370.0,0.25765772862967645
NPL,Nepal,South Asia,Lower middle income,Kathmandu,27.6939,85.3157,2015,4,3,1,875.543635474862,67.374,17.58160019,64.9510094249155,10.643,82.0,6.46,27823629.0,0.23217675882610425
NPL,Nepal,South Asia,Lower middle income,Kathmandu,27.6939,85.3157,2016,4,3,1,877.256454696737,68.444,20.70000076,65.2895168835553,10.714,90.7,9.34,27955462.0,0.3341028669102303
NPL,Nepal,South Asia,Lower middle income,Kathmandu,27.6939,85.3157,2017,4,3,1,1034.28374906846,68.74,24.3,65.5768928085184,10.66,86.6,11.03,28011258.0,0.3937702476625648
NPL,Nepal,South Asia,Lower middle income,Kathmandu,27.6939,85.3157,2018,4,3,1,1179.19843190389,69.036,28.60000038,65.8104229225551,10.593,93.9,12.03,28079689.0,0.4284235484232037
NPL,Nepal,South Asia,Lower middle income,Kathmandu,27.6939,85.3157,2019,4,3,1,1203.14294706401,69.299,33.33660126,65.9873929484157,10.477,89.9,,28414064.0,
NPL,Nepal,South Asia,Lower middle income,Kathmandu,27.6939,85.3157,2020,4,3,1,1154.21517578318,69.106,36.96530151,66.1050886088505,13.037,89.9,,28966574.0,
NPL,Nepal,South Asia,Lower middle income,Kathmandu,27.6939,85.3157,2021,4,3,1,1252.75076731986,68.385,40.98910141,66.144235274522,12.241,89.9,,29475010.0,
NPL,Nepal,South Asia,Lower middle income,Kathmandu,27.6939,85.3157,2022,4,3,1,1385.91066274851,70.087,45.45080185,66.2992968721053,10.661,91.3,,29715436.0,
NPL,Nepal,South Asia,Lower middle income,Kathmandu,27.6939,85.3157,2023,4,4,5,1382.33055769304,70.354,45.80680084,66.5432933453944,10.437,94.0,,29694614.0,
NZL,New Zealand,East Asia & Pacific,High income,Wellington,-41.2865,174.776,2014,2,9,0,44618.266973847,81.4568292682927,84.0,85.5076659530411,5.428,100.0,31.79,4516500.0,7.038636112033655
NZL,New Zealand,East Asia & Pacific,High income,Wellington,-41.2865,174.776,2015,2,9,0,38665.3723018158,81.6124390243903,85.19999695,85.1518763760531,5.415,100.0,32.19,4609400.0,6.983555343428645
NZL,New Zealand,East Asia & Pacific,High income,Wellington,-41.2865,174.776,2016,2,9,0,40113.7195382428,81.6585365853659,86.5,84.691365594,5.147,100.0,31.18,4714100.0,6.614199953331495
NZL,New Zealand,East Asia & Pacific,High income,Wellington,-41.2865,174.776,2017,2,9,0,42950.3841711138,81.8585365853659,87.69999695,84.1701025874108,4.736,100.0,32.92,4813600.0,6.838956290510221
NZL,New Zealand,East Asia & Pacific,High income,Wellington,-41.2865,174.776,2018,2,9,0,43257.0769238879,81.7073170731707,89.0,83.8017846685577,4.335,100.0,32.21,4900600.0,6.5726645716851
NZL,New Zealand,East Asia & Pacific,High income,Wellington,-41.2865,174.776,2019,2,10,0,42855.831861632,82.0560975609756,89.86370087,83.804965871667,4.109,100.0,,4970300.0,
NZL,New Zealand,East Asia & Pacific,High income,Wellington,-41.2865,174.776,2020,2,9,0,41997.7830324279,82.2560975609756,90.92099762,83.8138977095908,4.595,100.0,,5072400.0,
NZL,New Zealand,East Asia & Pacific,High income,Wellington,-41.2865,174.776,2021,2,10,0,49950.4251691316,82.2073170731707,91.99060059,83.8299382585905,3.776,100.0,,5084600.0,
NZL,New Zealand,East Asia & Pacific,High income,Wellington,-41.2865,174.776,2022,2,10,0,49099.7090423358,81.9585365853658,93.07289886,83.8547305017812,3.299,100.0,,5081700.0,
NZL,New Zealand,East Asia & Pacific,High income,Wellington,-41.2865,174.776,2023,2,10,0,49075.9562832927,81.7585365853659,93.32610321,83.8898991461229,3.734,100.0,,5200000.0,
OMN,Oman,"Middle East, North Africa, Afghanistan & Pakistan",High income,Muscat,23.6105,58.5874,2014,3,9,0,23160.6502252547,79.03,70.22000122,76.8892576748951,3.453,100.0,64.47,4002439.0,16.107678343130278
OMN,Oman,"Middle East, North Africa, Afghanistan & Pakistan",High income,Muscat,23.6105,58.5874,2015,3,9,0,18808.3077921839,79.346,73.52999878,77.3025363037955,3.403,100.0,68.3,4184895.0,16.320600636336156
OMN,Oman,"Middle East, North Africa, Afghanistan & Pakistan",High income,Muscat,23.6105,58.5874,2016,3,9,0,17110.1897460545,79.581,76.8453904741456,77.7521362304688,3.266,100.0,69.54,4390877.0,15.837382828077398
OMN,Oman,"Middle East, North Africa, Afghanistan & Pakistan",High income,Muscat,23.6105,58.5874,2017,3,9,0,17820.0661809335,79.748,80.18560028,78.3142260040136,2.523,100.0,69.9,4537396.0,15.405311769129254
OMN,Oman,"Middle East, North Africa, Afghanistan & Pakistan",High income,Muscat,23.6105,58.5874,2018,3,9,0,19901.7615642016,79.864,85.5,78.9655839720276,1.8,100.0,73.37,4597877.0,15.957364670694757
OMN,Oman,"Middle East, North Africa, Afghanistan & Pakistan",High income,Muscat,23.6105,58.5874,2019,3,9,0,19180.1864152801,79.946,90.25939941,79.5780017545962,2.045,100.0,,4591241.0,
OMN,Oman,"Middle East, North Africa, Afghanistan & Pakistan",High income,Muscat,23.6105,58.5874,2020,3,9,0,16784.8630630058,77.763,95.23229321,80.0176378922722,2.94,100.0,,4522497.0,
OMN,Oman,"Middle East, North Africa, Afghanistan & Pakistan",High income,Muscat,23.6105,58.5874,2021,3,9,0,19403.4600160211,75.969,95.23880005,80.1239942103569,1.9,100.0,,4500424.0,
OMN,Oman,"Middle East, North Africa, Afghanistan & Pakistan",High income,Muscat,23.6105,58.5874,2022,3,9,0,23223.5829405935,77.911,95.24530029,80.0117053152301,3.3,100.0,,4730226.0,
OMN,Oman,"Middle East, North Africa, Afghanistan & Pakistan",High income,Muscat,23.6105,58.5874,2023,3,9,0,21027.7384778886,80.031,95.25170135,79.5702973228932,3.176,100.0,,5049269.0,
PAK,Pakistan,"Middle East, North Africa, Afghanistan & Pakistan",Lower middle income,Islamabad,30.5167,72.8,2014,8,5,1,1266.61340849959,65.374,10.0,35.6595549759128,1.827,90.1,153.67,214264647.0,0.7171971771899449
PAK,Pakistan,"Middle East, North Africa, Afghanistan & Pakistan",Lower middle income,Islamabad,30.5167,72.8,2015,8,5,1,1380.47020838317,65.641,11.0,35.9017325715342,3.566,91.0,163.59,217290883.0,0.7528617756134757
PAK,Pakistan,"Middle East, North Africa, Afghanistan & Pakistan",Lower middle income,Islamabad,30.5167,72.8,2016,8,5,1,1424.69161195897,65.943,12.385446763381,36.1597184900333,2.285,91.8,180.57,220138869.0,0.8202549636974832
PAK,Pakistan,"Middle East, North Africa, Afghanistan & Pakistan",Lower middle income,Islamabad,30.5167,72.8,2017,8,5,1,1519.23459514248,66.223,13.77999973,36.4351548223399,3.204,92.7,197.7,223273967.0,0.8854592528469744
PAK,Pakistan,"Middle East, North Africa, Afghanistan & Pakistan",Lower middle income,Islamabad,30.5167,72.8,2018,8,5,1,1569.33814626355,66.481,15.34000015,36.7478511550359,4.083,93.4,208.37,226928892.0,0.9182171479513503
PAK,Pakistan,"Middle East, North Africa, Afghanistan & Pakistan",Lower middle income,Islamabad,30.5167,72.8,2019,8,5,1,1390.41690981745,66.729,17.070901719916,37.1091631735769,4.83,93.9,,230800899.0,
PAK,Pakistan,"Middle East, North Africa, Afghanistan & Pakistan",Lower middle income,Islamabad,30.5167,72.8,2020,9,5,1,1278.39735206896,65.701,18.935,37.5080192948099,5.994,94.5,,235001746.0,
PAN,Panama,Latin America & Caribbean,High income,Panama City,8.99427,-79.5188,2014,5,6,5,13213.1989591137,77.365,44.9238152577893,65.4531164770096,4.391,90.8,11.28,3892101.0,2.898177616665138
PAN,Panama,Latin America & Caribbean,High income,Panama City,8.99427,-79.5188,2015,5,6,5,14082.6548434996,77.583,51.2054249948687,65.5287232947981,4.335,91.6,10.7,3960035.0,2.7019963207395894
PAN,Panama,Latin America & Caribbean,High income,Panama City,8.99427,-79.5188,2016,5,7,5,14832.3611652459,77.772,54.0,65.5971555296656,4.717,92.4,10.77,4029086.0,2.673062823677628
PAN,Panama,Latin America & Caribbean,High income,Panama City,8.99427,-79.5188,2017,7,11,5,15694.6297518495,77.901,59.9506309038683,65.6577712475758,5.338,93.7,10.25,4098707.0,2.5007886633516376
PAN,Panama,Latin America & Caribbean,High income,Panama City,8.99427,-79.5188,2018,6,11,5,16151.3273433486,78.266,61.8055313202468,65.7099285144924,5.161,93.8,10.14,4167860.0,2.432903216518789
PAN,Panama,Latin America & Caribbean,High income,Panama City,8.99427,-79.5188,2019,6,11,5,16477.9066268111,78.514,63.6284147731451,65.752985396379,6.256,93.9,,4234700.0,
PAN,Panama,Latin America & Caribbean,High income,Panama City,8.99427,-79.5188,2020,0,4,4,13290.5608397749,76.33,64.82430267,65.7862999591993,14.663,95.3,,4293261.0,
PAN,Panama,Latin America & Caribbean,High income,Panama City,8.99427,-79.5188,2021,1,5,0,15509.8069124139,77.004,66.04270172,65.8092302689169,10.177,95.3,,4345405.0,
PAN,Panama,Latin America & Caribbean,High income,Panama City,8.99427,-79.5188,2022,6,11,5,17378.6070017557,79.324,67.2838974,65.8211343914956,8.086,95.0,,4400773.0,
PAN,Panama,Latin America & Caribbean,High income,Panama City,8.99427,-79.5188,2023,6,11,5,18797.1933994045,79.594,68.54851592,65.8601271176084,6.544,97.0,,4458759.0,
PER,Peru,Latin America & Caribbean,Upper middle income,Lima,-12.0931,-77.0465,2014,5,6,5,6667.13410360861,75.26,40.2446560091704,79.9945465682649,3.208,92.9,52.81,30115826.0,1.7535630601664387
PER,Peru,Latin America & Caribbean,Upper middle income,Lima,-12.0931,-77.0465,2015,5,6,5,6231.71150338894,75.732,40.8526009090468,80.698277662669,3.272,93.9,53.82,30457600.0,1.7670466484555578
PER,Peru,Latin America & Caribbean,Upper middle income,Lima,-12.0931,-77.0465,2016,5,7,5,6217.03599995447,75.951,45.4617406869459,81.4192362241943,3.741,94.2,56.53,30866494.0,1.831435730925579
PER,Peru,Latin America & Caribbean,Upper middle income,Lima,-12.0931,-77.0465,2017,4,7,5,6736.16693725487,75.958,50.4504121848143,82.1931650502403,3.691,94.8,53.99,31324637.0,1.7235634685886383
PER,Peru,Latin America & Caribbean,Upper middle income,Lima,-12.0931,-77.0465,2018,4,7,5,6978.49121548627,76.018,55.0543342443197,82.6854929960921,3.492,95.2,54.28,31897584.0,1.70169627894075
PER,Peru,Latin America & Caribbean,Upper middle income,Lima,-12.0931,-77.0465,2019,4,7,5,7037.00803692604,76.275,59.9505036049006,83.1033003087105,3.379,95.6,,32449303.0,
PER,Peru,Latin America & Caribbean,Upper middle income,Lima,-12.0931,-77.0465,2020,4,7,5,6133.32552410183,73.832,65.25179796,83.5267437189637,7.179,96.2,,32838579.0,
PER,Peru,Latin America & Caribbean,Upper middle income,Lima,-12.0931,-77.0465,2021,4,7,5,6826.20255614477,71.596,71.10782643,83.9480118272361,5.097,95.6,,33155882.0,
PER,Peru,Latin America & Caribbean,Upper middle income,Lima,-12.0931,-77.0465,2022,4,8,5,7350.63034300417,76.834,74.67495213,84.3663554951194,4.291,96.2,,33475438.0,
PER,Peru,Latin America & Caribbean,Upper middle income,Lima,-12.0931,-77.0465,2023,4,8,5,7887.54185920108,77.74,79.48484477,84.7810255849745,4.899,96.2,,33845617.0,
PHL,Philippines,East Asia & Pacific,Lower middle income,Manila,14.5515,121.035,2014,7,5,1,2866.83803761407,69.311,34.70000076,50.2392400212368,3.6,89.8,104.41,103767130.0,1.006195314450732
PHL,Philippines,East Asia & Pacific,Lower middle income,Manila,14.5515,121.035,2015,7,6,1,2909.85818010301,69.45,36.90000153,51.1549047745227,3.068,89.1,113.67,105312992.0,1.07935400790816
PHL,Philippines,East Asia & Pacific,Lower middle income,Manila,14.5515,121.035,2016,7,6,1,2985.19564024046,69.49,39.20000076,51.9114748151175,2.695,92.0,124.92,106735719.0,1.1703673444126048
PHL,Philippines,East Asia & Pacific,Lower middle income,Manila,14.5515,121.035,2017,7,6,1,3038.12124959289,69.966,41.59999847,52.6010482354344,2.552,93.0,136.59,108119693.0,1.2633221220855668
PHL,Philippines,East Asia & Pacific,Lower middle income,Manila,14.5515,121.035,2018,7,6,1,3168.51036609727,69.761,44.09999847,53.2088897464754,2.338,94.2,142.24,109465287.0,1.2994073637243557
PHL,Philippines,East Asia & Pacific,Lower middle income,Manila,14.5515,121.035,2019,7,6,1,3400.78949767074,69.68,43.0266118680279,53.7157859948017,2.237,95.3,,110804683.0,
PHL,Philippines,East Asia & Pacific,Lower middle income,Manila,14.5515,121.035,2020,7,7,1,3227.57910235199,70.097,53.76490021,54.1077719895977,2.522,96.4,,112081264.0,
PHL,Philippines,East Asia & Pacific,Lower middle income,Manila,14.5515,121.035,2021,7,8,5,3484.38593882819,66.675,66.90779877,54.4504102510776,3.398,97.5,,113100950.0,
PHL,Philippines,East Asia & Pacific,Lower middle income,Manila,14.5515,121.035,2022,8,9,5,3548.06930572116,69.472,75.21114422,54.7902343568327,2.598,94.8,,113964338.0,
PHL,Philippines,East Asia & Pacific,Lower middle income,Manila,14.5515,121.035,2023,8,9,5,3804.08274131097,69.833,77.86699677,55.1242716168851,2.2,98.0,,114891199.0,
PNG,Papua New Guinea,East Asia & Pacific,Lower middle income,Port Moresby,-9.47357,147.194,2014,9,1,3,2723.17529825196,64.198,6.5,13.1316404025265,2.54,18.1,5.87,8523441.0,0.6886889930956289
PNG,Papua New Guinea,East Asia & Pacific,Lower middle income,Port Moresby,-9.47357,147.194,2015,9,1,3,2484.5963398603,64.473,7.900000095,13.2341359836319,2.507,18.4,6.43,8743246.0,0.7354248067594118
PNG,Papua New Guinea,East Asia & Pacific,Lower middle income,Port Moresby,-9.47357,147.194,2016,9,1,3,2316.39479758492,64.7,9.601499557,13.3653651942392,2.478,13.5,7.63,8961718.0,0.8513992517952473
PNG,Papua New Guinea,East Asia & Pacific,Lower middle income,Port Moresby,-9.47357,147.194,2017,9,1,3,2477.76530986323,64.923,11.20919991,13.5249644881888,2.58,19.2,7.7,9178714.0,0.8388974751800743
PNG,Papua New Guinea,East Asia & Pacific,Lower middle income,Port Moresby,-9.47357,147.194,2018,9,1,3,2566.36833735041,65.114,12.35789967,13.7125720532162,2.65,16.6,7.46,9394513.0,0.7940805446753866
PNG,Papua New Guinea,East Asia & Pacific,Lower middle income,Port Moresby,-9.47357,147.194,2019,9,1,3,2575.77274140393,65.331,13.62419987,13.9278267446947,2.651,23.6,,9609010.0,
PNG,Papua New Guinea,East Asia & Pacific,Lower middle income,Port Moresby,-9.47357,147.194,2020,9,1,3,2429.61134585269,65.075,15.02040005,14.1703677185729,2.903,20.5,,9815746.0,
PNG,Papua New Guinea,East Asia & Pacific,Lower middle income,Port Moresby,-9.47357,147.194,2021,9,1,3,2607.57861874444,64.358,16.55960083,14.4398342822353,3.03,20.9,,10012896.0,
PNG,Papua New Guinea,East Asia & Pacific,Lower middle income,Port Moresby,-9.47357,147.194,2022,9,1,3,3102.28968594061,65.274,18.25659943,14.7358658260841,2.689,19.0,,10203169.0,
PNG,Papua New Guinea,East Asia & Pacific,Lower middle income,Port Moresby,-9.47357,147.194,2023,9,1,3,2966.06830432055,66.134,18.56130028,15.0581017891206,2.649,20.5,,10389635.0,
POL,Poland,Europe & Central Asia,High income,Warsaw,52.26,21.02,2014,6,11,5,14262.2841914116,77.6024390243903,66.5987360557248,60.4340063344328,8.971,100.0,285.74,38011735.0,7.517152268898013
POL,Poland,Europe & Central Asia,High income,Warsaw,52.26,21.02,2015,6,11,5,12637.5220324406,77.4512195121951,67.9969871556415,60.3362886805635,7.475,100.0,289.05,37986412.0,7.60929987280715
POL,Poland,Europe & Central Asia,High income,Warsaw,52.26,21.02,2016,6,11,5,12464.0110508476,77.8512195121951,73.3007040962669,60.2402284228997,6.141,100.0,299.74,37970087.0,7.894108854688692
POL,Poland,Europe & Central Asia,High income,Warsaw,52.26,21.02,2017,6,11,5,13913.3402919927,77.7536585365854,75.9853659493832,60.145888199417,4.867,100.0,312.82,37974826.0,8.2375624314908
POL,Poland,Europe & Central Asia,High income,Warsaw,52.26,21.02,2018,6,11,5,15658.2120316794,77.6024390243903,77.5417345350006,60.0533306480907,3.835,100.0,312.74,37974750.0,8.23547225459022
POL,Poland,Europe & Central Asia,High income,Warsaw,52.26,21.02,2019,6,11,5,15874.5220531254,77.9048780487805,80.4359068768673,59.9626184068963,3.267,100.0,,37965475.0,
POL,Poland,Europe & Central Asia,High income,Warsaw,52.26,21.02,2020,6,11,5,16150.9304813473,76.4,83.18488715,59.8738141138092,3.155,100.0,,37515748.0,
POL,Poland,Europe & Central Asia,High income,Warsaw,52.26,21.02,2021,6,10,5,18635.5104895754,75.3512195121951,85.37490906,59.8096513205543,3.268,100.0,,36981559.0,
POL,Poland,Europe & Central Asia,High income,Warsaw,52.26,21.02,2022,6,11,5,18891.2121169279,77.1560975609756,86.94113479,59.8315488048321,2.811,100.0,,36821749.0,
POL,Poland,Europe & Central Asia,High income,Warsaw,52.26,21.02,2023,6,11,5,22145.2660647429,78.2585365853659,86.414744,59.8859561370214,2.743,100.0,,36687353.0,
PRI,Puerto Rico (US),Latin America & Caribbean,High income,San Juan,18.23,-66.0,2014,1,6,0,28576.0988023209,80.039,76.1338597201667,93.7813071818968,13.9,100.0,,3585017.0,
PRI,Puerto Rico (US),Latin America & Caribbean,High income,San Juan,18.23,-66.0,2015,1,7,0,29242.041465085,80.677,63.4663353848474,93.7987161428303,12.0,100.0,,3535167.0,
PRI,Puerto Rico (US),Latin America & Caribbean,High income,San Juan,18.23,-66.0,2016,1,7,0,29978.0889268918,80.355,68.6438071976518,93.8232738004303,11.8,100.0,,3480432.0,
PRI,Puerto Rico (US),Latin America & Caribbean,High income,San Juan,18.23,-66.0,2017,1,7,0,30328.479490518,79.07,68.7407731407209,93.8561953815964,10.8,100.0,,3410837.0,
PRI,Puerto Rico (US),Latin America & Caribbean,High income,San Juan,18.23,-66.0,2018,1,7,0,30679.9181934488,81.086,70.8563997424362,93.8986961132283,9.2,100.0,,3290690.0,
PRI,Puerto Rico (US),Latin America & Caribbean,High income,San Juan,18.23,-66.0,2019,1,8,0,31830.5284993358,81.438,77.7364393708352,93.9519912222253,8.3,100.0,,3302691.0,
PRI,Puerto Rico (US),Latin America & Caribbean,High income,San Juan,18.23,-66.0,2021,2,8,0,32619.0704601174,79.77,84.78666399,94.0550712597302,7.9,100.0,,3262711.0,
PRI,Puerto Rico (US),Latin America & Caribbean,High income,San Juan,18.23,-66.0,2022,2,8,0,35353.6821570014,79.427,87.29178106,94.1110923054937,6.0,100.0,,3220137.0,
PRT,Portugal,Europe & Central Asia,High income,Lisbon,38.7072,-9.13552,2014,0,5,0,22120.6850127107,81.1219512195122,64.5924200648949,61.1394537361116,13.88,100.0,45.93,10401062.0,4.415895223007035
PRT,Portugal,Europe & Central Asia,High income,Lisbon,38.7072,-9.13552,2015,0,5,0,19215.7813014347,81.1243902439025,68.6328614804299,61.137469211538,12.405,100.0,49.85,10358076.0,4.8126698433183925
PRT,Portugal,Europe & Central Asia,High income,Lisbon,38.7072,-9.13552,2016,0,5,0,19980.2808866516,81.1243902439025,70.423567088723,61.1343011242723,11.058,100.0,48.76,10325452.0,4.722311430046839
PRT,Portugal,Europe & Central Asia,High income,Lisbon,38.7072,-9.13552,2017,5,11,0,21442.3842768879,81.4243902439025,73.7912139515729,61.1296726507436,8.878,100.0,53.33,10300300.0,5.177519101385396
PRT,Portugal,Europe & Central Asia,High income,Lisbon,38.7072,-9.13552,2018,5,11,0,23541.1401075289,81.3243902439024,74.6609681487507,61.1233069673808,6.966,100.0,49.78,10283822.0,4.84061276050869
PRT,Portugal,Europe & Central Asia,High income,Lisbon,38.7072,-9.13552,2019,5,11,0,23343.3628970034,81.6756097560976,75.3463779408712,61.114927250613,6.422,100.0,,10286263.0,
PRT,Portugal,Europe & Central Asia,High income,Lisbon,38.7072,-9.13552,2020,5,11,0,22299.4044062173,81.3292682926829,78.26166044,61.1042566768691,6.85,100.0,,10297081.0,
PRT,Portugal,Europe & Central Asia,High income,Lisbon,38.7072,-9.13552,2021,5,11,0,24711.4510062111,81.3780487804878,82.30902804,61.0951249296597,6.712,100.0,,10361831.0,
PRT,Portugal,Europe & Central Asia,High income,Lisbon,38.7072,-9.13552,2022,5,11,0,24620.5197587181,81.6317073170732,84.49690644,61.1259255772782,6.138,100.0,,10434332.0,
PRT,Portugal,Europe & Central Asia,High income,Lisbon,38.7072,-9.13552,2023,4,11,0,27634.6183139773,82.3292682926829,85.79012676,61.2048652633664,6.498,100.0,,10578174.0,
PRY,Paraguay,Latin America & Caribbean,Upper middle income,Asuncion,-25.3005,-57.6362,2014,5,6,5,6652.25478942461,73.415,43.0073750122614,60.7101965948157,5.034,99.0,5.63,6069811.0,0.9275412364569506
PRY,Paraguay,Latin America & Caribbean,Upper middle income,Asuncion,-25.3005,-57.6362,2015,5,6,5,5879.33792308762,73.454,49.716304663966,61.3302768533263,4.556,99.3,6.37,6159103.0,1.0342415121162936
PRY,Paraguay,Latin America & Caribbean,Upper middle income,Asuncion,-25.3005,-57.6362,2016,6,7,5,5775.15963399596,73.487,53.4041274791009,62.0827613208606,5.255,98.4,7.15,6249126.0,1.144159999334307
PRY,Paraguay,Latin America & Caribbean,Upper middle income,Asuncion,-25.3005,-57.6362,2017,4,5,5,6152.2671153779,73.45,61.0757562215797,62.9526389826574,6.138,99.3,8.0,6338660.0,1.2620964052339139
PRY,Paraguay,Latin America & Caribbean,Upper middle income,Asuncion,-25.3005,-57.6362,2018,6,8,5,6258.44991640984,73.627,64.9935430235756,63.9248988239553,6.217,99.6,8.42,6427382.0,1.3100201606190514
PRY,Paraguay,Latin America & Caribbean,Upper middle income,Asuncion,-25.3005,-57.6362,2019,6,8,5,5821.18199548738,73.668,68.5176284222264,64.9845298299929,6.595,99.7,,6515058.0,
PRY,Paraguay,Latin America & Caribbean,Upper middle income,Asuncion,-25.3005,-57.6362,2020,6,8,5,5365.47220721104,72.72,73.95751114,66.116520986009,7.548,99.7,,6603739.0,
PRY,Paraguay,Latin America & Caribbean,Upper middle income,Asuncion,-25.3005,-57.6362,2021,6,8,5,5976.93179789949,68.108,77.01838621,67.3058612772421,7.311,100.0,,6684182.0,
PRY,Paraguay,Latin America & Caribbean,Upper middle income,Asuncion,-25.3005,-57.6362,2022,6,8,5,6205.62595379319,72.319,76.25916611,68.6396537819458,6.755,100.0,,6760464.0,
PRY,Paraguay,Latin America & Caribbean,Upper middle income,Asuncion,-25.3005,-57.6362,2023,5,8,5,6299.99026533713,73.844,78.09481878,69.3466081733694,5.794,99.8,,6844146.0,
PSE,West Bank and Gaza,"Middle East, North Africa, Afghanistan & Pakistan",Lower middle income,,,,2014,0,1,4,3352.11259506043,72.781,53.6651997924171,85.0433335176723,20.526,99.9,,4173398.0,
PSE,West Bank and Gaza,"Middle East, North Africa, Afghanistan & Pakistan",Lower middle income,,,,2015,0,1,4,3272.15432360708,74.577,56.70000076,85.2182174537886,23.005,99.9,,4270092.0,
PSE,West Bank and Gaza,"Middle East, North Africa, Afghanistan & Pakistan",Lower middle income,,,,2016,0,1,4,3527.61382413178,74.917,59.90000153,85.3377390706351,23.939,100.0,,4367088.0,
PSE,West Bank and Gaza,"Middle East, North Africa, Afghanistan & Pakistan",Lower middle income,,,,2017,0,1,4,3620.36048715937,75.216,63.29999924,85.3782255354,25.677,99.9,,4454805.0,
PSE,West Bank and Gaza,"Middle East, North Africa, Afghanistan & Pakistan",Lower middle income,,,,2018,0,1,4,3562.33094270256,75.38,64.3999937114499,85.5351131070872,26.256,100.0,,4569087.0,
PSE,West Bank and Gaza,"Middle East, North Africa, Afghanistan & Pakistan",Lower middle income,,,,2019,0,1,4,3656.85827137011,75.811,70.6225837001758,85.8136174183656,25.34,100.0,,4685306.0,
PSE,West Bank and Gaza,"Middle East, North Africa, Afghanistan & Pakistan",Lower middle income,,,,2020,0,1,4,3233.56863835858,74.998,76.18160248,86.0741183743925,25.895,100.0,,4803269.0,
PSE,West Bank and Gaza,"Middle East, North Africa, Afghanistan & Pakistan",Lower middle income,,,,2022,0,1,4,3799.95527015163,76.662,88.64690554,86.5961423216016,24.42,100.0,,5043612.0,
PYF,French Polynesia,East Asia & Pacific,High income,Papeete,-17.535,-149.57,2014,0,5,0,22258.6321384251,82.151,60.68,61.6824807401268,11.894,100.0,,276387.0,
PYF,French Polynesia,East Asia & Pacific,High income,Papeete,-17.535,-149.57,2015,0,5,0,19166.9594761931,82.339,64.560209747212,61.7374742154907,11.794,100.0,,277866.0,
PYF,French Polynesia,East Asia & Pacific,High income,Papeete,-17.535,-149.57,2016,0,5,0,19690.0775734589,82.555,68.440419493378,61.7744381369651,11.727,100.0,,279178.0,
PYF,French Polynesia,East Asia & Pacific,High income,Papeete,-17.535,-149.57,2017,0,5,0,20826.9312492172,82.774,72.7038953132942,61.7896941062846,11.595,100.0,,280087.0,
QAT,Qatar,"Middle East, North Africa, Afghanistan & Pakistan",High income,Doha,25.2948,51.5082,2014,0,11,0,95840.6898934238,81.395,91.48999786,98.901627838826,0.2,100.0,80.4,2151745.0,37.36502234233146
QAT,Qatar,"Middle East, North Africa, Afghanistan & Pakistan",High income,Doha,25.2948,51.5082,2015,0,11,0,68985.2433380102,81.785,92.8848264535481,98.9382407681154,0.17,100.0,83.31,2344557.0,35.53336515171096
QAT,Qatar,"Middle East, North Africa, Afghanistan & Pakistan",High income,Doha,25.2948,51.5082,2016,0,11,0,61253.6217997091,82.147,95.1246621661148,98.9855265345423,0.15,100.0,85.28,2477113.0,34.42717389154229
QAT,Qatar,"Middle East, North Africa, Afghanistan & Pakistan",High income,Doha,25.2948,51.5082,2017,0,11,0,63279.8767486216,82.458,97.3888491654164,99.0310125265978,0.14,100.0,87.68,2545820.0,34.44076957522527
QAT,Qatar,"Middle East, North Africa, Afghanistan & Pakistan",High income,Doha,25.2948,51.5082,2018,0,11,0,71039.9308240078,82.714,99.6528491261175,99.0755684762244,0.11,100.0,90.17,2580734.0,34.939672201784454
QAT,Qatar,"Middle East, North Africa, Afghanistan & Pakistan",High income,Doha,25.2948,51.5082,2019,0,11,0,66841.3623185691,82.945,99.6528042086389,99.1191696672067,0.1,100.0,,2638657.0,
QAT,Qatar,"Middle East, North Africa, Afghanistan & Pakistan",High income,Doha,25.2948,51.5082,2020,0,11,0,51683.5681078949,80.409,99.65284913,99.1617913833034,0.14,100.0,,2794148.0,
QAT,Qatar,"Middle East, North Africa, Afghanistan & Pakistan",High income,Doha,25.2948,51.5082,2021,0,11,0,71751.9363398856,81.083,99.65280151,99.203408908243,0.14,100.0,,2504910.0,
QAT,Qatar,"Middle East, North Africa, Afghanistan & Pakistan",High income,Doha,25.2948,51.5082,2022,0,11,0,88701.4689763536,81.857,98.03800201,99.243997525719,0.13,100.0,,2657333.0,
QAT,Qatar,"Middle East, North Africa, Afghanistan & Pakistan",High income,Doha,25.2948,51.5082,2023,0,11,0,81816.9797967481,82.368,98.15229797,99.2835325193835,0.13,100.0,,2656032.0,
ROU,Romania,Europe & Central Asia,High income,Bucharest,44.4479,26.0979,2014,8,11,5,10031.7710755404,74.909756097561,54.0783206550943,53.8267187624053,6.802,98.4,71.41,19908979.0,3.5868238145210762
ROU,Romania,Europe & Central Asia,High income,Bucharest,44.4479,26.0979,2015,8,11,5,8977.01748158196,74.9121951219512,55.7631556336233,53.7071839518893,6.812,98.8,72.9,19815616.0,3.6789166685507024
ROU,Romania,Europe & Central Asia,High income,Bucharest,44.4479,26.0979,2016,8,11,5,9404.54005870715,75.209756097561,59.5039512852713,53.5528171972639,5.901,99.1,71.14,19702267.0,3.610752001279853
ROU,Romania,Europe & Central Asia,High income,Bucharest,44.4479,26.0979,2017,8,11,5,10727.9822007426,75.209756097561,63.7472821822484,53.3648643239046,4.927,100.0,74.1,19588715.0,3.7827902442809545
ROU,Romania,Europe & Central Asia,High income,Bucharest,44.4479,26.0979,2018,7,11,5,12416.134317959,75.3585365853659,70.6812779273268,53.1445711571868,4.187,99.8,74.88,19473970.0,3.845132759267884
ROU,Romania,Europe & Central Asia,High income,Bucharest,44.4479,26.0979,2019,7,11,5,12909.6104013244,75.6073170731707,73.6574757545465,52.8931835224862,3.912,100.0,,19371648.0,
ROU,Romania,Europe & Central Asia,High income,Bucharest,44.4479,26.0979,2020,7,10,5,13009.1770573223,74.2536585365854,78.45526895,52.611947245178,5.035,100.0,,19265250.0,
ROU,Romania,Europe & Central Asia,High income,Bucharest,44.4479,26.0979,2021,7,10,5,14907.9803652143,72.809756097561,83.5904265,52.2321512130811,5.59,100.0,,19122059.0,
ROU,Romania,Europe & Central Asia,High income,Bucharest,44.4479,26.0979,2022,7,11,5,15503.551804598,75.1536585365854,85.50309124,52.1634832477272,5.614,100.0,,19048502.0,
ROU,Romania,Europe & Central Asia,High income,Bucharest,44.4479,26.0979,2023,6,11,5,18244.4186876321,76.4048780487805,89.20335498,52.1645747011867,5.589,100.0,,19061062.0,
RUS,Russian Federation,Europe & Central Asia,High income,Moscow,55.7558,37.6176,2014,5,8,5,14055.47265625,70.7436585365854,70.5175682574413,74.1776476748791,5.212,100.0,1606.86,144237223.0,11.140397510287618
RUS,Russian Federation,Europe & Central Asia,High income,Moscow,55.7558,37.6176,2015,5,8,5,9277.7138671875,71.1834146341463,70.0992412263947,74.275919065527,5.615,95.5,1557.53,144640716.0,10.768268044248343
RUS,Russian Federation,Europe & Central Asia,High income,Moscow,55.7558,37.6176,2016,5,8,5,8663.158203125,71.6512195121951,73.091434617897,74.3703138709243,5.591,99.4,1530.9,145015460.0,10.556805460603993
RUS,Russian Federation,Europe & Central Asia,High income,Moscow,55.7558,37.6176,2017,5,8,5,10658.9130859375,72.4514634146342,76.0081385339105,74.460036813029,5.238,100.0,1557.19,145293260.0,10.717565288300365
RUS,Russian Federation,Europe & Central Asia,High income,Moscow,55.7558,37.6176,2018,5,9,5,11211.8876953125,72.6621951219512,80.8647218726954,74.5442926137992,4.871,100.0,1607.55,145398106.0,11.056196289104344
RUS,Russian Federation,Europe & Central Asia,High income,Moscow,55.7558,37.6176,2019,5,9,5,11447.701171875,73.0839024390244,82.6421618670668,74.6222859951926,4.513,99.8,,145453291.0,
RUS,Russian Federation,Europe & Central Asia,High income,Moscow,55.7558,37.6176,2020,5,9,5,10108.3271484375,71.3387804878049,84.99466978,74.6932216791674,5.62,99.9,,145245148.0,
RUS,Russian Federation,Europe & Central Asia,High income,Moscow,55.7558,37.6176,2021,5,9,5,12425.029296875,69.900243902439,88.21384578,74.7516840220252,4.749,100.0,,144746762.0,
RUS,Russian Federation,Europe & Central Asia,High income,Moscow,55.7558,37.6176,2022,5,9,5,15619.6142578125,72.5456097560976,90.41799163,74.8544893625017,3.867,100.0,,144236933.0,
RUS,Russian Federation,Europe & Central Asia,High income,Moscow,55.7558,37.6176,2023,5,9,5,14159.3876953125,73.2546341463415,92.24496346,74.9805047873279,3.076,100.0,,143826130.0,
RWA,Rwanda,Sub-Saharan Africa,Low income,Kigali,-1.95325,30.0587,2014,9,1,3,724.957526520906,65.088,10.60000038,17.5020716539756,11.837,19.8,0.81,11364757.0,0.07127297134465788
RWA,Rwanda,Sub-Saharan Africa,Low income,Kigali,-1.95325,30.0587,2015,9,1,3,733.998629882494,65.419,12.45600033,18.1953149858416,11.831,22.8,0.93,11640022.0,0.07989675620888002
RWA,Rwanda,Sub-Saharan Africa,Low income,Kigali,-1.95325,30.0587,2016,6,1,3,729.519133812945,65.733,14.63710022,19.1213951786548,11.788,29.4,1.05,11919183.0,0.0880932862596371
RWA,Rwanda,Sub-Saharan Africa,Low income,Kigali,-1.95325,30.0587,2017,6,1,3,758.300966509647,66.14,17.2,20.2477568101111,11.875,34.1,1.05,12202060.0,0.08605104384013847
RWA,Rwanda,Sub-Saharan Africa,Low income,Kigali,-1.95325,30.0587,2018,6,1,3,771.773511207309,66.354,19.16659927,21.5418444579064,10.759,38.0,1.08,12487996.0,0.08648305140392422
RWA,Rwanda,Sub-Saharan Africa,Low income,Kigali,-1.95325,30.0587,2019,6,1,3,810.051412137354,66.691,21.3579998,22.9711026997362,11.236,46.6,,12776103.0,
RWA,Rwanda,Sub-Saharan Africa,Low income,Kigali,-1.95325,30.0587,2020,5,1,2,778.701498925026,66.953,23.8,24.5029761132966,11.829,45.2,,13065837.0,
RWA,Rwanda,Sub-Saharan Africa,Low income,Kigali,-1.95325,30.0587,2021,5,1,2,829.544845263697,66.85,24.4416008,26.1049092762833,15.775,48.7,,13355260.0,
RWA,Rwanda,Sub-Saharan Africa,Low income,Kigali,-1.95325,30.0587,2022,5,1,2,975.469323735369,67.528,28.01679993,27.7806702737761,15.084,50.6,,13651030.0,
RWA,Rwanda,Sub-Saharan Africa,Low income,Kigali,-1.95325,30.0587,2023,5,1,2,1027.03446826565,67.785,28.80579948,28.8555310645477,12.352,63.9,,13954471.0,
SAU,Saudi Arabia,"Middle East, North Africa, Afghanistan & Pakistan",High income,Riyadh,24.6748,46.6977,2014,3,8,0,27805.4850319422,77.116,64.713657369019,82.7822571294871,5.877,100.0,536.81,28309273.0,18.962337888366118
SAU,Saudi Arabia,"Middle East, North Africa, Afghanistan & Pakistan",High income,Riyadh,24.6748,46.6977,2015,3,8,0,23256.1549553531,77.776,69.6162358014004,82.9562773406163,5.6,100.0,561.14,29816382.0,18.81985547408133
SAU,Saudi Arabia,"Middle East, North Africa, Afghanistan & Pakistan",High income,Riyadh,24.6748,46.6977,2016,3,8,0,22267.7217050387,78.354,74.8792746891625,83.129128630626,5.6,99.9,556.74,30954198.0,17.98592875835452
SAU,Saudi Arabia,"Middle East, North Africa, Afghanistan & Pakistan",High income,Riyadh,24.6748,46.6977,2017,3,9,0,23929.2907135982,78.721,94.1755996113911,83.300690534822,5.89,100.0,540.7,30977355.0,17.454685850357464
SAU,Saudi Arabia,"Middle East, North Africa, Afghanistan & Pakistan",High income,Riyadh,24.6748,46.6977,2018,3,9,0,29360.0658968566,78.75,93.3100018480347,83.4708425884849,6.029,99.9,514.6,30196281.0,17.04183372780244
SAU,Saudi Arabia,"Middle East, North Africa, Afghanistan & Pakistan",High income,Riyadh,24.6748,46.6977,2019,3,9,0,29566.7933827436,78.313,95.7247355953812,83.6394643268678,5.636,100.0,,30063799.0,
SAU,Saudi Arabia,"Middle East, North Africa, Afghanistan & Pakistan",High income,Riyadh,24.6748,46.6977,2020,2,8,0,24338.8307301067,77.596,97.8623325,83.8064352851942,7.66,100.0,,31552510.0,
SAU,Saudi Arabia,"Middle East, North Africa, Afghanistan & Pakistan",High income,Riyadh,24.6748,46.6977,2021,3,9,0,31920.7653655643,77.089,100.0,83.9716349986538,6.621,100.0,,30784383.0,
SAU,Saudi Arabia,"Middle East, North Africa, Afghanistan & Pakistan",High income,Riyadh,24.6748,46.6977,2022,2,9,0,38510.2276211037,77.31,100.0,84.1349430023993,5.589,100.0,,32175224.0,
SAU,Saudi Arabia,"Middle East, North Africa, Afghanistan & Pakistan",High income,Riyadh,24.6748,46.6977,2023,2,9,0,36156.848337701,78.732,100.0,84.2962388315415,4.008,100.0,,33702731.0,
SDN,Sudan,Sub-Saharan Africa,Low income,Khartoum,15.5932,32.5363,2015,5,1,2,1292.37963867188,64.375,12.0,34.0914394628597,14.39,48.0,17.8,40024431.0,0.44472837102918467
SDN,Sudan,Sub-Saharan Africa,Low income,Khartoum,15.5932,32.5363,2016,5,1,2,1033.21594238281,64.677,14.0999999446534,34.1881958841213,13.656,50.5,20.48,41259892.0,0.49636581695366533
SDN,Sudan,Sub-Saharan Africa,Low income,Khartoum,15.5932,32.5363,2017,5,1,2,966.505676269531,65.146,18.60000038,34.2872225663509,13.0,53.0,20.34,42714306.0,0.4761870648208589
SEN,Senegal,Sub-Saharan Africa,Lower middle income,Dakar,14.7247,-17.4734,2014,7,4,1,1398.89137601382,66.001,17.70000076,45.6020905341588,5.849,61.0,8.57,14152102.0,0.6055637530029108
SEN,Senegal,Sub-Saharan Africa,Lower middle income,Dakar,14.7247,-17.4734,2015,6,2,3,1218.00613555438,66.451,21.70000076,46.2747669629858,6.757,60.5,9.28,14593331.0,0.6359069084364632
SEN,Senegal,Sub-Saharan Africa,Lower middle income,Dakar,14.7247,-17.4734,2016,7,4,1,1266.43957151587,66.724,25.66480064,47.0553579909929,4.455,64.5,9.92,15034521.0,0.6598148354709804
SEN,Senegal,Sub-Saharan Africa,Lower middle income,Dakar,14.7247,-17.4734,2017,7,4,1,1356.80518449031,67.059,29.64310074,47.9338349639053,4.078,61.7,9.57,15475002.0,0.6184167213677905
SEN,Senegal,Sub-Saharan Africa,Lower middle income,Dakar,14.7247,-17.4734,2018,7,4,1,1452.55612562445,67.379,35.29999924,48.9001692274485,3.453,66.0,9.86,15914498.0,0.6195608557681178
SEN,Senegal,Sub-Saharan Africa,Lower middle income,Dakar,14.7247,-17.4734,2019,7,4,1,1431.18128932159,67.668,43.37969971,49.9443321273477,2.863,70.4,,16352922.0,
SEN,Senegal,Sub-Saharan Africa,Lower middle income,Dakar,14.7247,-17.4734,2020,6,4,1,1461.08720350553,67.496,53.30879974,51.0562950093282,3.432,64.3,,16789219.0,
SEN,Senegal,Sub-Saharan Africa,Lower middle income,Dakar,14.7247,-17.4734,2021,6,4,1,1598.10676952274,66.868,55.04040146,52.2260292191155,3.436,68.0,,17220867.0,
SEN,Senegal,Sub-Saharan Africa,Lower middle income,Dakar,14.7247,-17.4734,2022,6,4,1,1574.0281059306,67.788,56.82830048,53.4435061024348,2.837,67.9,,17651103.0,
SEN,Senegal,Sub-Saharan Africa,Lower middle income,Dakar,14.7247,-17.4734,2023,6,4,1,1698.03387300843,68.683,59.18740082,54.6992276190794,2.784,74.2,,18077573.0,
SGP,Singapore,East Asia & Pacific,High income,Singapore,1.28941,103.85,2014,0,10,0,57564.8023114977,82.4951219512195,79.0292358633435,100.0,3.74,100.0,44.46,5469724.0,8.128380883569262
SGP,Singapore,East Asia & Pacific,High income,Singapore,1.28941,103.85,2015,0,10,0,55645.6068614606,82.7439024390244,79.0129570025584,100.0,3.79,100.0,45.5,5535002.0,8.22041256714993
SGP,Singapore,East Asia & Pacific,High income,Singapore,1.28941,103.85,2016,0,10,0,57005.5887176547,82.8463414634146,84.4522678893074,100.0,4.08,100.0,46.16,5607283.0,8.232150936558758
SGP,Singapore,East Asia & Pacific,High income,Singapore,1.28941,103.85,2017,0,10,0,61236.251270627,83.0951219512195,84.4522678893074,100.0,4.2,100.0,47.43,5612253.0,8.45115143597411
SGP,Singapore,East Asia & Pacific,High income,Singapore,1.28941,103.85,2018,0,10,0,66881.6067035265,83.2975609756098,88.1656360313447,100.0,3.613,100.0,47.36,5638676.0,8.399134832361355
SGP,Singapore,East Asia & Pacific,High income,Singapore,1.28941,103.85,2019,0,10,0,65952.0378959293,83.5951219512195,88.9492526850762,100.0,3.1,100.0,,5703569.0,
SGP,Singapore,East Asia & Pacific,High income,Singapore,1.28941,103.85,2020,0,10,0,61410.0792630788,83.5439024390244,92.00434653,100.0,4.1,100.0,,5685807.0,
SGP,Singapore,East Asia & Pacific,High income,Singapore,1.28941,103.85,2021,0,9,0,80056.1288247844,83.0926829268293,96.92468156,100.0,4.64,100.0,,5453566.0,
SGP,Singapore,East Asia & Pacific,High income,Singapore,1.28941,103.85,2022,0,10,0,90299.0694637269,82.8951219512195,95.95386476,100.0,3.591,100.0,,5637022.0,
SGP,Singapore,East Asia & Pacific,High income,Singapore,1.28941,103.85,2023,0,10,0,85412.230345235,83.0975609756098,94.28518987,100.0,3.444,100.0,,5917648.0,
SLB,Solomon Islands,East Asia & Pacific,Lower middle income,Honiara,-9.42676,159.949,2014,9,3,3,2164.95289873002,68.984,9.0,22.8612778264703,0.73,50.5,0.34,616908.0,0.5511356636645983
SLB,Solomon Islands,East Asia & Pacific,Lower middle income,Honiara,-9.42676,159.949,2015,9,3,3,2045.47721526649,69.323,10.00049973,23.6630502067213,0.736,55.1,0.31,639415.0,0.48481815409397655
SLB,Solomon Islands,East Asia & Pacific,Lower middle income,Honiara,-9.42676,159.949,2016,9,3,3,2082.62383124213,69.501,11.00090027,24.5047424399707,0.736,58.2,0.36,662379.0,0.5434954912519872
SLB,Solomon Islands,East Asia & Pacific,Lower middle income,Honiara,-9.42676,159.949,2017,9,3,3,2143.57670489272,69.652,15.14840031,25.3830535769599,0.727,62.9,0.35,685672.0,0.510448144302232
SLB,Solomon Islands,East Asia & Pacific,Lower middle income,Honiara,-9.42676,159.949,2018,8,4,1,2278.19908624102,69.806,20.8593998,26.2946826684302,0.722,65.8,0.37,709101.0,0.5217874463581351
SLB,Solomon Islands,East Asia & Pacific,Lower middle income,Honiara,-9.42676,159.949,2019,8,4,1,2223.65890942466,69.981,22.48880005,27.275106750276,0.746,69.4,,728147.0,
SLB,Solomon Islands,East Asia & Pacific,Lower middle income,Honiara,-9.42676,159.949,2020,8,4,1,2063.32780991967,69.258,24.1984005,28.0327555150022,0.868,72.9,,744498.0,
SLB,Solomon Islands,East Asia & Pacific,Lower middle income,Honiara,-9.42676,159.949,2021,8,4,1,2043.44413170658,68.89,26.03790092,28.6889396820578,0.879,76.3,,762591.0,
SLB,Solomon Islands,East Asia & Pacific,Lower middle income,Honiara,-9.42676,159.949,2022,8,4,1,1877.78104490956,70.409,28.01729965,29.3511689856806,1.475,76.0,,781066.0,
SLB,Solomon Islands,East Asia & Pacific,Lower middle income,Honiara,-9.42676,159.949,2023,8,5,1,1882.64394148042,70.528,28.67239952,30.0088821088389,1.443,81.3,,800005.0,
SLE,Sierra Leone,Sub-Saharan Africa,Low income,Freetown,8.4821,-13.2134,2014,7,0,3,1117.7586465721,54.281,6.057300091,40.3272406886245,4.678,18.8,1.18,6876385.0,0.17160179367501965
SLE,Sierra Leone,Sub-Saharan Africa,Low income,Freetown,8.4821,-13.2134,2015,7,0,3,964.575980888989,55.454,6.344399929,40.7669565187099,4.483,19.7,0.94,7037655.0,0.1335672180577195
SLE,Sierra Leone,Sub-Saharan Africa,Low income,Freetown,8.4821,-13.2134,2016,7,1,3,844.416411175476,56.937,7.680099964,41.229411538771,4.182,20.3,0.96,7205328.0,0.1332347396260101
SLE,Sierra Leone,Sub-Saharan Africa,Low income,Freetown,8.4821,-13.2134,2017,7,1,3,779.186007841728,57.761,9.297100067,41.7106682105058,3.656,23.4,0.97,7379299.0,0.13144880021801528
SLE,Sierra Leone,Sub-Saharan Africa,Low income,Freetown,8.4821,-13.2134,2018,7,1,3,845.914540460932,59.059,14.42230034,42.2011025267803,3.192,26.1,1.02,7554563.0,0.13501773696241595
SLE,Sierra Leone,Sub-Saharan Africa,Low income,Freetown,8.4821,-13.2134,2019,7,1,3,843.712517809977,59.593,15.71370029,42.7018444914441,3.204,22.7,,7731991.0,
SLE,Sierra Leone,Sub-Saharan Africa,Low income,Freetown,8.4821,-13.2134,2020,7,1,3,845.277557920549,59.694,17.12080002,43.2129659123546,3.509,26.3,,7912558.0,
SLE,Sierra Leone,Sub-Saharan Africa,Low income,Freetown,8.4821,-13.2134,2021,7,1,3,885.396401885395,60.26,18.65390015,43.7345385973699,3.551,27.5,,8094602.0,
SLE,Sierra Leone,Sub-Saharan Africa,Low income,Freetown,8.4821,-13.2134,2022,7,2,3,860.371067916096,61.275,21.50880051,44.2666343543487,3.137,29.4,,8276807.0,
SLE,Sierra Leone,Sub-Saharan Africa,Low income,Freetown,8.4821,-13.2134,2023,7,2,3,758.329137378248,61.786,23.71360016,44.809324991151,3.092,35.5,,8460512.0,
SLV,El Salvador,Latin America & Caribbean,Upper middle income,San Salvador,13.7034,-89.2073,2014,6,5,1,3666.01248913873,71.144,24.7617121459061,68.9166664266223,4.154,95.1,6.59,6162955.0,1.0692922469821702
SLV,El Salvador,Latin America & Caribbean,Upper middle income,San Salvador,13.7034,-89.2073,2015,6,5,1,3790.34089108162,70.952,26.8026049600572,69.6982116699219,3.998,95.4,7.0,6183676.0,1.1320127380541931
SLV,El Salvador,Latin America & Caribbean,Upper middle income,San Salvador,13.7034,-89.2073,2016,5,5,5,3901.34014965811,70.908,28.99710083,70.3990173339844,4.418,96.0,7.17,6200800.0,1.1563024125919237
SLV,El Salvador,Latin America & Caribbean,Upper middle income,San Salvador,13.7034,-89.2073,2017,5,5,5,4020.12671373919,71.007,33.8207289048526,71.0856704711914,4.385,96.8,6.38,6213533.0,1.0267910382064438
SLV,El Salvador,Latin America & Caribbean,Upper middle income,San Salvador,13.7034,-89.2073,2018,5,5,5,4183.54620971358,71.384,43.79999924,71.7577209472656,4.006,97.0,6.81,6219807.0,1.094889278718777
SLV,El Salvador,Latin America & Caribbean,Upper middle income,San Salvador,13.7034,-89.2073,2019,5,6,5,4320.11671534627,71.725,50.4911940673888,72.4148941040039,4.17,97.4,,6222318.0,
SLV,El Salvador,Latin America & Caribbean,Upper middle income,San Salvador,13.7034,-89.2073,2020,6,7,5,3997.19279583709,70.244,54.60136976,73.0570220947266,5.008,99.7,,6234673.0,
SLV,El Salvador,Latin America & Caribbean,Upper middle income,San Salvador,13.7034,-89.2073,2021,5,7,5,4642.60743101342,69.941,57.26380157,73.6838531494141,4.327,97.9,,6255782.0,
SLV,El Salvador,Latin America & Caribbean,Upper middle income,San Salvador,13.7034,-89.2073,2022,5,7,5,5074.60210221806,71.969,60.05609894,74.1465021298679,2.999,100.0,,6280319.0,
SLV,El Salvador,Latin America & Caribbean,Upper middle income,San Salvador,13.7034,-89.2073,2023,5,7,5,5365.44491399171,72.099,62.61989975,74.6080675149903,2.992,98.3,,6309624.0,
SOM,"Somalia, Fed. Rep.",Sub-Saharan Africa,Low income,Mogadishu,2.07515,45.3254,2014,5,0,2,429.431656725102,54.442,1.629999995,42.3515167236328,18.595,51.4,0.65,13339491.0,0.048727496423964005
SOM,"Somalia, Fed. Rep.",Sub-Saharan Africa,Low income,Mogadishu,2.07515,45.3254,2015,5,0,2,445.583080073396,55.056,1.75999999,43.8618107408479,18.495,51.2,0.65,13806963.0,0.047077695507694195
SOM,"Somalia, Fed. Rep.",Sub-Saharan Africa,Low income,Mogadishu,2.07515,45.3254,2016,5,0,2,460.928490585175,55.283,1.879999995,45.942842729174,18.611,51.1,0.66,14348740.0,0.04599707012601803
SOM,"Somalia, Fed. Rep.",Sub-Saharan Africa,Low income,Mogadishu,2.07515,45.3254,2019,5,0,2,539.954816211694,57.249,2.731400013,51.6421170703225,18.828,49.2,,16030971.0,
SOM,"Somalia, Fed. Rep.",Sub-Saharan Africa,Low income,Mogadishu,2.07515,45.3254,2020,5,0,2,518.16113333875,57.095,15.02369976,52.286318011754,19.414,49.9,,16651191.0,
SOM,"Somalia, Fed. Rep.",Sub-Saharan Africa,Low income,Mogadishu,2.07515,45.3254,2021,5,0,2,549.056994756254,55.703,23.87479973,52.9060649733324,19.662,49.3,,17271431.0,
SOM,"Somalia, Fed. Rep.",Sub-Saharan Africa,Low income,Mogadishu,2.07515,45.3254,2022,5,0,2,573.141165798229,53.931,27.6,53.5010115886789,19.112,48.9,,17801897.0,
SOM,"Somalia, Fed. Rep.",Sub-Saharan Africa,Low income,Mogadishu,2.07515,45.3254,2023,5,0,2,596.885985135589,58.816,26.12010002,54.0714435506882,18.96,50.3,,18358615.0,
SRB,Serbia,Europe & Central Asia,Upper middle income,Belgrade,44.8024,20.4656,2014,1,2,4,6886.67809068704,75.3365853658537,62.0750804639377,59.8779373168945,19.223,99.7,38.72,7131787.0,5.4292143049140416
SRB,Serbia,Europe & Central Asia,Upper middle income,Belgrade,44.8024,20.4656,2015,1,3,4,5820.3215576888,75.2878048780488,65.3170254003801,60.1388092041016,17.66,99.9,45.16,7095383.0,6.3647022296048
SRB,Serbia,Europe & Central Asia,Upper middle income,Belgrade,44.8024,20.4656,2016,1,3,4,5982.37030126471,75.6878048780488,67.0568413716938,60.3853870034026,15.257,99.9,46.24,7058322.0,6.55113212460412
SRB,Serbia,Europe & Central Asia,Upper middle income,Belgrade,44.8024,20.4656,2017,1,4,4,6548.03653824187,75.5390243902439,70.3308355269141,60.621208190918,13.477,100.0,46.9,7020858.0,6.680095224828646
SRB,Serbia,Europe & Central Asia,Upper middle income,Belgrade,44.8024,20.4656,2018,1,4,4,7559.86165747394,75.890243902439,73.360709154564,60.8433609008789,12.733,100.0,45.54,6982604.0,6.521922194069719
SRB,Serbia,Europe & Central Asia,Upper middle income,Belgrade,44.8024,20.4656,2019,1,4,4,7755.632986437,75.9365853658537,77.4167736219802,61.0492248535156,10.395,99.8,,6945235.0,
SRB,Serbia,Europe & Central Asia,Upper middle income,Belgrade,44.8024,20.4656,2020,6,9,5,8098.70955668849,74.4780487804878,78.36804864,61.223201751709,9.011,100.0,,6899126.0,
SRB,Serbia,Europe & Central Asia,Upper middle income,Belgrade,44.8024,20.4656,2021,6,9,5,9680.52798074468,72.780487804878,81.16588116,61.363899230957,9.843,100.0,,6834326.0,
SRB,Serbia,Europe & Central Asia,Upper middle income,Belgrade,44.8024,20.4656,2022,6,10,5,10024.8191112596,75.2365853658537,83.53825397,61.9013813540396,8.439,100.0,,6664449.0,
SRB,Serbia,Europe & Central Asia,Upper middle income,Belgrade,44.8024,20.4656,2023,6,10,5,12281.707946167,76.1414634146341,85.35746686,62.1434649229738,8.268,100.0,,6623183.0,
SSD,South Sudan,Sub-Saharan Africa,Low income,Juba,4.85,31.6,2014,7,0,3,1242.73450181032,45.625,2.599999905,18.5459183719929,12.561,4.3,1.53,11235073.0,0.1361806905927536
SSD,South Sudan,Sub-Saharan Africa,Low income,Juba,4.85,31.6,2015,7,0,3,1080.14718624765,39.757,3.0,18.8092619601773,12.464,4.8,1.97,11107561.0,0.17735666722874627
STP,Sao Tome and Principe,Sub-Saharan Africa,Lower middle income,Sao Tome,0.20618,6.6071,2014,4,2,2,1489.67633417608,65.478,24.40999985,67.2606735229492,11.428,68.6,0.12,196767.0,0.6098583603957981
STP,Sao Tome and Principe,Sub-Saharan Africa,Lower middle income,Sao Tome,0.20618,6.6071,2015,4,2,2,1298.10946596396,66.023,25.81999969,67.3915710449219,10.591,67.3,0.12,200291.0,0.5991282683695224
STP,Sao Tome and Principe,Sub-Saharan Africa,Lower middle income,Sao Tome,0.20618,6.6071,2016,5,3,1,1434.87018050521,66.563,28.0,67.5218887329102,9.684,69.4,0.12,203689.0,0.5891334338133134
STP,Sao Tome and Principe,Sub-Saharan Africa,Lower middle income,Sao Tome,0.20618,6.6071,2017,5,3,1,1555.79477812888,67.074,32.61640167,67.6520004272461,8.808,74.3,0.13,206970.0,0.6281103541576074
STP,Sao Tome and Principe,Sub-Saharan Africa,Lower middle income,Sao Tome,0.20618,6.6071,2018,5,3,1,1825.59971753966,67.602,37.99380112,67.7828826904297,8.712,71.0,0.14,210187.0,0.6660735440345977
STP,Sao Tome and Principe,Sub-Saharan Africa,Lower middle income,Sao Tome,0.20618,6.6071,2019,4,3,1,1935.2931816596,68.043,44.25790024,67.9129943847656,8.835,75.1,,213392.0,
STP,Sao Tome and Principe,Sub-Saharan Africa,Lower middle income,Sao Tome,0.20618,6.6071,2020,4,3,1,2167.22001796925,67.979,51.55469894,68.0436706542969,9.679,76.8,,217435.0,
STP,Sao Tome and Principe,Sub-Saharan Africa,Lower middle income,Sao Tome,0.20618,6.6071,2021,4,3,1,2362.58827248102,68.026,54.94950104,68.1738967895508,9.563,78.5,,221961.0,
STP,Sao Tome and Principe,Sub-Saharan Africa,Lower middle income,Sao Tome,0.20618,6.6071,2022,4,3,1,2389.73729784737,69.237,58.56779861,68.3720919798341,8.964,78.0,,226305.0,
STP,Sao Tome and Principe,Sub-Saharan Africa,Lower middle income,Sao Tome,0.20618,6.6071,2023,4,4,5,2990.6606143535,69.718,58.70130157,68.6043921103568,9.032,81.3,,230871.0,
SUR,Suriname,Latin America & Caribbean,Upper middle income,Paramaribo,5.8232,-55.1679,2014,5,5,5,9108.18905406764,70.33,40.08000183,66.2249266178037,6.94,94.6,2.64,575373.0,4.588327919453989
SUR,Suriname,Latin America & Caribbean,Upper middle income,Paramaribo,5.8232,-55.1679,2015,5,5,5,8813.61705392067,70.567,42.76380157,66.1828815074718,7.22,95.0,2.75,581627.0,4.728116129409398
SUR,Suriname,Latin America & Caribbean,Upper middle income,Paramaribo,5.8232,-55.1679,2016,4,4,5,5644.2061057532,70.979,45.40000153,66.1426466980469,7.917,95.8,2.31,587757.0,3.9301956420765727
SUR,Suriname,Latin America & Caribbean,Upper middle income,Paramaribo,5.8232,-55.1679,2017,4,5,5,6049.52128553675,71.247,48.94520187,66.1046467051207,7.905,96.6,2.13,593713.0,3.587591984679466
SUR,Suriname,Latin America & Caribbean,Upper middle income,Paramaribo,5.8232,-55.1679,2018,4,5,5,6665.74180472239,71.468,55.10210037,66.0693060442846,7.817,97.4,2.08,599513.0,3.4694827301493043
SUR,Suriname,Latin America & Caribbean,Upper middle income,Paramaribo,5.8232,-55.1679,2019,4,5,5,6629.66775248603,71.773,62.03350067,66.0370492311305,7.755,97.9,,605768.0,
SUR,Suriname,Latin America & Caribbean,Upper middle income,Paramaribo,5.8232,-55.1679,2023,6,9,5,5521.97602122638,73.631,87.4,65.7562408447266,7.699,99.6,,628886.0,
SVK,Slovak Republic,Europe & Central Asia,High income,Bratislava,48.1484,17.1073,2014,0,4,4,18770.9289896545,76.8121951219512,79.9843017656729,54.0029125499893,11.536,100.0,30.45,5418649.0,5.619481904068708
SVK,Slovak Republic,Europe & Central Asia,High income,Bratislava,48.1484,17.1073,2015,0,4,4,16442.0760860018,76.5634146341463,77.6346820339875,53.8700628001622,11.492,100.0,30.75,5423801.0,5.6694557930868035
SVK,Slovak Republic,Europe & Central Asia,High income,Bratislava,48.1484,17.1073,2016,6,11,5,16636.0769133073,77.1658536585366,80.475857275668,53.7399327086517,9.679,100.0,31.5,5430798.0,5.800252559568594
SVK,Slovak Republic,Europe & Central Asia,High income,Bratislava,48.1484,17.1073,2017,6,11,5,17645.5298716761,77.1658536585366,81.6256675172655,53.6126018237016,8.142,100.0,33.58,5439232.0,6.173665693980326
SVK,Slovak Republic,Europe & Central Asia,High income,Bratislava,48.1484,17.1073,2018,6,11,5,19573.3717031314,77.2658536585366,80.4489224826099,53.4881496935559,6.544,100.0,33.0,5446771.0,6.058635474118519
SVK,Slovak Republic,Europe & Central Asia,High income,Bratislava,48.1484,17.1073,2019,6,11,5,19406.0589683582,77.6658536585366,82.8536605021784,53.3666558664583,5.761,100.0,,5454147.0,
SVK,Slovak Republic,Europe & Central Asia,High income,Bratislava,48.1484,17.1073,2020,6,11,5,19735.4858280801,76.8658536585366,89.92090413,53.2481998906526,6.719,100.0,,5458827.0,
SVK,Slovak Republic,Europe & Central Asia,High income,Bratislava,48.1484,17.1073,2021,6,11,5,22123.3342114545,74.6146341463415,88.92560523,53.1901479870605,6.894,100.0,,5447247.0,
SVK,Slovak Republic,Europe & Central Asia,High income,Bratislava,48.1484,17.1073,2022,6,11,5,21317.7943982363,76.9658536585366,89.06766196,53.1902831072528,6.143,100.0,,5431752.0,
SVK,Slovak Republic,Europe & Central Asia,High income,Bratislava,48.1484,17.1073,2023,6,11,5,24614.8734642794,78.119512195122,87.2131343,53.190805019646,5.843,100.0,,5426740.0,
SVN,Slovenia,Europe & Central Asia,High income,Ljubljana,46.0546,14.5044,2014,6,11,5,24013.0682060959,81.0780487804878,71.5862515855601,50.983470916748,9.668,100.0,13.17,2061980.0,6.387064859988943
SVN,Slovenia,Europe & Central Asia,High income,Ljubljana,46.0546,14.5044,2015,6,11,5,20697.2748530619,80.7756097560976,73.0986599745829,53.6612160294144,8.962,100.0,13.17,2063531.0,6.3822641869688415
SVN,Slovenia,Europe & Central Asia,High income,Ljubljana,46.0546,14.5044,2016,6,11,5,21447.8377796036,81.1756097560976,75.4985042610791,53.647274017334,8.0,100.0,13.93,2065042.0,6.745625512701436
SVN,Slovenia,Europe & Central Asia,High income,Ljubljana,46.0546,14.5044,2017,6,11,5,23303.077705959,81.0292682926829,78.8854263554775,55.2451133728027,6.564,100.0,14.14,2066388.0,6.8428581660365815
SVN,Slovenia,Europe & Central Asia,High income,Ljubljana,46.0546,14.5044,2018,6,11,5,25888.0481065655,81.3780487804878,79.7499765956562,55.1913430955675,5.108,100.0,14.05,2073894.0,6.774695331583967
SVN,Slovenia,Europe & Central Asia,High income,Ljubljana,46.0546,14.5044,2019,5,11,0,25814.1687167572,81.5292682926829,83.1083578026717,55.4523277282715,4.446,100.0,,2088385.0,
SVN,Slovenia,Europe & Central Asia,High income,Ljubljana,46.0546,14.5044,2020,5,11,0,25392.0651093612,80.5317073170732,86.60130109,55.384391784668,4.971,100.0,,2102419.0,
SVN,Slovenia,Europe & Central Asia,High income,Ljubljana,46.0546,14.5044,2021,5,11,0,29192.8401933019,80.6756097560976,89.00399524,55.3046289429588,4.744,100.0,,2108079.0,
SVN,Slovenia,Europe & Central Asia,High income,Ljubljana,46.0546,14.5044,2022,5,11,0,28360.3041467268,81.2829268292683,88.91248552,55.3377817873563,4.011,100.0,,2112076.0,
SVN,Slovenia,Europe & Central Asia,High income,Ljubljana,46.0546,14.5044,2023,4,11,0,32660.4753581346,81.9292682926829,90.37794678,55.5378927789875,3.652,100.0,,2120461.0,
SWE,Sweden,Europe & Central Asia,High income,Stockholm,59.3327,18.0645,2014,0,8,0,59583.4584491714,82.2536585365854,92.5236065037579,86.2563838747314,7.954,100.0,39.1,9696110.0,4.032545010318571
SWE,Sweden,Europe & Central Asia,High income,Stockholm,59.3327,18.0645,2015,0,8,0,51188.1652120493,82.2048780487805,90.6101966398616,86.6158654081858,7.432,100.0,39.2,9799186.0,4.0003322724969195
SWE,Sweden,Europe & Central Asia,High income,Stockholm,59.3327,18.0645,2016,0,8,0,51703.5088332851,82.3073170731707,89.6509476102355,87.0,6.99,100.0,38.79,9923085.0,3.909066585643477
SWE,Sweden,Europe & Central Asia,High income,Stockholm,59.3327,18.0645,2017,0,8,0,53210.2233318965,82.409756097561,93.0062669652127,87.237373786911,6.718,100.0,38.33,10057698.0,3.811011227420032
SWE,Sweden,Europe & Central Asia,High income,Stockholm,59.3327,18.0645,2018,0,8,0,54018.4554391861,82.5585365853659,89.2469631588137,87.4737430925296,6.365,100.0,36.0,10175214.0,3.538009126884211
SWE,Sweden,Europe & Central Asia,High income,Stockholm,59.3327,18.0645,2019,0,8,0,51648.9892820514,83.109756097561,94.4934434072202,87.7088420242759,6.833,100.0,,10278887.0,
SWE,Sweden,Europe & Central Asia,High income,Stockholm,59.3327,18.0645,2020,0,8,0,52568.5726980146,82.3560975609756,94.53943122,87.9424046895699,8.291,100.0,,10353442.0,
SWE,Sweden,Europe & Central Asia,High income,Stockholm,59.3327,18.0645,2021,0,8,0,60647.5416365347,83.0560975609756,94.6703163,88.1741651958315,8.803,100.0,,10415811.0,
SWE,Sweden,Europe & Central Asia,High income,Stockholm,59.3327,18.0645,2022,0,8,0,54836.8907235124,83.0585365853659,95.00970335,88.4038576504809,7.417,100.0,,10486941.0,
SWE,Sweden,Europe & Central Asia,High income,Stockholm,59.3327,18.0645,2023,0,8,0,54950.2834725622,83.309756097561,95.70327461,88.631216160938,7.611,100.0,,10536632.0,
SWZ,Eswatini,Sub-Saharan Africa,Lower middle income,Mbabane,-26.5225,31.4659,2014,5,0,2,3771.07228381938,53.491,25.0,23.026850446568,23.931,65.0,0.96,1136299.0,0.8448480549573659
SWZ,Eswatini,Sub-Saharan Africa,Lower middle income,Mbabane,-26.5225,31.4659,2015,5,0,2,3419.82276559528,54.941,25.64299965,23.2660261759632,23.431,64.1,1.03,1142813.0,0.9012848121258683
SWZ,Eswatini,Sub-Saharan Africa,Lower middle income,Mbabane,-26.5225,31.4659,2016,5,0,2,3238.17611961364,56.228,28.56999969,23.5278881746356,22.718,63.4,1.23,1149507.0,1.0700239319986742
SWZ,Eswatini,Sub-Saharan Africa,Lower middle income,Mbabane,-26.5225,31.4659,2017,3,0,2,3853.09956569679,57.574,35.33160019,23.8052004963161,24.543,73.5,1.04,1158195.0,0.8979489636891888
SWZ,Eswatini,Sub-Saharan Africa,Lower middle income,Mbabane,-26.5225,31.4659,2018,2,0,2,3972.65450620357,58.707,39.38100052,24.0579295404227,26.471,74.0,1.09,1168929.0,0.9324775071882039
SWZ,Eswatini,Sub-Saharan Africa,Lower middle income,Mbabane,-26.5225,31.4659,2019,2,0,2,3913.14577547336,59.85,43.93389893,24.3459549517751,28.222,77.0,,1179874.0,
SWZ,Eswatini,Sub-Saharan Africa,Lower middle income,Mbabane,-26.5225,31.4659,2020,2,0,2,3466.56936278145,59.862,49.01300049,24.6652798922192,32.978,80.0,,1192729.0,
SWZ,Eswatini,Sub-Saharan Africa,Lower middle income,Mbabane,-26.5225,31.4659,2021,2,0,2,3984.00229174306,58.228,53.99530029,25.0156180525173,34.153,82.9,,1206593.0,
SWZ,Eswatini,Sub-Saharan Africa,Lower middle income,Mbabane,-26.5225,31.4659,2022,2,0,2,3894.1620089869,63.028,57.34370041,25.396682918542,36.472,82.3,,1218917.0,
SWZ,Eswatini,Sub-Saharan Africa,Lower middle income,Mbabane,-26.5225,31.4659,2023,2,0,2,3755.52111232464,64.123,61.33330154,25.8081878500755,34.61,86.4,,1230506.0,
SYR,Syrian Arab Republic,"Middle East, North Africa, Afghanistan & Pakistan",Low income,Damascus,33.5146,36.3119,2014,4,3,1,1060.59105886854,65.492,28.09000015,76.0,14.782,90.2,27.07,20273659.0,1.335230113123635
SYR,Syrian Arab Republic,"Middle East, North Africa, Afghanistan & Pakistan",Low income,Damascus,33.5146,36.3119,2015,4,3,1,847.731631942565,63.265,29.97979927,75.7529067188542,14.244,90.0,26.04,19424618.0,1.3405669032976608
SYR,Syrian Arab Republic,"Middle East, North Africa, Afghanistan & Pakistan",Low income,Damascus,33.5146,36.3119,2016,4,3,1,656.3490586313,65.19,31.8696003,75.15400963398,13.798,89.8,26.46,19193834.0,1.3785677212796568
SYR,Syrian Arab Republic,"Middle East, North Africa, Afghanistan & Pakistan",Low income,Damascus,33.5146,36.3119,2017,4,3,1,851.502005254153,65.651,32.70000076,74.5395596323392,13.603,89.6,29.1,19224668.0,1.5136802362464725
SYR,Syrian Arab Republic,"Middle East, North Africa, Afghanistan & Pakistan",Low income,Damascus,33.5146,36.3119,2018,4,3,1,1098.0668642357,67.371,33.77000046,74.0612602381775,13.505,86.0,27.91,19577845.0,1.4255910188276595
TCD,Chad,Sub-Saharan Africa,Low income,N'Djamena,12.1048,15.0445,2014,8,0,3,1278.78981422494,51.141,2.900000095,22.5294513486009,0.984,8.4,0.94,14188678.0,0.0662500058144952
TCD,Chad,Sub-Saharan Africa,Low income,N'Djamena,12.1048,15.0445,2015,8,0,3,993.990730610869,51.32,3.5,22.8011258828974,1.032,7.7,0.97,14647621.0,0.06622235788323579
TCD,Chad,Sub-Saharan Africa,Low income,N'Djamena,12.1048,15.0445,2016,8,0,3,861.831767630746,51.603,5.800000191,23.1119734707179,1.091,9.2,1.02,15114655.0,0.06748417347269918
TCD,Chad,Sub-Saharan Africa,Low income,N'Djamena,12.1048,15.0445,2017,8,0,3,854.46120040098,51.875,6.351900101,23.461349471105,1.132,10.9,1.02,15622759.0,0.06528936406175119
TCD,Chad,Sub-Saharan Africa,Low income,N'Djamena,12.1048,15.0445,2018,8,0,3,948.656629871231,52.447,6.956299782,23.8486084924975,1.135,10.1,1.07,16156531.0,0.06622708798070576
TCD,Chad,Sub-Saharan Africa,Low income,N'Djamena,12.1048,15.0445,2019,8,0,3,893.336441643325,52.993,7.618199825,24.2731047386633,1.077,8.4,,16685223.0,
TCD,Chad,Sub-Saharan Africa,Low income,N'Djamena,12.1048,15.0445,2020,8,0,3,866.947814890409,53.082,8.343099594,24.7341921795416,1.695,10.9,,17224679.0,
TCD,Chad,Sub-Saharan Africa,Low income,N'Djamena,12.1048,15.0445,2021,8,0,3,946.358500208374,53.136,9.653699875,25.2312246423075,1.53,11.3,,17828273.0,
TCD,Chad,Sub-Saharan Africa,Low income,N'Djamena,12.1048,15.0445,2022,8,0,3,966.036468278568,54.528,11.17029953,25.7635558629694,1.081,11.7,,18455316.0,
TCD,Chad,Sub-Saharan Africa,Low income,N'Djamena,12.1048,15.0445,2023,8,0,3,949.333453674592,55.069,12.03590012,26.3305395171046,1.059,12.0,,19319064.0,
TGO,Togo,Sub-Saharan Africa,Low income,Lome,6.1228,1.2255,2014,7,2,3,855.584809246574,58.776,5.699999809,39.2839506458368,2.141,45.7,1.59,7472450.0,0.21278161780941993
TGO,Togo,Sub-Saharan Africa,Low income,Lome,6.1228,1.2255,2015,7,2,3,751.051987587248,59.23,7.119999886,39.7162551272934,2.204,44.7,1.82,7663195.0,0.23749885002273854
TGO,Togo,Sub-Saharan Africa,Low income,Lome,6.1228,1.2255,2016,7,2,3,772.581357620609,59.677,11.31000042,40.1485878279739,2.968,46.8,2.3,7858289.0,0.29268457802964487
TGO,Togo,Sub-Saharan Africa,Low income,Lome,6.1228,1.2255,2017,7,2,3,792.765700965864,60.145,12.3602249692905,40.5809463430719,3.744,48.0,2.07,8057140.0,0.25691498472162577
TGO,Togo,Sub-Saharan Africa,Low income,Lome,6.1228,1.2255,2018,7,2,3,851.120561233595,60.608,15.5,41.013328267781,2.9,50.0,2.26,8258778.0,0.27364823222031154
TGO,Togo,Sub-Saharan Africa,Low income,Lome,6.1228,1.2255,2019,7,3,3,826.255209019798,61.061,20.72730064,41.445731197295,2.036,52.5,,8463068.0,
TGO,Togo,Sub-Saharan Africa,Low income,Lome,6.1228,1.2255,2020,7,3,3,863.468665870276,61.14,29.02370071,41.8781527268075,2.231,54.1,,8669720.0,
TGO,Togo,Sub-Saharan Africa,Low income,Lome,6.1228,1.2255,2021,7,3,3,962.075187515872,61.337,30.33839989,42.3105904515122,2.344,55.7,,8878379.0,
TGO,Togo,Sub-Saharan Africa,Low income,Lome,6.1228,1.2255,2022,7,3,3,951.232378690387,62.292,35.60749817,42.7332327975627,1.965,57.2,,9089738.0,
TGO,Togo,Sub-Saharan Africa,Low income,Lome,6.1228,1.2255,2023,7,3,3,1055.01727877926,62.74,37.57020187,43.2496853032436,1.942,59.2,,9304337.0,
THA,Thailand,East Asia & Pacific,Upper middle income,Bangkok,13.7308,100.521,2014,6,6,1,5801.1978916205,76.279,34.8860535783465,46.3138799467897,0.576,99.5,258.66,70216367.0,3.683756523603678
THA,Thailand,East Asia & Pacific,Upper middle income,Bangkok,13.7308,100.521,2015,6,6,1,5688.85335397884,76.563,39.3161267365004,46.9521043776171,0.597,99.6,263.08,70540795.0,3.7294731367856
THA,Thailand,East Asia & Pacific,Upper middle income,Bangkok,13.7308,100.521,2016,6,6,1,5833.57715617098,76.769,47.5049656215909,47.8801095551247,0.688,99.9,260.72,70859841.0,3.679376023437592
THA,Thailand,East Asia & Pacific,Upper middle income,Bangkok,13.7308,100.521,2017,6,6,1,6413.09182530343,76.989,52.8919293439676,49.2311973571777,0.83,99.9,260.66,71160187.0,3.6630033026754134
THA,Thailand,East Asia & Pacific,Upper middle income,Bangkok,13.7308,100.521,2018,6,7,5,7099.77650081458,77.19,56.8174809301456,54.5843734741211,0.765,99.8,257.86,71376079.0,3.612694947840999
THA,Thailand,East Asia & Pacific,Upper middle income,Bangkok,13.7308,100.521,2019,8,11,5,7605.69657797759,77.197,66.6524194587528,55.9266166687012,0.716,99.9,,71522271.0,
THA,Thailand,East Asia & Pacific,Upper middle income,Bangkok,13.7308,100.521,2020,7,10,5,6985.64393892574,77.331,77.84374066,57.2358779907227,1.099,100.0,,71641484.0,
THA,Thailand,East Asia & Pacific,Upper middle income,Bangkok,13.7308,100.521,2021,7,10,5,7057.20754802279,77.606,85.26956666,58.5087776184082,1.215,100.0,,71727332.0,
THA,Thailand,East Asia & Pacific,Upper middle income,Bangkok,13.7308,100.521,2022,7,10,5,6909.35281815827,75.291,87.97724503,59.742374420166,0.94,99.9,,71735329.0,
THA,Thailand,East Asia & Pacific,Upper middle income,Bangkok,13.7308,100.521,2023,7,10,5,7195.10130919449,76.412,89.53525238,60.9341926574707,0.733,100.0,,71702435.0,
TJK,Tajikistan,Europe & Central Asia,Lower middle income,Dushanbe,38.5878,68.7864,2014,9,5,1,1081.54402932039,69.697,17.48999977,26.5633735656738,7.024,99.1,4.47,8425552.0,0.5305290383348177
TJK,Tajikistan,Europe & Central Asia,Lower middle income,Dushanbe,38.5878,68.7864,2015,9,5,1,956.916310930656,69.665,18.97999954,26.478832244873,7.033,98.0,4.76,8643840.0,0.5506811787353769
TJK,Tajikistan,Europe & Central Asia,Lower middle income,Dushanbe,38.5878,68.7864,2016,9,5,1,788.710481734485,69.982,20.46999931,26.3718509674072,7.036,99.3,5.96,8865631.0,0.672258974008731
TJK,Tajikistan,Europe & Central Asia,Lower middle income,Dushanbe,38.5878,68.7864,2017,9,5,1,829.45714764957,70.524,21.95999908,26.2731513977051,7.035,99.3,6.37,9085946.0,0.7010827491160524
TJK,Tajikistan,Europe & Central Asia,Lower middle income,Dushanbe,38.5878,68.7864,2018,9,6,1,834.288404578801,70.737,32.59999847,26.2338752746582,7.028,99.3,7.33,9307333.0,0.7875510632315401
TJK,Tajikistan,Europe & Central Asia,Lower middle income,Dushanbe,38.5878,68.7864,2019,9,5,1,871.022372934846,70.962,22.68630028,26.1300735473633,7.026,99.4,,9529966.0,
TJK,Tajikistan,Europe & Central Asia,Lower middle income,Dushanbe,38.5878,68.7864,2020,9,5,1,834.311715460625,68.605,27.54409981,26.1925442328719,7.576,99.5,,9749310.0,
TJK,Tajikistan,Europe & Central Asia,Lower middle income,Dushanbe,38.5878,68.7864,2021,9,6,1,896.748053372182,69.594,36.70560074,26.1991525151375,7.687,99.6,,9966908.0,
TJK,Tajikistan,Europe & Central Asia,Lower middle income,Dushanbe,38.5878,68.7864,2022,9,6,1,1052.17949484894,71.562,48.91429901,26.1957126615618,7.051,100.0,,10182222.0,
TJK,Tajikistan,Europe & Central Asia,Lower middle income,Dushanbe,38.5878,68.7864,2023,9,7,1,1178.47990060249,71.79,54.41550064,26.1890127571429,7.037,100.0,,10389799.0,
TKM,Turkmenistan,Europe & Central Asia,Upper middle income,Ashgabat,37.9509,58.3794,2014,7,6,1,7164.14536184006,69.001,12.19999981,46.9954085410955,4.005,100.0,69.49,6075283.0,11.43815028863676
TKM,Turkmenistan,Europe & Central Asia,Upper middle income,Ashgabat,37.9509,58.3794,2015,7,6,1,5759.497903834,69.061,14.99680042,47.0100189007695,4.016,100.0,72.08,6215770.0,11.596310674301012
TKM,Turkmenistan,Europe & Central Asia,Upper middle income,Ashgabat,37.9509,58.3794,2016,7,6,1,5686.98040962764,69.142,17.99029922,47.0227025249994,4.026,100.0,72.02,6360041.0,11.323826371559555
TLS,Timor-Leste,East Asia & Pacific,Lower middle income,Dili,-8.56667,125.567,2014,9,4,3,1224.74956308733,65.027,17.5,29.5463092024041,3.618,62.4,0.53,1181903.0,0.44842935503167347
TLS,Timor-Leste,East Asia & Pacific,Lower middle income,Dili,-8.56667,125.567,2015,9,4,3,1319.59295003154,65.326,18.60000038,29.5043315008419,3.678,67.3,0.61,1205131.0,0.5061690388845694
TLS,Timor-Leste,East Asia & Pacific,Lower middle income,Dili,-8.56667,125.567,2016,9,4,3,1335.54391073349,65.61,21.20000076,29.4462907628171,4.657,76.5,0.69,1228312.0,0.5617465269410378
TLS,Timor-Leste,East Asia & Pacific,Lower middle income,Dili,-8.56667,125.567,2017,9,4,3,1266.17771143471,65.898,24.20000076,29.3600996787092,4.254,79.5,0.6,1251703.0,0.47934693773203385
TLS,Timor-Leste,East Asia & Pacific,Lower middle income,Dili,-8.56667,125.567,2018,8,5,1,1219.46599728983,66.204,27.60000038,29.248617510057,3.765,85.2,0.64,1275959.0,0.5015835148308057
TLS,Timor-Leste,East Asia & Pacific,Lower middle income,Dili,-8.56667,125.567,2019,8,5,1,1562.36458068032,66.496,28.00460052,29.1148755245217,3.148,90.6,,1300945.0,
TLS,Timor-Leste,East Asia & Pacific,Lower middle income,Dili,-8.56667,125.567,2020,8,5,1,1630.86938521256,66.919,32.01269913,28.9619049897647,2.808,96.0,,1326053.0,
TLS,Timor-Leste,East Asia & Pacific,Lower middle income,Dili,-8.56667,125.567,2021,8,5,1,2684.92676774277,66.199,35.04199982,28.7927371734472,2.344,100.0,,1350139.0,
TON,Tonga,East Asia & Pacific,Upper middle income,Nuku'alofa,-21.136,-175.216,2014,9,7,1,4136.59013792529,71.721,35.95439911,23.3431040935971,1.914,95.9,0.11,106609.0,1.031807821103284
TON,Tonga,East Asia & Pacific,Upper middle income,Nuku'alofa,-21.136,-175.216,2015,9,7,1,4123.90323993332,71.851,38.65129852,23.2434422818439,2.022,100.0,0.11,106095.0,1.0368066355624677
TON,Tonga,East Asia & Pacific,Upper middle income,Nuku'alofa,-21.136,-175.216,2016,9,7,1,3987.98626206287,71.951,39.95000076,23.1277038505921,2.048,97.0,0.15,105524.0,1.4214775785603275
TON,Tonga,East Asia & Pacific,Upper middle income,Nuku'alofa,-21.136,-175.216,2017,9,8,1,4365.92932788383,72.066,46.20080185,22.9711300654966,2.137,98.2,0.18,105356.0,1.7084931090777933
TON,Tonga,East Asia & Pacific,Upper middle income,Nuku'alofa,-21.136,-175.216,2018,9,8,1,4675.04791274385,72.169,48.80789948,22.7017138925547,2.248,99.0,0.19,105567.0,1.7998048632621937
TON,Tonga,East Asia & Pacific,Upper middle income,Nuku'alofa,-21.136,-175.216,2019,9,8,1,4788.83342304684,72.292,51.56299973,22.3288155626206,2.165,98.4,,105669.0,
TON,Tonga,East Asia & Pacific,Upper middle income,Nuku'alofa,-21.136,-175.216,2020,9,8,1,4792.35854741522,72.379,54.47370148,21.8766206823411,2.712,99.9,,105704.0,
TON,Tonga,East Asia & Pacific,Upper middle income,Nuku'alofa,-21.136,-175.216,2021,9,8,1,4922.80171378368,72.13,57.549,21.258003897665,2.111,100.0,,105490.0,
TON,Tonga,East Asia & Pacific,Upper middle income,Nuku'alofa,-21.136,-175.216,2022,9,8,1,5298.01941509951,72.635,61.60739899,21.147219451842,2.002,100.0,,105042.0,
TON,Tonga,East Asia & Pacific,Upper middle income,Nuku'alofa,-21.136,-175.216,2023,9,8,1,5651.59373063157,72.895,64.13140106,21.147944541337,1.652,100.0,,104597.0,
TTO,Trinidad and Tobago,Latin America & Caribbean,High income,Port-of-Spain,10.6596,-61.4789,2014,7,11,5,21908.3014555644,72.898,62.40000153,53.9259699537793,2.477,100.0,21.92,1345343.0,16.293242689782456
TTO,Trinidad and Tobago,Latin America & Caribbean,High income,Port-of-Spain,10.6596,-61.4789,2015,7,11,5,19887.2327716498,72.882,65.09999847,53.926665238022,2.428,100.0,21.26,1349667.0,15.752033649781762
TTO,Trinidad and Tobago,Latin America & Caribbean,High income,Port-of-Spain,10.6596,-61.4789,2016,7,11,5,17449.1538801956,72.935,67.80000305,53.9277523084951,3.207,100.0,18.23,1353895.0,13.464855103239174
TTO,Trinidad and Tobago,Latin America & Caribbean,High income,Port-of-Spain,10.6596,-61.4789,2017,7,11,5,17566.0999700656,72.984,70.59999847,53.9293186833833,3.389,100.0,18.19,1356633.0,13.408195141943326
TTO,Trinidad and Tobago,Latin America & Caribbean,High income,Port-of-Spain,10.6596,-61.4789,2018,7,11,5,17571.498737278,72.658,72.76029968,53.9314518934907,3.497,100.0,17.76,1359193.0,13.066577005620246
TTO,Trinidad and Tobago,Latin America & Caribbean,High income,Port-of-Spain,10.6596,-61.4789,2019,7,11,5,17212.6128892163,72.836,74.98670197,53.9342394732739,3.523,100.0,,1363985.0,
TTO,Trinidad and Tobago,Latin America & Caribbean,High income,Port-of-Spain,10.6596,-61.4789,2020,7,10,5,15283.6270531554,72.645,77.28130341,53.9377689584806,4.206,100.0,,1366725.0,
TTO,Trinidad and Tobago,Latin America & Caribbean,High income,Port-of-Spain,10.6596,-61.4789,2021,7,10,5,17712.5674104655,71.111,84.36576986,53.9421278853848,4.446,100.0,,1367558.0,
TTO,Trinidad and Tobago,Latin America & Caribbean,High income,Port-of-Spain,10.6596,-61.4789,2022,7,11,5,20750.5202434652,73.331,81.69760132,53.9474037904998,4.383,100.0,,1365805.0,
TTO,Trinidad and Tobago,Latin America & Caribbean,High income,Port-of-Spain,10.6596,-61.4789,2023,7,11,5,18308.4536298575,73.49,81.9681015,53.9536842104572,3.361,98.7,,1367510.0,
TUN,Tunisia,"Middle East, North Africa, Afghanistan & Pakistan",Lower middle income,Tunis,36.7899,10.21,2014,3,3,4,4458.97895464547,74.784,46.15999985,67.7524643379101,14.259,99.8,28.83,11274288.0,2.557145959017545
TUN,Tunisia,"Middle East, North Africa, Afghanistan & Pakistan",Lower middle income,Tunis,36.7899,10.21,2015,2,3,4,4014.94773686432,74.875,46.4999943435776,67.8807907104492,15.159,99.9,29.67,11402264.0,2.6021148080767116
TUN,Tunisia,"Middle East, North Africa, Afghanistan & Pakistan",Lower middle income,Tunis,36.7899,10.21,2016,2,3,4,3847.80354448809,75.007,49.5999948415756,68.0623356528248,15.557,100.0,28.99,11528674.0,2.5145996842308143
TUN,Tunisia,"Middle East, North Africa, Afghanistan & Pakistan",Lower middle income,Tunis,36.7899,10.21,2017,2,3,4,3619.03247319953,75.177,55.5001550633671,68.2877807617188,15.33,100.0,29.89,11650498.0,2.5655555668092473
TUN,Tunisia,"Middle East, North Africa, Afghanistan & Pakistan",Lower middle income,Tunis,36.7899,10.21,2018,2,3,4,3628.10366464236,75.37,64.1908102327387,68.5485240272509,15.459,99.8,29.98,11765514.0,2.548124969295859
TUN,Tunisia,"Middle East, North Africa, Afghanistan & Pakistan",Lower middle income,Tunis,36.7899,10.21,2019,1,3,4,3528.87213306798,75.599,66.6999983024144,68.8206382576031,17.153,100.0,,11875081.0,
TUN,Tunisia,"Middle East, North Africa, Afghanistan & Pakistan",Lower middle income,Tunis,36.7899,10.21,2020,1,3,4,3548.65363663803,75.004,68.55639648,69.1043166438476,17.651,99.9,,11974057.0,
TUN,Tunisia,"Middle East, North Africa, Afghanistan & Pakistan",Lower middle income,Tunis,36.7899,10.21,2021,2,3,4,3906.93926319391,72.893,68.31552226,69.3997523770568,16.632,99.9,,12048622.0,
TUR,Turkiye,Europe & Central Asia,Upper middle income,Ankara,39.7153,32.3606,2014,3,6,5,12209.3862327674,76.452,51.0373665521645,83.6024850744433,9.901,100.0,340.64,77181884.0,4.4134709124229206
TUR,Turkiye,Europe & Central Asia,Upper middle income,Ankara,39.7153,32.3606,2015,3,6,5,11064.6494504662,76.539,53.7449791423583,87.2167107972537,10.304,100.0,351.59,78218479.0,4.494973623815927
TUR,Turkiye,Europe & Central Asia,Upper middle income,Ankara,39.7153,32.3606,2016,3,6,5,10984.3643169061,76.595,58.3477340145685,88.1020958581776,10.899,100.0,374.59,79277962.0,4.72502055489267
TUR,Turkiye,Europe & Central Asia,Upper middle income,Ankara,39.7153,32.3606,2017,2,6,0,10756.3877677883,77.037,64.6846176835371,88.0320472717286,10.919,100.0,415.9,80312698.0,5.178508633840193
TUR,Turkiye,Europe & Central Asia,Upper middle income,Ankara,39.7153,32.3606,2018,2,6,0,9684.11819884721,77.454,71.0427608433809,88.1655749576173,10.956,100.0,412.97,81407204.0,5.072892566117368
TUR,Turkiye,Europe & Central Asia,Upper middle income,Ankara,39.7153,32.3606,2019,2,6,0,9395.23378001368,77.737,73.9767022871511,88.6618152857124,13.73,100.0,,82579440.0,
TUR,Turkiye,Europe & Central Asia,Upper middle income,Ankara,39.7153,32.3606,2020,2,6,0,8798.11791709313,76.525,77.6695605,88.9303114965222,13.148,100.0,,83384680.0,
TUR,Turkiye,Europe & Central Asia,Upper middle income,Ankara,39.7153,32.3606,2021,2,6,0,9981.76398411336,75.722,81.40843745,89.1762048153239,11.969,100.0,,84147318.0,
TUR,Turkiye,Europe & Central Asia,Upper middle income,Ankara,39.7153,32.3606,2022,2,6,0,10897.8397861365,77.591,83.43716576,89.0381164550781,10.465,100.0,,84979913.0,
TUR,Turkiye,Europe & Central Asia,Upper middle income,Ankara,39.7153,32.3606,2023,2,7,0,13375.0947282864,77.156,85.96074155,89.0218446796121,9.388,100.0,,85325965.0,
TZA,Tanzania,Sub-Saharan Africa,Lower middle income,Dodoma,-6.17486,35.7382,2014,8,1,3,1022.74841308594,63.364,7.0,30.6443077170742,2.125,23.5,10.72,50351512.0,0.21290323913212378
TZA,Tanzania,Sub-Saharan Africa,Lower middle income,Dodoma,-6.17486,35.7382,2015,8,1,3,939.127319335938,63.928,10.0,31.2061566592472,2.009,26.2,11.69,52020962.0,0.22471710538532524
TZA,Tanzania,Sub-Saharan Africa,Lower middle income,Dodoma,-6.17486,35.7382,2016,9,2,3,953.0107421875,64.404,13.5042328468919,31.7577303242916,1.931,32.8,10.92,53824013.0,0.20288342305505908
TZA,Tanzania,Sub-Saharan Africa,Lower middle income,Dodoma,-6.17486,35.7382,2017,9,2,3,986.674011230469,64.963,14.46339989,32.2987013317296,1.854,32.1,11.36,55652890.0,0.20412237351914697
TZA,Tanzania,Sub-Saharan Africa,Lower middle income,Dodoma,-6.17486,35.7382,2018,9,2,3,1023.10626220703,65.488,15.49069977,32.8287423010834,1.792,34.9,11.58,57437145.0,0.20161169222460482
TZA,Tanzania,Sub-Saharan Africa,Lower middle income,Dodoma,-6.17486,35.7382,2019,9,2,3,1063.32250976563,66.007,16.59090042,33.3475258518752,1.735,37.7,,59174891.0,
TZA,Tanzania,Sub-Saharan Africa,Lower middle income,Dodoma,-6.17486,35.7382,2020,9,2,3,1117.41528320313,66.771,19.48139954,33.8547246036273,1.792,39.9,,60972798.0,
TZA,Tanzania,Sub-Saharan Africa,Lower middle income,Dodoma,-6.17486,35.7382,2021,8,3,3,1159.85656738281,66.131,22.87540054,34.3500111758619,1.876,42.7,,62830412.0,
TZA,Tanzania,Sub-Saharan Africa,Lower middle income,Dodoma,-6.17486,35.7382,2022,8,3,3,1207.52062988281,66.879,26.86059952,34.8234736377147,1.573,45.8,,64711821.0,
TZA,Tanzania,Sub-Saharan Africa,Lower middle income,Dodoma,-6.17486,35.7382,2023,8,3,3,1224.00219726563,66.995,28.43190002,35.4748019434954,1.565,48.3,,66617606.0,
UGA,Uganda,Sub-Saharan Africa,Low income,Kampala,0.314269,32.5729,2014,9,1,3,896.054795546394,63.057,5.400000095,24.1938503391826,2.357,20.4,4.74,36395539.0,0.13023574125389378
UGA,Uganda,Sub-Saharan Africa,Low income,Kampala,0.314269,32.5729,2015,9,1,3,862.934610355811,63.831,5.699999809,24.9777856560427,2.681,18.5,4.86,37531446.0,0.12949141368014438
UGA,Uganda,Sub-Saharan Africa,Low income,Kampala,0.314269,32.5729,2016,9,1,3,752.696571725656,64.494,5.9,25.6953567134098,3.002,26.7,5.67,38799152.0,0.1461372145453076
UGA,Uganda,Sub-Saharan Africa,Low income,Kampala,0.314269,32.5729,2017,9,2,3,765.218332297361,65.174,7.417900085,26.4139260579546,3.428,32.4,5.84,40177388.0,0.14535539244114126
UGA,Uganda,Sub-Saharan Africa,Low income,Kampala,0.314269,32.5729,2018,9,2,3,792.16570022814,65.775,9.326299667,27.1280475018884,3.249,41.9,6.13,41565831.0,0.14747690236242358
UGA,Uganda,Sub-Saharan Africa,Low income,Kampala,0.314269,32.5729,2019,9,2,3,822.171150036357,66.354,11.72579956,27.8369781799403,3.057,41.3,,42999637.0,
UGA,Uganda,Sub-Saharan Africa,Low income,Kampala,0.314269,32.5729,2020,9,2,3,845.766463890124,66.41,7.4,28.5399752271502,3.819,42.1,,44457152.0,
UGA,Uganda,Sub-Saharan Africa,Low income,Kampala,0.314269,32.5729,2021,9,3,3,882.791717542504,66.45,10.0,29.2362957789022,3.416,45.2,,45910930.0,
UGA,Uganda,Sub-Saharan Africa,Low income,Kampala,0.314269,32.5729,2022,9,3,3,963.067314117178,67.675,9.636899948,29.9251969709665,2.885,47.1,,47312719.0,
UGA,Uganda,Sub-Saharan Africa,Low income,Kampala,0.314269,32.5729,2023,9,3,3,1002.30913917142,68.252,9.286999702,30.6059359395495,2.754,51.5,,48656601.0,
UKR,Ukraine,Europe & Central Asia,Upper middle income,Kiev,50.4536,30.5038,2014,4,4,5,3054.908203125,71.803,46.2359754571651,69.0554339301313,9.27,100.0,237.61,45972380.0,5.168538152690811
UKR,Ukraine,Europe & Central Asia,Upper middle income,Kiev,50.4536,30.5038,2015,4,4,5,2094.47387695313,72.686,48.8846436813218,69.1587317201337,9.14,100.0,190.87,45784896.0,4.168842056559439
UKR,Ukraine,Europe & Central Asia,Upper middle income,Kiev,50.4536,30.5038,2016,4,4,5,2158.46118164063,73.389,53.0009695981884,69.2102241609089,9.35,100.0,201.25,45616832.0,4.411748715912583
UKR,Ukraine,Europe & Central Asia,Upper middle income,Kiev,50.4536,30.5038,2017,3,4,5,2604.28759765625,73.993,58.8894794459775,69.2633108489282,9.5,100.0,174.84,45436041.0,3.8480465320471033
UKR,Ukraine,Europe & Central Asia,Upper middle income,Kiev,50.4536,30.5038,2018,4,5,5,3059.0517578125,73.569,62.5531553933869,69.3157992777909,8.799,100.0,185.37,45208907.0,4.100298200086987
UKR,Ukraine,Europe & Central Asia,Upper middle income,Kiev,50.4536,30.5038,2019,3,5,5,3619.86157226563,73.92,70.1248442995263,69.3527648708735,8.194,100.0,,44957458.0,
UKR,Ukraine,Europe & Central Asia,Upper middle income,Kiev,50.4536,30.5038,2020,3,5,5,3709.76928710938,73.283,75.03790912,69.3839100516745,9.475,100.0,,44680014.0,
UKR,Ukraine,Europe & Central Asia,Upper middle income,Kiev,50.4536,30.5038,2021,3,5,5,4775.94580078125,71.631,79.21829353,69.4027032653896,9.834,100.0,,44298640.0,
URY,Uruguay,Latin America & Caribbean,High income,Montevideo,-34.8941,-56.0675,2014,3,7,0,18322.4276767157,77.194,61.4624951684405,94.9897821210514,6.547,99.7,6.5,3356334.0,1.9366368186241298
URY,Uruguay,Latin America & Caribbean,High income,Montevideo,-34.8941,-56.0675,2015,3,7,0,17125.9016800298,77.285,64.5707870971624,95.0800002298303,7.488,99.7,6.59,3368017.0,1.956640955197079
URY,Uruguay,Latin America & Caribbean,High income,Montevideo,-34.8941,-56.0675,2016,3,7,0,17009.7584207276,77.351,66.40000153,95.1585424955685,7.841,99.7,6.53,3379283.0,1.9323625751379805
URY,Uruguay,Latin America & Caribbean,High income,Montevideo,-34.8941,-56.0675,2017,2,7,0,19184.6502617082,77.618,70.3223543994698,95.2288235732042,7.89,99.8,6.08,3388438.0,1.794337095735557
URY,Uruguay,Latin America & Caribbean,High income,Montevideo,-34.8941,-56.0675,2018,2,7,0,19249.9404677501,77.527,80.7268428795854,95.2942581176758,8.336,99.8,6.52,3394534.0,1.920734922672744
URY,Uruguay,Latin America & Caribbean,High income,Montevideo,-34.8941,-56.0675,2019,2,7,0,18315.7316980028,77.503,83.3515337667548,95.3479309082031,8.836,99.9,,3397206.0,
URY,Uruguay,Latin America & Caribbean,High income,Montevideo,-34.8941,-56.0675,2020,2,7,0,15757.5355995779,78.381,85.47100067,95.3997650146484,10.413,100.0,,3398968.0,
URY,Uruguay,Latin America & Caribbean,High income,Montevideo,-34.8941,-56.0675,2021,2,7,0,17881.818721099,75.434,87.64440155,95.4497146606445,9.328,100.0,,3396695.0,
URY,Uruguay,Latin America & Caribbean,High income,Montevideo,-34.8941,-56.0675,2022,2,8,0,20818.6146091144,76.468,89.87304314,95.4977416992188,7.877,100.0,,3390913.0,
URY,Uruguay,Latin America & Caribbean,High income,Montevideo,-34.8941,-56.0675,2023,2,8,0,23019.4221560046,78.138,90.92590332,95.5439605712891,8.355,100.0,,3388081.0,
USA,United States,North America,High income,Washington D.C.,38.8895,-77.032,2014,3,9,0,54973.4207515712,78.8414634146341,73.0,80.6242231779766,6.168,100.0,5102.58,319257560.0,15.982644232449813
USA,United States,North America,High income,Washington D.C.,38.8895,-77.032,2015,2,9,0,56572.9188996063,78.690243902439,74.5542024462761,80.5707989535091,5.28,100.0,4982.79,321815121.0,15.483393025525361
USA,United States,North America,High income,Washington D.C.,38.8895,-77.032,2016,3,10,0,57638.1018367192,78.5390243902439,85.5444212887222,80.4976645324131,4.869,100.0,4888.64,324353340.0,15.07195825392148
USA,United States,North America,High income,Washington D.C.,38.8895,-77.032,2017,3,10,0,59635.0984397965,78.5390243902439,87.2748891687657,80.4018678392891,4.355,100.0,4813.72,326608609.0,14.738496987995806
USA,United States,North America,High income,Washington D.C.,38.8895,-77.032,2018,2,10,0,62499.8744390068,78.6390243902439,88.498903165152,80.2804567987377,3.896,100.0,4981.3,328529577.0,15.16240956289911
USA,United States,North America,High income,Washington D.C.,38.8895,-77.032,2019,2,10,0,64746.4506778863,78.7878048780488,89.4302848575712,80.1304793353594,3.669,100.0,,330226227.0,
USA,United States,North America,High income,Washington D.C.,38.8895,-77.032,2020,3,10,0,63515.9491807833,76.9804878048781,90.34470367,79.997451762548,8.055,100.0,,331577720.0,
USA,United States,North America,High income,Washington D.C.,38.8895,-77.032,2021,3,10,0,70205.050916026,76.3292682926829,91.2684021,80.0074765140272,5.349,100.0,,332099760.0,
USA,United States,North America,High income,Washington D.C.,38.8895,-77.032,2022,2,10,0,76657.2488844403,77.4341463414634,92.72850037,80.0324978239707,3.65,100.0,,334017321.0,
USA,United States,North America,High income,Washington D.C.,38.8895,-77.032,2023,2,10,0,81032.262117545,78.3853658536585,93.52559662,80.071561119178,3.638,100.0,,336806231.0,
UZB,Uzbekistan,Europe & Central Asia,Lower middle income,Tashkent,41.3052,69.269,2014,7,6,1,2674.9628382103,70.973,35.5,50.8868713378906,5.09,99.8,105.41,30222994.0,3.487741816710813
UZB,Uzbekistan,Europe & Central Asia,Lower middle income,Tashkent,41.3052,69.269,2015,7,6,1,2803.19018021751,71.33,42.79999924,50.6597328186035,5.15,99.9,101.53,30749346.0,3.301858842786445
UZB,Uzbekistan,Europe & Central Asia,Lower middle income,Tashkent,41.3052,69.269,2016,7,7,1,2753.37951427589,71.58,46.79130173,50.6572189331055,5.16,99.9,107.35,31284568.0,3.431404262958018
UZB,Uzbekistan,Europe & Central Asia,Lower middle income,Tashkent,41.3052,69.269,2017,7,7,1,2190.60411562888,71.737,48.6999988524556,50.6787376403809,5.83,100.0,111.38,31819178.0,3.5004046930439245
UZB,Uzbekistan,Europe & Central Asia,Lower middle income,Tashkent,41.3052,69.269,2018,8,8,5,1813.08530813664,71.999,55.2000006732722,50.5814971923828,5.392,100.0,112.09,32373490.0,3.4624008718244466
UZB,Uzbekistan,Europe & Central Asia,Lower middle income,Tashkent,41.3052,69.269,2019,8,9,5,2041.38480729431,72.093,70.3999986481458,50.5920104980469,4.936,100.0,,32964701.0,
UZB,Uzbekistan,Europe & Central Asia,Lower middle income,Tashkent,41.3052,69.269,2020,8,9,5,1978.28051860763,71.461,71.09999824,50.7670402526855,5.293,100.0,,33586372.0,
UZB,Uzbekistan,Europe & Central Asia,Lower middle income,Tashkent,41.3052,69.269,2021,8,9,5,2258.51964119278,71.681,76.59043014,50.9269905090332,5.364,99.9,,34243696.0,
UZB,Uzbekistan,Europe & Central Asia,Lower middle income,Tashkent,41.3052,69.269,2022,8,9,5,2578.66689394219,72.147,83.90000012,50.9847412109375,4.456,100.0,,34938955.0,
UZB,Uzbekistan,Europe & Central Asia,Lower middle income,Tashkent,41.3052,69.269,2023,8,9,5,2878.96879292451,72.388,89.01361047,50.9964841114568,4.434,100.0,,35652307.0,
VCT,St. Vincent and the Grenadines,Latin America & Caribbean,Upper middle income,Kingstown,13.2035,-61.2653,2014,2,2,4,7168.82875342911,70.355,47.4,46.5579930468544,19.237,98.1,0.29,107535.0,2.6967963918724136
VCT,St. Vincent and the Grenadines,Latin America & Caribbean,Upper middle income,Kingstown,13.2035,-61.2653,2015,2,2,4,7353.73556054184,70.463,49.40000153,46.6845638727475,19.135,99.4,0.22,106960.0,2.056843679880329
VCT,St. Vincent and the Grenadines,Latin America & Caribbean,Upper middle income,Kingstown,13.2035,-61.2653,2016,2,2,4,7656.90042881178,70.7,51.5,46.8116589511271,19.029,99.7,0.27,106349.0,2.5388108962002462
VCT,St. Vincent and the Grenadines,Latin America & Caribbean,Upper middle income,Kingstown,13.2035,-61.2653,2017,2,2,4,7988.04445019298,71.013,53.70000076,46.9392900518098,19.024,100.0,0.27,105663.0,2.555293716816672
VCT,St. Vincent and the Grenadines,Latin America & Caribbean,Upper middle income,Kingstown,13.2035,-61.2653,2018,2,2,4,8428.12677153069,71.017,56.0,47.0674689446123,19.005,100.0,0.28,104926.0,2.668547357185064
VCT,St. Vincent and the Grenadines,Latin America & Caribbean,Upper middle income,Kingstown,13.2035,-61.2653,2019,2,2,4,8740.59425232061,70.994,59.57630157,47.1962073993512,19.248,100.0,,104167.0,
VCT,St. Vincent and the Grenadines,Latin America & Caribbean,Upper middle income,Kingstown,13.2035,-61.2653,2020,2,2,4,8351.20324040982,69.605,63.38100052,47.3255171858432,20.635,100.0,,103526.0,
VCT,St. Vincent and the Grenadines,Latin America & Caribbean,Upper middle income,Kingstown,13.2035,-61.2653,2021,2,2,4,8641.27904024443,69.132,68.83339691,47.4554100739049,20.356,100.0,,102841.0,
VCT,St. Vincent and the Grenadines,Latin America & Caribbean,Upper middle income,Kingstown,13.2035,-61.2653,2022,2,2,4,9693.55867833025,71.191,74.75479889,47.585897833353,19.277,100.0,,102046.0,
VCT,St. Vincent and the Grenadines,Latin America & Caribbean,Upper middle income,Kingstown,13.2035,-61.2653,2023,2,2,4,10582.3656725229,71.23,75.53679657,47.7169922340041,18.348,100.0,,101323.0,
VEN,"Venezuela, RB",Latin America & Caribbean,Not classified,Caracas,9.08165,-69.8371,2014,4,7,5,7096.22047105512,72.837,57.0,88.9163913525251,6.821,100.0,188.35,30254079.0,6.2256068016481345
VEN,"Venezuela, RB",Latin America & Caribbean,Not classified,Caracas,9.08165,-69.8371,2015,4,7,5,4103.1384987005,73.004,58.0,88.9539804079292,6.139,100.0,173.88,30573972.0,5.6871903984212455
VEN,"Venezuela, RB",Latin America & Caribbean,Not classified,Caracas,9.08165,-69.8371,2016,4,7,5,3670.15737848208,72.002,60.0,88.9914428378712,5.319,99.4,162.06,30765720.0,5.267551027572246
VEN,"Venezuela, RB",Latin America & Caribbean,Not classified,Caracas,9.08165,-69.8371,2019,4,6,5,2523.11275230667,72.766,49.05009842,89.1030100517924,5.89,99.8,,28938098.0,
VEN,"Venezuela, RB",Latin America & Caribbean,Not classified,Caracas,9.08165,-69.8371,2020,3,5,5,1506.0436210041,72.369,72.44110107,89.1399056567545,7.53,99.9,,28444077.0,
VEN,"Venezuela, RB",Latin America & Caribbean,Not classified,Caracas,9.08165,-69.8371,2021,3,5,5,2004.93397949792,71.536,74.11219788,89.1766444746891,7.027,100.0,,28237826.0,
VEN,"Venezuela, RB",Latin America & Caribbean,Not classified,Caracas,9.08165,-69.8371,2022,4,7,5,3155.04207099687,72.566,75.82180023,89.2132204732836,5.646,100.0,,28213017.0,
VEN,"Venezuela, RB",Latin America & Caribbean,Not classified,Caracas,9.08165,-69.8371,2023,4,7,5,3617.43594578269,72.514,76.33190155,89.249627620225,5.407,100.0,,28300854.0,
VIR,Virgin Islands (U.S.),Latin America & Caribbean,High income,Charlotte Amalie,18.3358,-64.8963,2014,1,7,0,33045.3643795999,78.8682926829268,50.07,94.8797070702488,11.871,100.0,,107882.0,
VIR,Virgin Islands (U.S.),Latin America & Caribbean,High income,Charlotte Amalie,18.3358,-64.8963,2015,1,7,0,34007.3529411765,79.0170731707317,54.839137296,94.9413319098685,11.649,100.0,,107712.0,
VIR,Virgin Islands (U.S.),Latin America & Caribbean,High income,Charlotte Amalie,18.3358,-64.8963,2016,1,7,0,35324.9748874586,79.1682926829268,59.60831579895,94.9941093874829,11.734,100.0,,107516.0,
VIR,Virgin Islands (U.S.),Latin America & Caribbean,High income,Charlotte Amalie,18.3358,-64.8963,2017,1,7,0,35365.0693039774,79.3682926829268,64.3774942980087,95.0366785523929,11.445,100.0,,107281.0,
VNM,Viet Nam,East Asia & Pacific,Lower middle income,Hanoi,21.0069,105.825,2014,9,8,1,2546.38464459903,73.886,41.0,31.9480269945454,1.256,99.2,168.56,91679578.0,1.8385773983383737
VNM,Viet Nam,East Asia & Pacific,Lower middle income,Hanoi,21.0069,105.825,2015,9,8,1,2577.56885340113,73.955,45.0,32.3810945365679,1.848,99.3,209.2,92823254.0,2.2537455969815494
VNM,Viet Nam,East Asia & Pacific,Lower middle income,Hanoi,21.0069,105.825,2016,9,8,1,2735.0604380416,73.984,53.0,32.8476189285136,1.848,99.2,223.87,94000117.0,2.381592780357922
VNM,Viet Nam,East Asia & Pacific,Lower middle income,Hanoi,21.0069,105.825,2017,9,8,1,2956.10992127753,74.026,58.1400000036297,33.3625963003742,1.874,100.0,222.13,95176977.0,2.3338627365733626
VNM,Viet Nam,East Asia & Pacific,Lower middle income,Hanoi,21.0069,105.825,2018,9,9,5,3222.31003125366,74.1,69.8479286837965,33.9410227821412,1.161,100.0,257.86,96237319.0,2.679417950119745
VNM,Viet Nam,East Asia & Pacific,Lower middle income,Hanoi,21.0069,105.825,2019,9,9,5,3440.90025375434,74.211,68.6615802057338,34.6239134999511,1.681,99.4,,97173776.0,
VNM,Viet Nam,East Asia & Pacific,Lower middle income,Hanoi,21.0069,105.825,2020,9,9,5,3534.03953482647,75.383,70.30000012,35.5706676299742,2.103,99.8,,98079191.0,
VNM,Viet Nam,East Asia & Pacific,Lower middle income,Hanoi,21.0069,105.825,2021,9,9,5,3704.1935590038,74.145,74.20999985,36.6540656426603,2.383,100.0,,98935098.0,
VNM,Viet Nam,East Asia & Pacific,Lower middle income,Hanoi,21.0069,105.825,2022,9,10,5,4147.69777213621,74.502,78.58999918,37.5478515625,1.57,100.0,,99680655.0,
VNM,Viet Nam,East Asia & Pacific,Lower middle income,Hanoi,21.0069,105.825,2023,9,10,5,4323.35031982451,74.588,78.08,38.1298904418945,1.645,99.8,,100352192.0,
VUT,Vanuatu,East Asia & Pacific,Lower middle income,Port-Vila,-17.7404,168.321,2014,9,3,3,2973.09026493408,70.043,18.79999924,24.8549637694775,5.137,49.1,0.16,260240.0,0.6148170919151552
VUT,Vanuatu,East Asia & Pacific,Lower middle income,Port-Vila,-17.7404,168.321,2015,9,3,3,2854.89412272653,70.163,22.35140038,24.8626945764242,5.168,52.3,0.14,266101.0,0.5261160236150935
WSM,Samoa,East Asia & Pacific,Upper middle income,Apia,-13.8314,-171.752,2014,9,6,1,3982.68080202084,71.142,21.20000076,19.3126679480432,8.72,97.9,0.21,200037.0,1.049805785929603
YEM,"Yemen, Rep.","Middle East, North Africa, Afghanistan & Pakistan",Low income,Sana'a,15.352,44.2075,2014,5,1,2,1430.16420964026,68.003,22.54999924,31.8626162180918,13.467,66.1,26.71,30226309.0,0.883667271448856
YEM,"Yemen, Rep.","Middle East, North Africa, Afghanistan & Pakistan",Low income,Sana'a,15.352,44.2075,2015,4,1,2,1362.1738120601,66.761,24.08539963,32.3883178702702,17.9,67.4,14.21,31159379.0,0.4560424647744103
YEM,"Yemen, Rep.","Middle East, North Africa, Afghanistan & Pakistan",Low income,Sana'a,15.352,44.2075,2016,4,1,2,975.359417003225,67.105,24.57920074,32.9512008005236,18.42,68.9,10.88,32109010.0,0.33884570094188515
ZAF,South Africa,Sub-Saharan Africa,Upper middle income,Pretoria,-25.746,28.1871,2014,2,0,2,6856.73137092522,63.184,49.0,63.1352327065742,24.89,85.9,447.98,55594838.0,8.057942357885816
ZAF,South Africa,Sub-Saharan Africa,Upper middle income,Pretoria,-25.746,28.1871,2015,2,0,2,6112.27382485974,64.053,51.91910172,63.2096349937231,25.149,85.3,424.88,56723537.0,7.490365066621286
ZAF,South Africa,Sub-Saharan Africa,Upper middle income,Pretoria,-25.746,28.1871,2016,2,0,2,5651.20585165749,64.749,54.0,63.2750973439347,26.536,83.9,425.18,57259551.0,7.425486099253555
ZAF,South Africa,Sub-Saharan Africa,Upper middle income,Pretoria,-25.746,28.1871,2017,1,0,4,6618.33508255701,65.422,56.16740036,63.3311078299936,27.035,84.4,435.14,57635162.0,7.54990503887193
ZAF,South Africa,Sub-Saharan Africa,Upper middle income,Pretoria,-25.746,28.1871,2018,1,0,4,6914.1780318076,65.726,62.40000153,63.3771545246841,26.906,84.7,433.25,58613001.0,7.391704785769287
ZAF,South Africa,Sub-Saharan Africa,Upper middle income,Pretoria,-25.746,28.1871,2019,1,0,4,6533.71121032856,66.071,69.69689941,63.4127255007908,28.468,85.0,,59587885.0,
ZAF,South Africa,Sub-Saharan Africa,Upper middle income,Pretoria,-25.746,28.1871,2020,1,0,4,5580.60383075189,65.15,72.1128006,63.4373088310982,29.217,90.0,,60562381.0,
ZAF,South Africa,Sub-Saharan Africa,Upper middle income,Pretoria,-25.746,28.1871,2021,1,0,4,6828.75624590017,62.01,74.96859741,63.4503925883909,34.007,89.3,,61502603.0,
ZAF,South Africa,Sub-Saharan Africa,Upper middle income,Pretoria,-25.746,28.1871,2022,1,0,4,6534.24867783397,65.454,78.29319763,63.4766699210327,33.268,86.5,,62378410.0,
ZAF,South Africa,Sub-Saharan Africa,Upper middle income,Pretoria,-25.746,28.1871,2023,1,0,4,6034.27208964673,66.139,78.33670044,63.5823705163545,32.098,87.7,,63212384.0,
ZMB,Zambia,Sub-Saharan Africa,Lower middle income,Lusaka,-15.3982,28.2937,2014,7,1,3,1707.48573136694,60.109,6.5,41.5634741658525,6.576,27.9,4.8,15895315.0,0.30197577084820276
ZMB,Zambia,Sub-Saharan Africa,Lower middle income,Lusaka,-15.3982,28.2937,2015,7,1,3,1295.87788680068,60.728,8.8,41.9555104679652,5.951,31.1,5.07,16399089.0,0.30916351511965084
ZMB,Zambia,Sub-Saharan Africa,Lower middle income,Lusaka,-15.3982,28.2937,2016,7,2,3,1239.08527877713,61.129,10.30000019,42.3442476889162,5.244,35.4,5.59,16914423.0,0.33048718244778436
ZMB,Zambia,Sub-Saharan Africa,Lower middle income,Lusaka,-15.3982,28.2937,2017,7,2,3,1483.46577328065,61.564,12.19999981,42.7295979877011,4.529,40.3,6.99,17441320.0,0.4007724186013444
ZMB,Zambia,Sub-Saharan Africa,Lower middle income,Lusaka,-15.3982,28.2937,2018,7,2,3,1463.89997855593,62.138,14.2999970950012,43.1114735233156,5.032,40.2,7.74,17973569.0,0.43063233573699244
ZMB,Zambia,Sub-Saharan Africa,Lower middle income,Lusaka,-15.3982,28.2937,2019,7,2,3,1258.98619844462,62.914,14.47189999,43.4897864547552,5.538,43.0,,18513839.0,
ZMB,Zambia,Sub-Saharan Africa,Lower middle income,Lusaka,-15.3982,28.2937,2020,7,2,3,951.644316655957,63.361,14.64579964,43.8644489410157,6.032,44.6,,19059395.0,
ZMB,Zambia,Sub-Saharan Africa,Lower middle income,Lusaka,-15.3982,28.2937,2021,7,2,3,1127.16077872857,62.363,14.82190037,44.2353731410926,5.197,46.7,,19603607.0,
ZMB,Zambia,Sub-Saharan Africa,Lower middle income,Lusaka,-15.3982,28.2937,2022,6,2,3,1447.12310138035,65.279,15.0,44.5988511178469,5.993,47.8,,20152938.0,
ZMB,Zambia,Sub-Saharan Africa,Lower middle income,Lusaka,-15.3982,28.2937,2023,6,2,3,1330.72780576709,66.349,16.45070076,45.0285853521585,5.861,51.1,,20723965.0,
ZWE,Zimbabwe,Sub-Saharan Africa,Lower middle income,Harare,-17.8312,31.0672,2014,7,1,3,1372.91526173161,58.106,16.3647399572904,33.1628075970801,4.774,32.3,12.15,14207359.0,0.8551906093173264
ZWE,Zimbabwe,Sub-Saharan Africa,Lower middle income,Harare,-17.8312,31.0672,2015,7,1,3,1387.12632595026,58.989,22.74279976,33.5612641766874,5.399,33.7,12.4,14399013.0,0.8611701371475947
ZWE,Zimbabwe,Sub-Saharan Africa,Lower middle income,Harare,-17.8312,31.0672,2016,7,2,3,1408.13945253431,59.76,23.12000084,34.0799460726314,5.896,42.5,10.99,14600294.0,0.7527245684230742
ZWE,Zimbabwe,Sub-Saharan Africa,Lower middle income,Harare,-17.8312,31.0672,2017,6,2,3,3445.44941020134,60.263,24.39999962,34.7014953017273,6.35,44.0,10.23,14812482.0,0.690633750643545
ZWE,Zimbabwe,Sub-Saharan Africa,Lower middle income,Harare,-17.8312,31.0672,2018,6,2,3,2270.89531874302,60.906,25.0,35.4085538807905,6.788,45.4,12.27,15034452.0,0.8161255228990055
ZWE,Zimbabwe,Sub-Saharan Africa,Lower middle income,Harare,-17.8312,31.0672,2019,6,2,3,2184.32923855469,61.06,26.5883007,36.1837638266364,7.373,46.7,,15271368.0,
ZWE,Zimbabwe,Sub-Saharan Africa,Lower middle income,Harare,-17.8312,31.0672,2020,6,2,3,2059.67445384499,61.53,29.29856532,37.0097671560802,8.617,52.7,,15526888.0,
ZWE,Zimbabwe,Sub-Saharan Africa,Lower middle income,Harare,-17.8312,31.0672,2021,6,2,3,2613.60542083552,60.135,32.5923996,37.8692058859373,9.54,49.0,,15797210.0,
ZWE,Zimbabwe,Sub-Saharan Africa,Lower middle income,Harare,-17.8312,31.0672,2022,5,2,2,2536.40050223076,62.36,36.25650024,38.7055207169041,10.087,50.1,,16069056.0,
ZWE,Zimbabwe,Sub-Saharan Africa,Lower middle income,Harare,-17.8312,31.0672,2023,5,2,2,2195.22492079245,62.775,38.67480087,39.2919370795795,9.348,62.0,,16340822.0,
