country_code,country_name,region,income_level,year,som_row,som_col,macro_cluster,log_gdp_per_capita,life_expectancy,internet_users_pct,urban_population_pct,unemployment_pct,electricity_access_pct,z_log_gdp_per_capita,z_life_expectancy,z_internet_users_pct,z_urban_population_pct,z_unemployment_pct,z_electricity_access_pct
AFG,Afghanistan,"Middle East, North Africa, Afghanistan & Pakistan",Low income,2014,9,5,1,2.795918193148732,62.26,7.0,24.1910166387726,7.915,89.5,-1.6173432980398417,-1.2508201840581126,-1.7699061853408657,-1.6455068750580741,0.04832485679451203,0.20262634459746853
AFG,Afghanistan,"Middle East, North Africa, Afghanistan & Pakistan",Low income,2015,9,4,3,2.752486157740344,62.27,8.260000229,24.4649118421568,9.032,71.5,-1.6871583347707197,-1.2495667693764014,-1.7261206008402659,-1.6332116718660703,0.23634026278799106,-0.4914784173116986
AFG,Afghanistan,"Middle East, North Africa, Afghanistan & Pakistan",Low income,2016,9,5,1,2.7177388994828346,62.646,11.0,24.6588345720126,10.116,97.7,-1.7430129841956192,-1.2024383773440828,-1.6309043550464366,-1.6245064468834314,0.41880105069929924,0.5188296250227559
AFG,Afghanistan,"Middle East, North Africa, Afghanistan & Pakistan",Low income,2017,9,5,1,2.720547737086283,62.406,13.5,24.8352821238871,11.184,97.7,-1.738497904517407,-1.2325203297051377,-1.5440282111124184,-1.616585685671759,0.5985686904495549,0.5188296250227559
AFG,Afghanistan,"Middle East, North Africa, Afghanistan & Pakistan",Low income,2018,9,5,1,2.691379665475681,62.443,16.79999924,24.9991645191406,11.192,93.4,-1.785384263208986,-1.2278826953828086,-1.4293517275298622,-1.6092289765204582,0.5999152645300813,0.3530157096777883
AFG,Afghanistan,"Middle East, North Africa, Afghanistan & Pakistan",Low income,2019,9,5,1,2.6960089052767526,62.941,17.60000038,25.1437258839803,11.187,97.7,-1.7779429691570516,-1.1654626442336196,-1.4015513218554547,-1.602739591776015,0.5990736557297522,0.5188296250227559
AFG,Afghanistan,"Middle East, North Africa, Afghanistan & Pakistan",Low income,2020,9,5,1,2.708239889414489,61.454,17.04850006,25.2622103446137,11.71,97.7,-1.7582822141682135,-1.3518454074039872,-1.4207162103274458,-1.597420803784905,0.6871059362441567,0.5188296250227559
AFG,Afghanistan,"Middle East, North Africa, Afghanistan & Pakistan",Low income,2021,9,5,1,2.5520549221337254,60.417,16.51429939,25.3478620272481,12.006,97.7,-2.0093425000836103,-1.4818245098973772,-1.4392799280460729,-1.5935758848936097,0.7369291772236283,0.5188296250227559
AFG,Afghanistan,"Middle East, North Africa, Afghanistan & Pakistan",Low income,2022,9,5,1,2.5529857952603163,65.617,15.86629963,25.3939250580909,14.1,85.3,-2.00784616354507,-0.8300488754078607,-1.461798216213661,-1.591508107448609,1.0893949428013767,0.040668566818662766
AFG,Afghanistan,"Middle East, North Africa, Afghanistan & Pakistan",Low income,2023,9,5,1,2.6167462934163774,66.035,15.92840004,25.4730529631167,14.008,85.3,-1.905354040417799,-0.7776561417123582,-1.4596401985506522,-1.5879560420658316,1.0739093408753246,0.040668566818662766
AGO,Angola,Sub-Saharan Africa,Lower middle income,2014,4,0,2,3.7520244360277233,60.396,21.3623407584103,62.723115793241,16.372,32.0,-0.08044566389563979,-1.4844566807289696,-1.270808272158038,0.08420574007696398,1.4718219816708344,-2.014652755945704
AGO,Angola,Sub-Saharan Africa,Lower middle income,2015,4,0,2,3.5613076172988505,61.042,22.0,63.51567832685,16.472,42.0,-0.38701434251163197,-1.4034860922904642,-1.2486493217367567,0.11978400969500784,1.488654157677413,-1.6290389993295002
AGO,Angola,Sub-Saharan Africa,Lower middle income,2016,4,0,2,3.312138120280142,61.619,23.20000076,64.2992302517989,16.572,41.8,-0.7875430633741121,-1.3311640651557624,-1.2069487462380801,0.1549577915272465,1.505486333683991,-1.6367512744618244
AGO,Angola,Sub-Saharan Africa,Lower middle income,2017,4,0,2,3.445716088755625,62.122,26.0,65.0850525086068,16.617,42.9,-0.5728225077321153,-1.2681173066657188,-1.1096474914423275,0.19023348895046532,1.5130608128869514,-1.594333761234042
AGO,Angola,Sub-Saharan Africa,Lower middle income,2018,4,0,2,3.45638025351495,62.622,29.0,65.8732136723372,16.602,45.3,-0.5556803441798948,-1.2054465725801884,-1.0053961187215057,0.22561418031116176,1.5105359864859647,-1.501786459646153
AGO,Angola,Sub-Saharan Africa,Lower middle income,2019,4,0,2,3.396840520880626,63.051,32.12939835,66.6637823180533,16.497,45.6,-0.6513877772238738,-1.151675082734803,-0.896648094128914,0.26110294395581696,1.4928622016790574,-1.4902180469476667
AGO,Angola,Sub-Saharan Africa,Lower middle income,2020,4,0,2,3.245353775602212,63.116,33.32089996,67.4568270208187,16.696,47.0,-0.8948958833121072,-1.1435278873036843,-0.8552428679817243,0.29670285823093256,1.5263582319321483,-1.4362321210213982
AGO,Angola,Sub-Saharan Africa,Lower middle income,2021,4,0,2,3.36246515665476,62.958,34.55649948,68.2524163556969,15.799,48.2,-0.7066446237773429,-1.163331839274712,-0.8123052192839948,0.33241700148300435,1.375373613153141,-1.3899584702274537
AGO,Angola,Sub-Saharan Africa,Lower middle income,2022,4,1,2,3.5660971302463405,64.246,35.83800125,69.0506188977513,14.124,48.5,-0.3793154166103271,-1.0018920282703863,-0.7677724463951072,0.3682484520585244,1.0934346650429556,-1.3783900575289676
AGO,Angola,Sub-Saharan Africa,Lower middle income,2023,4,2,2,3.4648078685826644,64.617,37.88589859,69.8515032220457,14.051,51.1,-0.5421333333162837,-0.9553903435789215,-0.696607076766334,0.4042002883040007,1.0811471765581535,-1.2781304808087546
ALB,Albania,Europe & Central Asia,Upper middle income,2014,1,3,4,3.6806615662114046,78.029,54.29999924,54.7325813178673,18.055,100.0,-0.19515825635417694,0.725689427531345,-0.12620956851958945,-0.2744907386255861,1.7551075038615465,0.6075207890444827
ALB,Albania,Europe & Central Asia,Upper middle income,2015,1,3,4,3.6232016321588025,78.358,56.90000153,55.1579291374894,17.193,100.0,-0.28752250704415266,0.766926770559625,-0.03585829924966274,-0.2553968012184619,1.610014146684842,0.6075207890444827
ALB,Albania,Europe & Central Asia,Upper middle income,2016,1,3,4,3.6491044191722937,78.643,59.59999847,55.5738734464276,15.418,99.9,-0.2458849459725907,0.8026490889883768,0.057967829862676915,-0.23672498903714712,1.311243022568078,0.6036646514783208
ALB,Albania,Europe & Central Asia,Upper middle income,2017,1,4,4,3.699522087109528,78.9,62.40000153,55.980276426546,13.616,99.9,-0.16484082022932797,0.83486184630834,0.15526921740517727,-0.2184814887616696,1.0079272109295379,0.6036646514783208
ALB,Albania,Europe & Central Asia,Upper middle income,2018,1,4,4,3.7706793287625793,79.238,65.40000153,56.377000259892,12.304,100.0,-0.05045876576276911,0.8772272625501579,0.2595205901259991,-0.20067248706382848,0.7870890617232315,0.6075207890444827
ALB,Albania,Europe & Central Asia,Upper middle income,2019,0,4,4,3.783148553206281,79.467,68.5503911218006,56.7639071287255,11.466,100.0,-0.030415050234427303,0.9059304587613307,0.3689980699761999,-0.18330417060588405,0.6460354267881055,0.6075207890444827
ALB,Albania,Europe & Central Asia,Upper middle income,2020,1,4,4,3.780167012117857,77.824,72.23767711,57.1408592155544,11.639,100.0,-0.03520774297023081,0.6999944265562777,0.4971329452708799,-0.16638272603896337,0.6751550912794859,0.6075207890444827
ALB,Albania,Europe & Central Asia,Upper middle income,2021,0,4,4,3.8598858133384115,76.844,79.32371752,57.5077187031778,11.474,100.0,0.09293663209812522,0.5771597877486376,0.7433760919034514,-0.14991434000112183,0.647382000868632,0.6075207890444827
ALB,Albania,Europe & Central Asia,Upper middle income,2022,0,4,4,3.8896916576148617,78.769,82.61367544,57.8643477747383,10.785,100.0,0.14084818156590176,0.8184421139779311,0.8577036350213644,-0.1339051991149951,0.5314083081833078,0.6075207890444827
ALB,Albania,Europe & Central Asia,Upper middle income,2023,0,4,4,3.9881516357652234,79.602,83.13559161,58.2106086137857,10.669,100.0,0.2991181527163074,0.9228515569644246,0.8758404607439294,-0.11836148998493903,0.5118829840156771,0.6075207890444827
ARE,United Arab Emirates,"Middle East, North Africa, Afghanistan & Pakistan",High income,2014,1,11,0,4.722018531021787,81.99,90.4000107121939,84.1438806787019,1.999,100.0,1.4787760657326876,1.2221669829569166,1.1282823485516207,1.045787591605202,-0.947466675754657,0.6075207890444827
ARE,United Arab Emirates,"Middle East, North Africa, Afghanistan & Pakistan",High income,2015,1,11,0,4.652346294567602,82.076,90.5,84.3284383471193,1.793,100.0,1.3667810901015909,1.2329463492196278,1.1317570220553417,1.0540724173553315,-0.9821409583282084,0.6075207890444827
ARE,United Arab Emirates,"Middle East, North Africa, Afghanistan & Pakistan",High income,2016,1,11,0,4.630642425925755,82.195,90.6000073180483,84.5093991669984,1.64,100.0,1.3318931008055594,1.2478619839319838,1.1352323221182292,1.0621957799506385,-1.0078941876182732,0.6075207890444827
ARE,United Arab Emirates,"Middle East, North Africa, Afghanistan & Pakistan",High income,2017,1,11,0,4.640815419399091,82.388,94.8199225383446,84.686675718659,2.462,100.0,1.3482457286832479,1.272052887289,1.2818763069453556,1.0701537551065134,-0.8695337008441999,0.6075207890444827
ARE,United Arab Emirates,"Middle East, North Africa, Afghanistan & Pakistan",High income,2018,1,11,0,4.673346820965553,82.449,98.4500017817194,84.8601805824625,2.236,100.0,1.40053848848402,1.2796987168474339,1.4080232216810837,1.0779424185402158,-0.9075744186190666,0.6075207890444827
ARE,United Arab Emirates,"Middle East, North Africa, Afghanistan & Pakistan",High income,2019,1,11,0,4.662177825299217,82.596,99.1499979561243,85.0298263388195,2.331,100.0,1.3825848320329652,1.2981239126685806,1.4323484090414287,1.0855578459712127,-0.8915838514128175,0.6075207890444827
ARE,United Arab Emirates,"Middle East, North Africa, Afghanistan & Pakistan",High income,2020,2,10,0,4.579689290728089,81.936,100.0,85.1955255681984,4.294,100.0,1.2499882356080272,1.215398543675681,1.4618863690046107,1.092996113121566,-0.5611682364036864,0.6075207890444827
ARE,United Arab Emirates,"Middle East, North Africa, Afghanistan & Pakistan",High income,2021,2,10,0,4.644620784747948,79.083,100.0,85.3571908511355,3.105,100.0,1.354362681736605,0.8577993349836434,1.4618863690046107,1.1002532957163855,-0.7613028091219016,0.6075207890444827
ARE,United Arab Emirates,"Middle East, North Africa, Afghanistan & Pakistan",High income,2022,1,11,0,4.705519550802342,80.487,100.0,85.5147347682487,2.872,100.0,1.4522546996670278,1.0337787562958123,1.4618863690046107,1.1073254694844448,-0.8005217792172291,0.6075207890444827
ARE,United Arab Emirates,"Middle East, North Africa, Afghanistan & Pakistan",High income,2023,1,11,0,4.697671149663082,82.909,100.0,85.6680699002526,2.151,100.0,1.4396387490521432,1.337355792206123,1.4618863690046107,1.1142087101588578,-0.9218817682246583,0.6075207890444827
ARG,Argentina,Latin America & Caribbean,Upper middle income,2014,3,7,0,4.087538102598247,76.268,64.69999695,91.3975345472954,7.268,100.0,0.45887741260951675,0.5049631020821075,0.2351951106673784,1.371405372044092,-0.060579321968049285,0.6075207890444827
ARG,Argentina,Latin America & Caribbean,Upper middle income,2015,3,7,0,4.136074239779523,76.6,68.0430641088122,91.4923019108628,7.577,99.7,0.5368970625804074,0.5465764695148988,0.3513682241354017,1.37565949543375,-0.008567898107722466,0.5959523763459967
ARG,Argentina,Latin America & Caribbean,Upper middle income,2016,3,7,0,4.103802432220242,76.105,70.9689808206024,91.5856817228217,8.088,99.9,0.4850215884301001,0.48453244277022495,0.4530451686923753,1.3798513313910057,0.07744452128589226,0.6036646514783208
ARG,Argentina,Latin America & Caribbean,Upper middle income,2017,2,7,0,4.162340359446316,76.543,74.2949068657957,91.6776028433824,8.347,100.0,0.5791186644941094,0.5394320058291499,0.5686226206188205,1.3839776864383597,0.12103985714292997,0.6075207890444827
ARG,Argentina,Latin America & Caribbean,Upper middle income,2018,2,6,0,4.07014134174997,76.77,77.7,91.7679941327998,9.22,100.0,0.4309129047019236,0.5678845191039794,0.6869511651131687,1.388035367100314,0.2679847536803583,0.6075207890444827
ARG,Argentina,Latin America & Caribbean,Upper middle income,2019,2,6,0,3.9980837881007143,76.847,79.9469520347551,91.8567844513802,9.843,100.0,0.31508363933462646,0.5775358121531509,0.7650337764668562,1.392021179903678,0.37284921020134065,0.6075207890444827
ARG,Argentina,Latin America & Caribbean,Upper middle income,2020,2,6,0,3.9312340232018785,75.878,85.51438646,91.9439026594897,11.461,100.0,0.20762565934409086,0.45607992949539367,0.9585046702551696,1.3959319313779457,0.6451938179877768,0.6075207890444827
ARG,Argentina,Latin America & Caribbean,Upper middle income,2021,2,6,0,4.030924124489035,73.948,87.15070683,92.0292776175651,8.736,100.0,0.3678729979185945,0.21417089592524546,1.0153675518496843,1.3997644280557844,0.18651702180851956,0.6075207890444827
ARG,Argentina,Latin America & Caribbean,Upper middle income,2022,3,8,0,4.144953525276516,75.806,88.37535691,92.112838186126,6.805,100.0,0.5511701132741533,0.44705534378707695,1.0579247024972387,1.4035154764735782,-0.13851229687850658,0.6075207890444827
ARG,Argentina,Latin America & Caribbean,Upper middle income,2023,3,8,0,4.154175759867202,77.395,89.22897166,92.1945132257907,6.139,100.0,0.5659944391579262,0.6462229367108924,1.087588205651319,1.4071818831721425,-0.25061458908231765,0.6075207890444827
ARM,Armenia,Europe & Central Asia,Upper middle income,2014,2,3,4,3.585699582869613,74.8731707317073,54.6228058583362,64.4142934233291,17.498,99.7,-0.3478053587223939,0.33013315374633445,-0.11499189082461765,0.16012299725702947,1.6613522835049057,0.5959523763459967
ARM,Armenia,Europe & Central Asia,Upper middle income,2015,1,3,4,3.5456031651233113,74.8707317073171,59.1008337674937,64.4929623431549,18.261,100.0,-0.4122585406056002,0.32982744284836185,0.04062162804598923,0.16365445871455966,1.7897817864350976,0.6075207890444827
ARM,Armenia,Europe & Central Asia,Upper middle income,2016,1,3,4,3.5470882446906096,74.8682926829268,64.3460297653742,64.5928753345316,17.617,99.8,-0.4098713422262403,0.3295217319503768,0.22289458903559023,0.16813957022917878,1.6813825729527339,0.5998085139121585
ARM,Armenia,Europe & Central Asia,Upper middle income,2017,1,3,4,3.5876047618352365,75.2170731707317,64.7448843250726,64.7124948593667,17.704,99.7,-0.34474286952028266,0.3732383903612602,0.23675496749042954,0.17350931144920106,1.6960265660784568,0.5959523763459967
ARM,Armenia,Europe & Central Asia,Upper middle income,2018,1,2,4,3.622836061514828,75.619512195122,68.2450522610271,64.8502833795679,18.966,99.9,-0.2881101453552942,0.42368068852767027,0.3583874048493167,0.17969466202294895,1.9084486272814745,0.6036646514783208
ARM,Armenia,Europe & Central Asia,Upper middle income,2019,1,3,4,3.6624961257296342,76.2219512195122,66.5439496866159,65.0047033570428,18.304,100.0,-0.22435838208032352,0.4991912803282804,0.29927331200888635,0.1866266015987411,1.797019622117926,0.6075207890444827
ARM,Armenia,Europe & Central Asia,Upper middle income,2020,1,3,4,3.6302936942285973,73.3756097560976,76.50770055,65.174217253699,18.175,100.0,-0.2761223373481047,0.14242666238772828,0.6455182136609081,0.19423610982489548,1.7753061150694405,0.6075207890444827
ARM,Armenia,Europe & Central Asia,Upper middle income,2021,1,4,4,3.67072627804873,72.2780487804878,78.61225758,65.3572875314441,15.469,100.0,-0.21112878367316665,0.004856758297532906,0.7186525334431604,0.20245416634973074,1.319827432331433,0.6075207890444827
ARM,Armenia,Europe & Central Asia,Upper middle income,2022,1,4,4,3.817695866710949,74.7658536585366,77.02767465,65.5624462874485,13.451,100.0,0.02511819702424803,0.3166818742352971,0.6635875515623327,0.21166377849527251,0.980154120518684,0.6075207890444827
ARM,Armenia,Europe & Central Asia,Upper middle income,2023,0,4,4,3.911641575178757,77.4658536585366,79.99663036,65.6956882008852,12.405,100.0,0.17613168339936963,0.6551038382971616,0.7667601210006069,0.21764503110267097,0.8040895594898753,0.6075207890444827
AUS,Australia,East Asia & Pacific,High income,2014,0,8,0,4.798078617040406,82.3,84.0,86.7221289343356,6.078,100.0,1.6010392212402025,1.2610228380899458,0.9058790478268944,1.1615256030444865,-0.26088221644633036,0.6075207890444827
AUS,Australia,East Asia & Pacific,High income,2015,0,8,0,4.755648973736457,82.4,84.5605149091408,86.8778642539361,6.055,100.0,1.5328354845769383,1.273556984907053,0.9253571973963663,1.1685165885564666,-0.26475361692784344,0.6075207890444827
AUS,Australia,East Asia & Pacific,High income,2016,1,9,0,4.699702857450434,82.4487804878049,86.54000092,87.0166295249235,5.711,100.0,1.4429046276246449,1.2796712028666184,0.9941452420342777,1.1747457856424424,-0.32265630239047255,0.6075207890444827
AUS,Australia,East Asia & Pacific,High income,2017,1,9,0,4.733338108760659,82.5,86.5450488476768,87.12809266445,5.592,100.0,1.496971776069228,1.2860911317241583,0.9943206598308449,1.1797493853110883,-0.34268659183830075,0.6075207890444827
AUS,Australia,East Asia & Pacific,High income,2018,1,9,0,4.758988861131063,82.7487804878049,90.0082016,87.2267680845925,5.345,100.0,1.5382042028269332,1.3172736433179364,1.114666802621374,1.1841789420383257,-0.38426206657454903,0.6075207890444827
AUS,Australia,East Asia & Pacific,High income,2019,1,9,0,4.741897837541202,82.9,93.60990143,87.3019647888406,5.143,100.0,1.510731153763615,1.3362277189925833,1.239827519756657,1.1875545351362542,-0.4182630621078371,0.6075207890444827
AUS,Australia,East Asia & Pacific,High income,2020,1,9,0,4.715865118835474,83.2,94.6934967,87.2713470458985,6.394,100.0,1.4688847333608988,1.373830159443901,1.2774829512137538,1.1861800993443803,-0.20769254026554312,0.6075207890444827
AUS,Australia,East Asia & Pacific,High income,2021,0,9,0,4.783609934379752,83.3,96.97219849,87.2353407632761,5.022,100.0,1.5777814668682786,1.3863643062610065,1.3566688810900516,1.1845637710715187,-0.4386299950757967,0.6075207890444827
AUS,Australia,East Asia & Pacific,High income,2022,1,10,0,4.8140445163334284,83.2,96.11940002,87.3343268253813,3.728,100.0,1.626703683775813,1.373830159443901,1.3270337440394795,1.1890072725703476,-0.6564383526009192,0.6075207890444827
AUS,Australia,East Asia & Pacific,High income,2023,1,10,0,4.813303226912722,83.0512195121951,96.1160965,87.4866955653765,3.668,100.0,1.6255120944881314,1.3551817946672284,1.3269189452078758,1.1958471317398514,-0.6665376582048662,0.6075207890444827
AUT,Austria,Europe & Central Asia,High income,2014,3,11,0,4.710244098482421,81.490243902439,80.9958249574764,67.4154327591781,5.674,100.0,1.4598491968330014,1.1595268199611821,0.8014825904679882,0.2948446626453015,-0.3288842075129065,0.6075207890444827
AUT,Austria,Europe & Central Asia,High income,2015,4,11,0,4.642615142079446,81.190243902439,83.9401419315026,67.5576175537383,5.802,100.0,1.3511387016662755,1.1219243795098626,0.9037989525571373,0.3012273627376382,-0.30733902222448645,0.6075207890444827
AUT,Austria,Europe & Central Asia,High income,2016,4,11,0,4.653805638494032,81.6414634146342,84.3237425711653,67.7218061923556,6.064,100.0,1.3691269195997642,1.17848089563584,0.9171292503109446,0.3085978192066641,-0.2632387210872514,0.6075207890444827
AUT,Austria,Europe & Central Asia,High income,2017,3,11,0,4.6736082602964935,81.6439024390244,87.9355865856062,67.9051196052802,5.561,100.0,1.400958740409146,1.1787866065338124,1.0426424824972607,0.31682679011188347,-0.34790456640033995,0.6075207890444827
AUT,Austria,Europe & Central Asia,High income,2018,3,11,0,4.709219700221957,81.6926829268293,87.4791372262556,68.1046787227623,4.933,100.0,1.4582025228627662,1.1849008244933799,1.0267806584006474,0.32578503351280047,-0.4536106317216514,0.6075207890444827
AUT,Austria,Europe & Central Asia,High income,2019,3,11,0,4.6979786365491325,81.8951219512195,87.7522047870069,68.3176044750522,4.56,100.0,1.4401330203438765,1.2102748290255632,1.036269881085264,0.3353433074689251,-0.5163946482261883,0.6075207890444827
AUT,Austria,Europe & Central Asia,High income,2020,3,11,0,4.687675275881049,81.1926829268293,87.52942813,68.5410177924001,5.201,100.0,1.4235708330844048,1.1222300904078495,1.0285282903175554,0.34537237003976096,-0.4085004000240217,0.6075207890444827
AUT,Austria,Europe & Central Asia,High income,2021,3,11,0,4.729558747762288,81.190243902439,92.52915104,68.773601700253,6.459,100.0,1.4908966238356398,1.1219243795098626,1.2022709491813028,0.3558131020091717,-0.19675162586126735,0.6075207890444827
AUT,Austria,Europe & Central Asia,High income,2022,3,11,0,4.718806937277101,81.2951219512195,93.61409139,68.998085127906,4.992,100.0,1.4736135737347513,1.1350699481229274,1.2399731227838724,0.3658902020172339,-0.4436796478777702,0.6075207890444827
AUT,Austria,Europe & Central Asia,High income,2023,3,11,0,4.752659137274352,81.7926829268293,95.33467117,69.2265358276021,5.264,100.0,1.528029457402333,1.197434971310485,1.2997640574307687,0.3761453935555066,-0.3978961291398773,0.6075207890444827
AZE,Azerbaijan,Europe & Central Asia,Upper middle income,2014,7,9,5,3.897123252867962,71.93,75.0000156363396,54.6319175926151,4.91,100.0,0.15279413553019608,-0.03876818684395354,0.5931254730343847,-0.2790095507141048,-0.45748203220316436,0.6075207890444827
AZE,Azerbaijan,Europe & Central Asia,Upper middle income,2015,7,9,5,3.74040245691027,72.349,77.0,55.1570486328276,4.96,100.0,-0.09912747080017627,0.013749888319720547,0.6626258448116434,-0.25543632722546933,-0.4490659441998752,0.6075207890444827
AZE,Azerbaijan,Europe & Central Asia,Upper middle income,2016,7,9,5,3.5889084174310657,72.568,78.2,55.7574797205266,5.0,100.0,-0.34264730198697624,0.04119966984918212,0.7043263938999723,-0.22848287154300717,-0.44233307379724396,0.6075207890444827
AZE,Azerbaijan,Europe & Central Asia,Upper middle income,2017,7,9,5,3.617754785318553,72.694,79.0,56.4331887124691,5.0,100.0,-0.2962780675110713,0.05699269483873638,0.732126759958858,-0.19815017768073717,-0.44233307379724396,0.6075207890444827
AZE,Azerbaijan,Europe & Central Asia,Upper middle income,2018,7,9,5,3.6757594954813393,73.016,79.7999954887896,57.1841534654123,4.9,100.0,-0.2030381138109789,0.0973526475898183,0.7599269692511184,-0.1644392396526699,-0.4591652498038221,0.6075207890444827
AZE,Azerbaijan,Europe & Central Asia,Upper middle income,2019,7,9,5,3.68176151057894,73.29,81.0999990651547,58.1308191977779,5.0,100.0,-0.19339014542639468,0.13169620986868907,0.8051026883771315,-0.12194325071044942,-0.44233307379724396,0.6075207890444827
AZE,Azerbaijan,Europe & Central Asia,Upper middle income,2020,7,9,5,3.626331193607539,70.312,84.59999573,58.2934691761937,7.24,100.0,-0.28249187825964794,-0.24157068234473109,0.926729173986605,-0.11464186496477755,-0.06529233124989112,0.6075207890444827
AZE,Azerbaijan,Europe & Central Asia,Upper middle income,2021,7,9,5,3.7330403249328925,70.999,85.99998954,58.3659969744818,6.04,100.0,-0.11096176568378473,-0.1554610937112126,0.9753795994843227,-0.11138607951836364,-0.26727844332883016,0.6075207890444827
AZE,Azerbaijan,Europe & Central Asia,Upper middle income,2022,6,9,5,3.8904542309057764,74.125,88.0,58.4382815854684,5.65,100.0,0.1420739837143526,0.23635633579152407,1.0448808781213235,-0.10814121079209933,-0.33292392975448526,0.6075207890444827
AZE,Azerbaijan,Europe & Central Asia,Upper middle income,2023,6,9,5,3.85327395197004,74.429,89.0,58.5075350483702,5.64,100.0,0.0823083633570477,0.2744601421155268,1.0796313356949307,-0.10503241082916931,-0.3346071473551432,0.6075207890444827
BDI,Burundi,Sub-Saharan Africa,Low income,2014,9,0,3,2.398884859870742,59.764,1.04239212643994,13.7839781740413,1.572,7.0,-2.2555564622525544,-1.5636724886130797,-1.976935784991203,-2.1126806370293005,-1.0193400673027464,-2.978687147486214
BDI,Burundi,Sub-Saharan Africa,Low income,2015,9,0,3,2.4055215202783566,60.107,2.0,14.6695085474754,1.449,7.9,-2.2448883301751317,-1.5206803650304064,-1.943658473208902,-2.072929024954551,-1.0400436437908376,-2.9439819093907555
BDI,Burundi,Sub-Saharan Africa,Low income,2016,9,0,3,2.367239991984831,60.789,2.200000048,15.6180905635494,1.352,8.5,-2.306424159173155,-1.4351974837377426,-1.9367083800261586,-2.0303470137042465,-1.0563708545172183,-2.9208450839937834
BDI,Burundi,Sub-Saharan Africa,Low income,2017,9,0,3,2.3910423005505916,61.345,2.6607485347534,16.6241273909209,1.25,9.3,-2.268163022406874,-1.3655076274346332,-1.9206971592851307,-1.985185846008219,-1.0735396740439282,-2.8899959834644875
BDI,Burundi,Sub-Saharan Africa,Low income,2018,9,0,3,2.3903374145713667,61.806,4.019499779,17.6820221982475,1.147,9.5,-2.269296094805345,-1.3077252106077744,-1.8734799318188533,-1.9376967645963004,-1.0908768153307038,-2.8822837083321633
BDI,Burundi,Sub-Saharan Africa,Low income,2019,9,0,3,2.3697919656157214,62.18,6.072199821,18.786178154187,1.043,9.8,-2.302321976737965,-1.2608475015117973,-1.8021476660979905,-1.8881310121983141,-1.1083822783775452,-2.870715295633677
BDI,Burundi,Sub-Saharan Africa,Low income,2020,9,0,3,2.40795563659514,62.569,6.430099964,19.9309984273971,1.03,9.1,-2.2409755980531956,-1.2120896703932542,-1.789710472363081,-1.8367398315440875,-1.1105704612584004,-2.8977082585968117
BDI,Burundi,Sub-Saharan Africa,Low income,2021,9,0,3,2.4232137173692934,62.101,6.777999878,21.1108861865354,1.118,10.2,-2.2164489218411827,-1.2707494774973112,-1.7776207911617623,-1.783774465363453,-1.0957581463726116,-2.855290745369029
BDI,Burundi,Sub-Saharan Africa,Low income,2022,9,0,3,2.4814318860503617,62.882,7.144800186,22.3202446002597,0.909,10.3,-2.122865843206828,-1.1728577908557127,-1.7648743126206223,-1.7294861563862343,-1.13093739422636,-2.851434607802867
BDI,Burundi,Sub-Saharan Africa,Low income,2023,9,0,3,2.399028294216853,63.651,7.172299862,23.5534768372276,0.911,11.6,-2.2553258980147044,-1.0764702018321664,-1.7639186862964962,-1.6741261473422626,-1.1306007507062286,-2.8013048194427603
BEL,Belgium,Europe & Central Asia,High income,2014,0,8,0,4.681203042175724,81.2878048780488,85.0012379539925,85.9848336685807,8.523,100.0,1.4131670095099558,1.134152815428997,0.9406725248681961,1.128428290667523,0.15066448691450773,0.6075207890444827
BEL,Belgium,Europe & Central Asia,High income,2015,1,8,0,4.611657516837,80.9926829268293,85.0529417508701,86.2212893480444,8.482,100.0,1.3013757162781965,1.097161796773637,0.9424692554679857,1.139042827136171,0.14376329475181057,0.6075207890444827
BEL,Belgium,Europe & Central Asia,High income,2016,1,8,0,4.621742675196779,81.4390243902439,86.5164766644457,86.4507790979645,7.83,100.0,1.317587153175043,1.1531068911036424,0.9933277633896875,1.1493446618192409,0.03401750718892053,0.6075207890444827
BEL,Belgium,Europe & Central Asia,High income,2017,0,8,0,4.643801195479662,81.4926829268293,87.6796808175598,86.6731739531869,7.09,100.0,1.3530452289777917,1.1598325308591673,1.0337496399619226,1.1593280054485928,-0.09054059525975855,0.6075207890444827
BEL,Belgium,Europe & Central Asia,High income,2018,1,9,0,4.676576654733653,81.5951219512195,88.6473429951691,86.8883449485575,5.941,100.0,1.4057303004963804,1.1726723885742452,1.067376343410519,1.168987068756088,-0.2839422975753426,0.6075207890444827
BEL,Belgium,Europe & Central Asia,High income,2019,1,9,0,4.669471439081967,81.9951219512195,90.275428012141,87.0961631189222,5.364,100.0,1.3943089870110938,1.2228089758426703,1.123953042719027,1.1783160624735876,-0.3810639531332991,0.6075207890444827
BEL,Belgium,Europe & Central Asia,High income,2020,2,9,0,4.661872172999451,80.6951219512195,91.52641629,87.2964994991269,5.545,100.0,1.3820935097558855,1.0598650672202916,1.167425457793846,1.1873091973329521,-0.3505977145613925,0.6075207890444827
BEL,Belgium,Europe & Central Asia,High income,2021,1,9,0,4.713139591310306,81.790243902439,92.78867618,87.4305564090635,6.248,100.0,1.464503570873545,1.1971292604125001,1.2112895665481571,1.193327035274607,-0.23226751723514735,0.6075207890444827
BEL,Belgium,Europe & Central Asia,High income,2022,1,9,0,4.704199862829913,81.7487804878049,94.00783071,87.489200269855,5.57,100.0,1.4501333608119156,1.1919321751468754,1.2536557443185932,1.1959595683583781,-0.34638967055974784,0.6075207890444827
BEL,Belgium,Europe & Central Asia,High income,2023,1,9,0,4.742658179250339,82.4,94.62625074,87.551492636772,5.547,100.0,1.5119533687450732,1.273556984907053,1.2751461233337773,1.198755883515022,-0.350261071041261,0.6075207890444827
BEN,Benin,Sub-Saharan Africa,Lower middle income,2014,7,1,3,3.0807704535731917,59.008,6.0,45.2880529235999,1.952,34.1,-1.1594561454481727,-1.6584306385504017,-1.804656642914473,-0.6984572565688718,-0.955377798477749,-1.9336738670563014
BEN,Benin,Sub-Saharan Africa,Lower middle income,2015,7,1,3,3.001049232903211,59.123,11.25500011,45.9407403257663,1.886,29.6,-1.2876044096722858,-1.6440163697107304,-1.6220429845426165,-0.6691580058651629,-0.9664870346420906,-2.107200057533593
BEN,Benin,Sub-Saharan Africa,Lower middle income,2016,7,2,3,3.0045508855756373,59.283,14.5,46.6094559006664,1.834,37.0,-1.281975661039036,-1.6239617348033601,-1.509277753538811,-0.6391392477070613,-0.9752397661655113,-1.8218458776376023
BEN,Benin,Sub-Saharan Africa,Lower middle income,2017,7,2,3,3.0232417897179955,59.528,18.7,47.2942774880391,1.691,34.5,-1.2519308761938837,-1.5932530751014506,-1.3633258317296606,-0.6083974878551847,-0.9993097778549183,-1.9182493167916532
BEN,Benin,Sub-Saharan Africa,Lower middle income,2018,7,2,3,3.0613548160679716,59.71,19.0,47.9952829275963,1.426,39.0,-1.1906659064652345,-1.5704409278943172,-1.3529006944575783,-0.5769292320713635,-1.0439150442723506,-1.7447231263143614
BEN,Benin,Sub-Saharan Africa,Lower middle income,2019,7,2,3,3.0533940007153784,59.888,20.50099945,48.7125500590248,1.214,40.0,-1.2034625578545382,-1.5481301465598687,-1.3007402767523457,-0.5447309861185545,-1.0795992574062965,-1.7061617506527411
BEN,Benin,Sub-Saharan Africa,Lower middle income,2020,7,2,3,3.0792515474143896,60.154,22.12059975,49.4461567219896,1.518,41.0,-1.1618977185467028,-1.514789316026366,-1.244458425240994,-0.511799255760693,-1.0284294423462985,-1.6676003749911206
BEN,Benin,Sub-Saharan Africa,Lower middle income,2021,7,2,3,3.1201300597269808,59.61,28.20470047,50.1961807561354,1.833,42.0,-1.0961873549459207,-1.5829750747114235,-1.0330331412970806,-0.4781305467626261,-0.9754080879255771,-1.6290389993295002
BEN,Benin,Sub-Saharan Africa,Lower middle income,2022,7,3,3,3.1025801988662542,60.475,30.53730011,50.9627000010887,1.685,56.5,-1.12439796421377,-1.4745547047434557,-0.9519742364710488,-0.443721364890017,-1.0003197084153128,-1.0698990522360046
BEN,Benin,Sub-Saharan Africa,Lower middle income,2023,7,3,3,3.144318177735389,60.774,32.39400101,51.7457922964593,1.641,57.0,-1.057306046913056,-1.4370776057603085,-0.8874530306187205,-0.4085682159092794,-1.0077258658582073,-1.0506183644051943
BFA,Burkina Faso,Sub-Saharan Africa,Low income,2014,8,0,3,2.8835829002909987,58.331,6.0,25.3814155996643,4.255,19.2,-1.4764262378194262,-1.7432868125022098,-1.804656642914473,-1.5920696592073713,-0.5677327850462519,-2.5082383644144453
BFA,Burkina Faso,Sub-Saharan Africa,Low income,2015,8,0,3,2.7994265386597887,58.778,6.545700073,25.621432645225,4.472,16.2,-1.6117037909705567,-1.6872591762297462,-1.785693315679772,-1.5812952523968449,-0.531206963111977,-2.6239224913993064
BFA,Burkina Faso,Sub-Saharan Africa,Low income,2016,8,0,3,2.8219995383446292,59.173,7.140999794,25.821510372001,4.598,16.6,-1.5754187127488053,-1.6377492963021767,-1.7650063779815812,-1.5723137285347624,-0.5099984213436886,-2.6084979411346585
BFA,Burkina Faso,Sub-Saharan Africa,Low income,2017,8,0,3,2.8507023014284547,59.578,7.790400028,25.9769918665632,4.662,17.0,-1.52928031651357,-1.586986001692897,-1.7424394227016737,-1.565334137272782,-0.4992258286994784,-2.59307339087001
BFA,Burkina Faso,Sub-Saharan Africa,Low income,2018,8,0,3,2.8906811925287372,59.972,8.498900414,26.0832202154822,4.695,14.4,-1.4650160534095906,-1.5376014632334993,-1.7178187100970963,-1.5605655282625757,-0.49367121061730757,-2.693332967590223
BFA,Burkina Faso,Sub-Saharan Africa,Low income,2019,8,0,3,2.8835780186311646,60.184,9.27180600953186,26.1187254401157,4.493,17.6,-1.476434084867289,-1.511029071981235,-1.6909598869911628,-1.558971692569753,-0.5276722061505956,-2.569936565473038
BFA,Burkina Faso,Sub-Saharan Africa,Low income,2020,8,1,3,2.9165787120033135,60.454,12.97319984,26.3578373628627,4.59,18.5,-1.423386959669098,-1.4771868755750481,-1.562334757722268,-1.5482379168793436,-0.5113449954242147,-2.5352313273775797
BFA,Burkina Faso,Sub-Saharan Africa,Low income,2021,8,1,3,2.9520827038356487,60.046,18.1522007,26.8114307743017,4.511,19.0,-1.3663158951758005,-1.5283261945888411,-1.3823621080631623,-1.5278760299558487,-0.5246424144694115,-2.5159506395467695
BFA,Burkina Faso,Sub-Saharan Africa,Low income,2022,8,1,3,2.91767921543866,60.7,25.3987999,27.2791369742712,3.828,19.5,-1.4216179500650412,-1.4463528744049667,-1.130539470010626,-1.5068806175071008,-0.639606176594341,-2.496669951715959
BFA,Burkina Faso,Sub-Saharan Africa,Low income,2023,8,1,3,2.9412542530008587,61.092,25.36120033,27.7872478365158,3.601,21.7,-1.3837221411797207,-1.3972190188819116,-1.1318460722726966,-1.4840714327599032,-0.6778152161292736,-2.4118349252603943
BGD,Bangladesh,South Asia,Lower middle income,2014,9,4,3,3.0392006861712786,70.016,9.052900314,29.1944442321013,4.417,62.4,-1.2262776704071001,-0.2786717569233641,-1.6985669600763638,-1.420902142458351,-0.5404646599155951,-0.8423869358324443
BGD,Bangladesh,South Asia,Lower middle income,2015,9,4,3,3.0879185241799765,70.543,12.36880016,29.5395099477892,4.397,74.0,-1.1479659445567079,-0.21261680319721493,-1.5833379231596099,-1.405412082623219,-0.5438310951169107,-0.3950749781576476
BGD,Bangladesh,South Asia,Lower middle income,2016,9,4,3,3.2172953954245247,71.075,16.89909935,29.8753915517965,4.35,75.9,-0.9399984631082146,-0.14593514213021103,-1.4259079533617673,-1.3903342991545795,-0.5517422178400027,-0.32180836440056865
BGD,Bangladesh,South Asia,Lower middle income,2017,8,5,1,3.257938166185273,71.606,21.5,30.2015798381799,4.372,88.0,-0.8746670434124594,-0.07937882253137878,-1.2660245505235603,-1.3756916503955585,-0.5480391391185554,0.14478428110503794
BGD,Bangladesh,South Asia,Lower middle income,2018,8,5,1,3.2934164187643287,72.122,25.56509972,30.5175656009959,4.439,86.9,-0.8176373536071367,-0.01470262495511074,-1.1247604751712175,-1.3615069946892908,-0.5367615811941479,0.10236676787725572
BGD,Bangladesh,South Asia,Lower middle income,2019,9,7,1,3.328338612576244,72.625,30.38310051,30.8228396343012,4.504,92.2,-0.7615015031737756,0.04834413353493286,-0.9573327431287162,-1.347803190378902,-0.5258206667898722,0.3067420588838437
BGD,Bangladesh,South Asia,Lower middle income,2020,9,7,1,3.35196064086232,71.421,36.10910034,31.1168927321524,5.539,96.2,-0.7235301588206222,-0.10256699414302353,-0.7583516289698187,-1.3346030958075226,-0.3516076451217872,0.4609875615303253
BGD,Bangladesh,South Asia,Lower middle income,2021,9,7,1,3.394950338981285,71.103,38.91744466,31.3992156886061,5.457,99.0,-0.654426159318788,-0.1424255810214224,-0.6607603788255776,-1.3219295693182824,-0.3654100294471814,0.5689594133828623
BGD,Bangladesh,South Asia,Lower middle income,2022,9,7,1,3.434007459602478,74.265,41.61650085,31.673734726234,4.593,99.4,-0.5916436006583131,0.2539041413354726,-0.5669669412062005,-1.3096063620988634,-0.5108400301440175,0.5843839636475107
BGD,Bangladesh,South Asia,Lower middle income,2023,9,7,1,3.406713478448022,74.672,44.50274195,32.1578465036834,3.352,99.5,-0.6355174435236705,0.30491811888109394,-0.46666874231344896,-1.287874500431198,-0.7197273343856534,0.5882401012136725
BGR,Bulgaria,Europe & Central Asia,High income,2014,3,4,5,3.906852010870457,74.4658536585366,55.4903766299262,73.0844879150391,11.424,95.9,0.16843267493788097,0.2790794337839792,-0.08484340953437752,0.5493295319922643,0.6389659128653427,0.4494191488318393
BGR,Bulgaria,Europe & Central Asia,High income,2015,3,5,5,3.8614540233808694,74.6146341463415,56.6562516053086,73.1030578613281,9.143,96.6,0.09545745896443379,0.29772779856065185,-0.044328720666221205,0.5501631401024709,0.25502397815529304,0.4764121117949731
BGR,Bulgaria,Europe & Central Asia,High income,2016,4,6,5,3.8933455292315355,74.8121951219512,59.825547661014,73.1750030517578,7.575,97.3,0.14672161528203684,0.32249038129687935,0.06580576745577024,0.5533927721810574,-0.008904541627853993,0.5034050747581075
BGR,Bulgaria,Europe & Central Asia,High income,2017,4,6,5,3.9393539548570735,74.8146341463415,63.4101013837926,73.3904571533203,6.164,98.1,0.2206780830085405,0.3227960921948644,0.19037064951950403,0.5630645441746168,-0.24640654508067317,0.5342541752874037
BGR,Bulgaria,Europe & Central Asia,High income,2018,5,8,5,3.9934090684856187,74.9634146341464,64.78201069118,73.600212097168,5.211,98.7,0.3075692385342572,0.341444456971537,0.238045125700707,0.5724804799897366,-0.4068171824233638,0.5573910006843763
BGR,Bulgaria,Europe & Central Asia,High income,2019,5,8,5,4.015096435224965,75.1121951219512,67.9469809417603,73.7162322998047,4.148,99.2,0.34243070176678814,0.36009282174819723,0.34802929011522676,0.5776886470119053,-0.5857432133732907,0.5766716885151865
BGR,Bulgaria,Europe & Central Asia,High income,2020,5,8,5,4.031820826985145,73.3560975609756,70.16248359,73.3239898681641,5.037,99.7,0.3693144067108362,0.13998097520389602,0.42501902089709476,0.5600808162140001,-0.43610516867481,0.5959523763459967
BGR,Bulgaria,Europe & Central Asia,High income,2021,5,8,5,4.112810899262073,71.2121951219512,75.27144583,73.346765618041,5.166,99.8,0.49950229262691315,-0.12873890411894062,0.6025577964633767,0.5611032235768407,-0.41439166162632396,0.5998085139121585
BGR,Bulgaria,Europe & Central Asia,High income,2022,5,9,5,4.146103061572451,74.1609756097561,79.12686326,73.4799164005224,4.148,100.0,0.5530179409886407,0.24086557153670193,0.7365353162931373,0.567080385299847,-0.5857432133732907,0.6075207890444827
BGR,Bulgaria,Europe & Central Asia,High income,2023,4,9,0,4.200117175209055,75.7560975609756,80.38956462,73.7322671584613,4.319,100.0,0.6398431908777358,0.44080049881444267,0.7804147663319538,0.5784084545985366,-0.5569601924020419,0.6075207890444827
BHR,Bahrain,"Middle East, North Africa, Afghanistan & Pakistan",High income,2014,0,11,0,4.422455173976436,80.214,90.5031334814656,100.0,1.144,100.0,0.997241489268716,0.9995605354851131,1.1318659119700696,1.7575715384695452,-1.0913817806109012,0.6075207890444827
BHR,Bahrain,"Middle East, North Africa, Afghanistan & Pakistan",High income,2015,0,11,0,4.375371946532025,80.338,93.4783007986129,100.0,1.164,100.0,0.9215573261266625,1.015102877538324,1.2352543375989802,1.7575715384695452,-1.0880153454095856,0.6075207890444827
BHR,Bahrain,"Middle East, North Africa, Afghanistan & Pakistan",High income,2016,0,11,0,4.376576983344666,80.407,97.9999807024146,100.0,1.19,100.0,0.9234943684168883,1.0237514388421276,1.3923847832574736,1.7575715384695452,-1.0836389796478754,0.6075207890444827
BHR,Bahrain,"Middle East, North Africa, Afghanistan & Pakistan",High income,2017,0,11,0,4.394184881689668,80.407,95.8781357543453,100.0,1.18,100.0,0.9517982703213442,1.0237514388421276,1.318649700411818,1.7575715384695452,-1.0853221972485332,0.6075207890444827
BHR,Bahrain,"Middle East, North Africa, Afghanistan & Pakistan",High income,2018,0,11,0,4.420358591087055,80.412,98.6446725799886,100.0,1.188,100.0,0.9938713268976658,1.0243781461829842,1.4147881209971578,1.7575715384695452,-1.0839756231680069,0.6075207890444827
BHR,Bahrain,"Middle East, North Africa, Afghanistan & Pakistan",High income,2019,0,11,0,4.4355217707671635,80.471,99.7015043807778,100.0,1.217,100.0,1.0182454538841073,1.0317732928050765,1.4515135096529224,1.7575715384695452,-1.079094292126099,0.6075207890444827
BHR,Bahrain,"Middle East, North Africa, Afghanistan & Pakistan",High income,2020,0,11,0,4.3863713240640765,78.683,99.67103159,100.0,1.765,100.0,0.9392383290821144,0.8076627477152201,1.4504545662298487,1.7575715384695452,-0.9868539676100503,0.6075207890444827
BHR,Bahrain,"Middle East, North Africa, Afghanistan & Pakistan",High income,2021,0,11,0,4.433734775239163,78.083,100.0,100.0,1.548,100.0,1.0153729392240833,0.7324578668125825,1.4618863690046107,1.7575715384695452,-1.023379789544325,0.6075207890444827
BHR,Bahrain,"Middle East, North Africa, Afghanistan & Pakistan",High income,2022,0,11,0,4.483879893288519,80.992,100.0,100.0,1.265,100.0,1.0959789533233875,1.0970761977221992,1.4618863690046107,1.7575715384695452,-1.0710148476429415,0.6075207890444827
BHR,Bahrain,"Middle East, North Africa, Afghanistan & Pakistan",High income,2023,0,11,0,4.466721275834238,81.284,100.0,100.0,1.049,100.0,1.0683972501736807,1.1336759064281492,1.4618863690046107,1.7575715384695452,-1.1073723478171507,0.6075207890444827
BHS,"Bahamas, The",Latin America & Caribbean,High income,2014,1,6,0,4.464448076788223,74.029,76.91999817,82.3180931037043,13.8,100.0,1.0647431853019367,0.22432355484710176,0.6598457446124175,0.9638276706476142,1.038898414781642,0.6075207890444827
BHS,"Bahamas, The",Latin America & Caribbean,High income,2015,1,6,0,4.487412805551817,73.805,78.0,82.2568571432361,12.0,100.0,1.1016579503381467,0.19624706597678546,0.6973763023852507,0.9610787777597097,0.7359192466632335,0.6075207890444827
BHS,"Bahamas, The",Latin America & Caribbean,High income,2016,1,6,0,4.485956056902664,74.042,80.0,82.1784378570728,12.7,100.0,1.099316292631065,0.2259529939333262,0.7668772175324653,0.9575585224005922,0.8537444787092812,0.6075207890444827
BHS,"Bahamas, The",Latin America & Caribbean,High income,2017,2,7,0,4.503456844738284,74.031,80.59999847,82.0814018736052,9.8,100.0,1.127448019225834,0.2245742377834451,0.7877274389084297,0.9532025602700821,0.3656113745185121,0.6075207890444827
BHS,"Bahamas, The",Latin America & Caribbean,High income,2018,2,7,0,4.513781221787052,74.062,83.0,81.9643158212241,10.0,100.0,1.1440439893687384,0.22845982329674694,0.8711285902532871,0.9479465470679967,0.39927572653166854,0.6075207890444827
BHS,"Bahamas, The",Latin America & Caribbean,High income,2019,4,10,0,4.526860337615849,71.408,90.69329834,81.8257463283204,9.336,100.0,1.1650680777728144,-0.10419643322924799,1.1384742278185602,0.9417261384941598,0.287510077847989,0.6075207890444827
BHS,"Bahamas, The",Latin America & Caribbean,High income,2020,2,6,0,4.417948968123717,72.994,92.4437027,81.6642600232849,12.016,100.0,0.9899979667359518,0.09459513529005427,1.1993015802673976,0.9344769902483894,0.738612394824286,0.6075207890444827
BHS,"Bahamas, The",Latin America & Caribbean,High income,2021,2,7,0,4.4824141968288505,70.752,92.34980011,81.4784235345083,11.078,100.0,1.0936229124147383,-0.18642043634946462,1.1960384222975509,0.9261347580305006,0.5807265838825819,0.6075207890444827
BHS,"Bahamas, The",Latin America & Caribbean,High income,2022,4,10,0,4.543536158812173,74.491,92.2559967,81.3200717047725,9.25,100.0,1.1918737077275654,0.2822313131421323,1.1927787108780858,0.9190263169246661,0.2730344064823316,0.6075207890444827
BHS,"Bahamas, The",Latin America & Caribbean,High income,2023,4,10,0,4.582424455770676,74.552,92.38729858,81.3213799173676,8.645,100.0,1.2543848899696681,0.28987714270056786,1.1973415112883612,0.9190850428149929,0.17119974164253318,0.6075207890444827
BIH,Bosnia and Herzegovina,Europe & Central Asia,Upper middle income,2014,1,1,4,3.716509647457338,77.089,49.91770172,47.130783484831,27.517,99.9,-0.13753408365807113,0.6078684474505481,-0.2784964125632739,-0.6157367620201943,3.3477679976039805,0.6036646514783208
BIH,Bosnia and Herzegovina,Europe & Central Asia,Upper middle income,2015,1,1,4,3.668596367313173,77.073,52.59999847,47.5711645087011,27.695,99.7,-0.21455251905278164,0.6058629839598104,-0.185285373152574,-0.5959679814665954,3.3777292708956894,0.5959523763459967
BIH,Bosnia and Herzegovina,Europe & Central Asia,Upper middle income,2016,1,1,4,3.692720628722361,77.124,60.2565354318987,48.0248845752382,25.408,100.0,-0.17577385762116776,0.6122553988365348,0.08078278970264252,-0.5756004089737765,2.992777405625245,0.6075207890444827
BIH,Bosnia and Herzegovina,Europe & Central Asia,Upper middle income,2017,1,2,4,3.727949317338566,77.385,64.8920205128383,48.4918401819106,20.527,100.0,-0.11914533062272961,0.6449695220291829,0.24186801734092367,-0.5546386907883394,2.171198894744161,0.6075207890444827
BIH,Bosnia and Herzegovina,Europe & Central Asia,Upper middle income,2018,1,3,4,3.781600800913434,77.942,70.1201350394885,48.971927825824,18.4,100.0,-0.032902992191542024,0.7147847198004622,0.4235473893892414,-0.533087473173164,1.813178511084241,0.6075207890444827
BIH,Bosnia and Herzegovina,Europe & Central Asia,Upper middle income,2019,1,3,4,3.786919956268002,77.394,69.9463476317266,49.4650440037758,15.692,100.0,-0.024352690024844838,0.6460975952427225,0.41750819744898404,-0.5109514024049692,1.3573631848261025,0.6075207890444827
BIH,Bosnia and Herzegovina,Europe & Central Asia,Upper middle income,2020,1,3,4,3.787482569816896,76.04,73.21175294,49.9710852122997,15.868,100.0,-0.02344831413704659,0.47638524733910625,0.5309825260747708,-0.48823512477231235,1.3869878145976802,0.6075207890444827
BIH,Bosnia and Herzegovina,Europe & Central Asia,Upper middle income,2021,1,3,4,3.863045762466895,74.567,75.67620138,50.4899479477034,14.897,100.0,0.09801610770635737,0.29175726472313207,0.6166232370313335,-0.46494328657389494,1.2235473855738055,0.6075207890444827
BIH,Bosnia and Herzegovina,Europe & Central Asia,Upper middle income,2022,0,4,4,3.8839789053170515,76.777,78.8455371,51.0215287060993,12.657,100.0,0.13166519007688207,0.5687619093811774,0.7267591035057117,-0.4410805341171859,0.8465066430264526,0.6075207890444827
BIH,Bosnia and Herzegovina,Europe & Central Asia,Upper middle income,2023,0,4,4,3.937669480700273,77.85,83.3771539,51.5657239834305,10.668,100.0,0.21797036682569426,0.7032533047287248,0.8842348608539575,-0.4166515137172546,0.5117146622556111,0.6075207890444827
BLR,Belarus,Europe & Central Asia,Upper middle income,2014,4,6,5,3.921234683163336,72.9707317073171,59.0163187101542,76.3405227661133,5.908,96.8,0.1915521715254523,0.09167865332334563,0.03768469113158214,0.6954935012752418,-0.2894969156575134,0.4841243869272973
BLR,Belarus,Europe & Central Asia,Upper middle income,2015,4,6,5,3.7757601100608915,73.6243902439025,62.230360906803,76.6263885498047,5.881,97.4,-0.04229163913313106,0.1736091739815063,0.1493741281260097,0.7083260658937502,-0.2940416031792895,0.5072612123242699
BLR,Belarus,Europe & Central Asia,Upper middle income,2016,5,8,5,3.7024112003884255,73.8268292682927,71.1130457603832,76.8458709716797,5.844,98.0,-0.16019670102585765,0.1989831785136914,0.45805149127007244,0.718178669884923,-0.30026950830172344,0.5303980377212419
BLR,Belarus,Europe & Central Asia,Upper middle income,2017,5,8,5,3.7623442698257845,74.1292682926829,74.4364454136036,77.0208206176758,5.648,98.7,-0.06385699682319913,0.23689132986298186,0.5735411499194488,0.7260321898418745,-0.33326057327461694,0.5573910006843763
BLR,Belarus,Europe & Central Asia,Upper middle income,2018,5,8,5,3.8034596764973356,74.1756097560976,79.1298866919307,77.2132720947266,4.763,99.3,0.002234163768021119,0.24269983692457656,0.7366403819361718,0.734671370030882,-0.4822253309328344,0.5805278260813483
BLR,Belarus,Europe & Central Asia,Upper middle income,2019,5,8,5,3.8349147041968634,74.2268292682927,82.7891520910901,77.4550771852757,4.165,100.0,0.05279670115693671,0.24911976578211642,0.8638015289402299,0.7455260424911062,-0.5828817434521723,0.6075207890444827
BLR,Belarus,Europe & Central Asia,Upper middle income,2020,5,8,5,3.815767348839507,72.1385609756098,85.08791245,77.7890385790408,4.049,100.0,0.02201819158437284,-0.012626847957832477,0.9436845032644187,0.7605176273888784,-0.602407067619803,0.6075207890444827
BLR,Belarus,Europe & Central Asia,Upper middle income,2021,5,8,5,3.874465521037673,72.0714634146342,86.88841196,78.131086803694,3.9,100.0,0.11637285420879363,-0.021036954761212867,1.0062526850979743,0.7758722315280242,-0.6274870098696047,0.6075207890444827
BLR,Belarus,Europe & Central Asia,Upper middle income,2022,5,9,5,3.902799350053618,74.1033658536585,89.50733148,78.4732787892908,3.574,100.0,0.16191820558075812,0.23364468012645315,1.0972613367664263,0.7912332891208663,-0.6823599036510498,0.6075207890444827
BLR,Belarus,Europe & Central Asia,Upper middle income,2023,5,9,5,3.897448602627495,74.1837804878049,91.51249979,78.8146420666327,3.461,100.0,0.15331712058485908,0.2437239684328008,1.1669418530510232,0.8065571458563914,-0.7013802625384832,0.6075207890444827
BLZ,Belize,Latin America & Caribbean,Upper middle income,2014,8,7,1,3.7873272986261752,71.437,38.70000076,44.1850161758379,8.244,91.5,-0.023697905568382846,-0.10056153065228768,-0.6683166538471673,-0.7479727675176231,0.10370271585615443,0.27974909592070935
BLZ,Belize,Latin America & Caribbean,Upper middle income,2015,8,7,1,3.7892014302341557,71.647,41.59000015,43.931184585988,7.578,91.8,-0.020685323592443836,-0.0742398223363639,-0.5678878526572214,-0.7593673116176749,-0.008399576347656626,0.29131750861919536
BLZ,Belize,Latin America & Caribbean,Upper middle income,2016,8,7,1,3.788229701300293,71.843,44.57569885,43.6765514309211,7.0,93.3,-0.0222473339972565,-0.04967289457483625,-0.464133456655297,-0.7707978381193636,-0.10568955366567895,0.3491595721116259
BLZ,Belize,Latin America & Caribbean,Upper middle income,2017,8,7,1,3.783321357323362,72.062,48.8771019,43.4211086747287,6.596,94.2,-0.030137275415268682,-0.022223113045374672,-0.31465773245928713,-0.7822647077560163,-0.17369154473225507,0.3838648102070845
BLZ,Belize,Latin America & Caribbean,Upper middle income,2018,8,7,1,3.77901827618249,72.322,53.59360123,43.164848281502,9.346,91.7,-0.03705428414122643,0.010365668679101776,-0.1507572225961751,-0.7937682812609723,0.2891932954486468,0.28746137105303354
BLZ,Belize,Latin America & Caribbean,Upper middle income,2019,9,11,5,3.790398790562257,72.577,58.76520157,42.9077622153323,9.053,92.7,-0.01876062090465877,0.04232774306272171,0.02895825560664802,-0.805308919367568,0.23987501974937264,0.3260227467146539
BLZ,Belize,Latin America & Caribbean,Upper middle income,2020,9,11,5,3.7192103292190644,71.58,64.43589783,42.649842440311,10.763,96.8,-0.1331928596141034,-0.0826377007038259,0.22601754540259145,-0.8168869828091336,0.5277052294618605,0.4841243869272973
BLZ,Belize,Latin America & Caribbean,Upper middle income,2021,9,11,5,3.7883797592499158,70.917,70.65370178,42.3910809205294,10.302,97.7,-0.02200612261569954,-0.1657390941012388,0.4420890777680743,-0.8285028323190051,0.45010889807153476,0.5188296250227559
BLZ,Belize,Latin America & Caribbean,Upper middle income,2022,9,11,5,3.8493098914631925,72.19,69.98329926,42.1373251262137,8.682,98.6,0.07593631499949996,-0.006179405119478876,0.41879228343957453,-0.8398939739443781,0.17742764676496725,0.5535348631182139
BLZ,Belize,Latin America & Caribbean,Upper middle income,2023,9,11,5,3.8706823154467114,73.566,70.18720245,41.9459437504976,8.278,99.6,0.11029152196613232,0.1662904550839014,0.4258780125927929,-0.8484851170988423,0.10942565569839115,0.5920962387798343
BOL,Bolivia,Latin America & Caribbean,Lower middle income,2014,6,5,1,3.4830785438932987,66.97,34.6016202324676,68.037425413,2.021,90.0,-0.5127640473522292,-0.6604618689724161,-0.8107372524896801,0.322766020771265,-0.94376359703321,0.22190703242827872
BOL,Bolivia,Latin America & Caribbean,Lower middle income,2015,6,5,1,3.4765436787094837,67.205,37.4868176324391,68.3958051297665,3.111,91.5,-0.5232685482016478,-0.6310066239522168,-0.7104753226504886,0.3388537484243706,-0.760292878561507,0.27974909592070935
BOL,Bolivia,Latin America & Caribbean,Lower middle income,2016,6,5,1,3.4822836679987472,67.392,39.69749832,68.7446327876947,3.498,91.8,-0.5140417744781351,-0.6075677694042289,-0.6336531572086106,0.3545126824992468,-0.6951523574160492,0.29131750861919536
BOL,Bolivia,Latin America & Caribbean,Lower middle income,2017,5,5,5,3.6072835446376934,67.536,43.83229828,69.0838016274736,3.655,91.8,-0.31311011431426783,-0.5895185979875954,-0.48996696662327743,0.36973803055190424,-0.6687258410857214,0.29131750861919536
BOL,Bolivia,Latin America & Caribbean,Lower middle income,2018,5,5,5,3.6239575735232568,67.699,44.2861422024283,69.4133879813999,3.519,92.8,-0.28630736541817287,-0.5690879386757128,-0.4741956826518933,0.3845332191523818,-0.6916176004546678,0.32987888428081574
BOL,Bolivia,Latin America & Caribbean,Lower middle income,2019,5,5,5,3.6235753984226875,67.82,47.4748191121692,69.7334986708387,3.682,95.1,-0.28692169464389267,-0.5539216210270151,-0.3633877009840011,0.3989030435302906,-0.6641811535639452,0.4185700483025425
BOL,Bolivia,Latin America & Caribbean,Lower middle income,2020,5,4,1,3.5540003937620486,62.906,59.94010155,70.0442635528254,7.903,97.2,-0.39876037455515984,-1.169849595619607,0.06978656751487003,0.4128533329904746,0.046304995673722565,0.4995489371919457
BOL,Bolivia,Latin America & Caribbean,Lower middle income,2021,7,8,5,3.603226733129997,61.427,65.9773785,70.3450412826165,5.089,98.6,-0.3196312557196135,-1.355229627044606,0.27958470402596214,0.4263552974561459,-0.4273524371513892,0.5535348631182139
BOL,Bolivia,Latin America & Caribbean,Lower middle income,2022,6,8,5,3.6252569912493597,67.434,72.62270355,70.6352598708131,3.552,99.9,-0.28421861006918653,-0.6023034277410441,0.5105127902388167,0.43938326022396507,-0.6860629823724971,0.6036646514783208
BOL,Bolivia,Latin America & Caribbean,Lower middle income,2023,6,8,5,3.6309064748357405,68.581,77.30039978,70.9151414044538,3.024,99.8,-0.2751373201783266,-0.4585367637488366,0.6730648746216547,0.45194719081962087,-0.7749368716872301,0.5998085139121585
BRA,Brazil,Latin America & Caribbean,Upper middle income,2014,4,7,5,4.089021294280282,74.823,54.5510018796392,85.4331367898168,6.755,99.7,0.46126157629852066,0.32384468057492366,-0.11748711193994388,1.1036625220779885,-0.1469283848817957,0.5959523763459967
BRA,Brazil,Latin America & Caribbean,Upper middle income,2015,3,6,5,3.951152665733076,75.106,58.3279517340924,85.6935697061881,8.538,99.7,0.23964397823863268,0.359316316067334,0.013763623734874206,1.1153534008707056,0.15318931331549457,0.5959523763459967
BRA,Brazil,Latin America & Caribbean,Upper middle income,2016,3,6,5,3.9462697375085707,75.081,60.8725400681261,85.9487048448108,11.58,99.7,0.23179489149557256,0.3561827793630586,0.10218923267900823,1.1268064615012927,0.6652241074356049,0.5959523763459967
BRA,Brazil,Latin America & Caribbean,Upper middle income,2017,2,6,0,4.003482413118762,75.383,67.4712845236305,86.1982897571091,12.792,99.8,0.3237616853987183,0.394035902750718,0.3314986219190902,1.1380103715093894,0.8692300806353332,0.5998085139121585
BRA,Brazil,Latin America & Caribbean,Upper middle income,2018,2,6,0,3.968513802401594,75.633,70.4342825404361,86.4420719945072,12.329,99.7,0.2675512218850648,0.42537126979348316,0.43446415879277567,1.1489537984346379,0.791297105724876,0.5959523763459967
BRA,Brazil,Latin America & Caribbean,Upper middle income,2019,2,6,0,3.955679720553246,75.809,73.9124399133589,86.6797991084296,11.936,99.8,0.24692101454561188,0.44743136819159013,0.5553317190148586,1.159625409816691,0.7251466540190235,0.5998085139121585
BRA,Brazil,Latin America & Caribbean,Upper middle income,2020,2,5,5,3.849676970170105,74.506,81.34269353,86.9112186503004,13.697,99.7,0.07652637745375136,0.2841114351646983,0.8135364320810875,1.1700138731951846,1.0215612734948663,0.5959523763459967
BRA,Brazil,Latin America & Caribbean,Upper middle income,2021,2,5,5,3.901596541315724,73.038,80.68989314,87.1360781715439,13.158,99.5,0.15998474482013067,0.10011015988958055,0.7908513198243579,1.1801078561097647,0.9308358448194095,0.5882401012136725
BRA,Brazil,Latin America & Caribbean,Upper middle income,2022,2,6,0,3.967610346413107,74.872,80.52775094,87.349556243881,9.231,100.0,0.2660989571586287,0.32998641251530647,0.7852168041823668,1.1896909238086177,0.26983629304108175,0.6075207890444827
BRA,Brazil,Latin America & Caribbean,Upper middle income,2023,3,7,0,4.01609649895546,75.848,84.15060238,87.6159710235763,7.947,99.8,0.3440382590783721,0.4523196854502617,0.9111125494435685,1.2016503294836116,0.053711153116617075,0.5998085139121585
BRB,Barbados,Latin America & Caribbean,High income,2014,0,4,4,4.305194573913418,75.926,71.92459869,59.2410313429534,12.17,100.0,0.8087503669092204,0.4620963199676048,0.48625332691945755,-0.07210563492710344,0.7645339458744165,0.6075207890444827
BRB,Barbados,Latin America & Caribbean,High income,2015,6,11,5,4.31014524068248,76.055,72.04940033,59.2450700899645,9.803,100.0,0.8167083403054569,0.47826536936167224,0.4905902410153942,-0.07192433487318123,0.3661163397987095,0.6075207890444827
BRB,Barbados,Latin America & Caribbean,High income,2016,6,11,5,4.307401193200326,76.168,71.57299805,59.2510255301153,8.247,100.0,0.8122974078230986,0.4924289552650021,0.47403504379628436,-0.0716569941317328,0.10420768113635179,0.6075207890444827
BRB,Barbados,Latin America & Caribbean,High income,2017,6,11,5,4.307165938653817,76.237,71.14849854,59.25926986892,8.62,100.0,0.8119192467571662,0.5010775165688038,0.45928349158401266,-0.07128690433265979,0.16699169764088856,0.6075207890444827
BRB,Barbados,Latin America & Caribbean,High income,2018,6,11,5,4.330032941836696,76.378,70.72650146,59.270175311893,8.321,100.0,0.8486769223329569,0.518750663580924,0.4446188999592861,-0.07079735710585518,0.11666349138121967,0.6075207890444827
BRB,Barbados,Latin America & Caribbean,High income,2019,6,11,5,4.3406849946897506,76.495,70.30709839,59.2841140645486,8.41,100.0,0.865799616542486,0.5334156153569387,0.4300444513690104,-0.07017164408121579,0.13164412802707437,0.6075207890444827
BRB,Barbados,Latin America & Caribbean,High income,2020,0,4,4,4.283176622004357,76.647,69.89009857,59.3014583324011,10.586,100.0,0.7733575029364447,0.55246751851894,0.415553516815899,-0.06939305688863975,0.4979122779302171,0.6075207890444827
BRB,Barbados,Latin America & Caribbean,High income,2021,0,4,4,4.32386266487781,76.58,69.4756012,59.3220365433819,11.015,100.0,0.8387584806004028,0.5440696401514781,0.401149543545342,-0.06846929742804793,0.5701223129984379,0.6075207890444827
BRB,Barbados,Latin America & Caribbean,High income,2022,6,11,5,4.387159067982024,75.676,69.06359863,59.3538514107686,7.261,100.0,0.9405045918775119,0.4307609529248396,0.3868322657163399,-0.0670411225121936,-0.061757574288509705,0.6075207890444827
BRB,Barbados,Latin America & Caribbean,High income,2023,6,11,5,4.407966388705259,76.178,69.67510223,59.4235740235775,6.54,100.0,0.9739514208576538,0.49368236994671155,0.4080822956242477,-0.06391126232855111,-0.1831175632959389,0.6075207890444827
BRN,Brunei Darussalam,East Asia & Pacific,High income,2014,3,8,0,4.613064557757353,74.862,68.76999664,75.0572639801502,6.862,100.0,1.303637471054656,0.3287329978335952,0.37662946221931826,0.6378877917688642,-0.1289179565547569,0.6075207890444827
BRN,Brunei Darussalam,East Asia & Pacific,High income,2015,3,8,0,4.486077923525152,74.88,71.19999695,74.9484620568562,7.703,100.0,1.0995121877265928,0.3309891442606744,0.46107308489582566,0.6330036545585312,0.012640643660566185,0.6075207890444827
BRN,Brunei Darussalam,East Asia & Pacific,High income,2016,4,10,0,4.425913855074195,74.905,90.0,74.8816070556641,8.537,100.0,1.0028011630350944,0.3341226809649516,1.114381793268538,0.6300025219578064,0.15302099155542886,0.6075207890444827
BRN,Brunei Darussalam,East Asia & Pacific,High income,2017,4,10,0,4.447536051310653,74.943,94.86669922,74.8476440654983,9.316,100.0,1.0375578676255275,0.3388856567554515,1.2835018180366558,0.6284779174377673,0.2841436426466734,0.6075207890444827
BRN,Brunei Darussalam,East Asia & Pacific,High income,2018,4,10,0,4.49119521544202,74.992,95.0,74.8172471714305,8.7,100.0,1.1077380035277504,0.3450273886958343,1.2881340811365745,0.6271133955901712,0.18045743844615117,0.6075207890444827
BRN,Brunei Darussalam,East Asia & Pacific,High income,2019,4,10,0,4.483253040676045,75.049,95.0,74.7923311783673,6.6,100.0,1.0949713160401429,0.35217185238158505,1.2881340811365745,0.6259949123394342,-0.173018257691992,0.6075207890444827
BRN,Brunei Darussalam,East Asia & Pacific,High income,2020,4,10,0,4.428691229246064,75.114,96.30549622,74.7748108912151,7.409,100.0,1.0072656666670599,0.36031904781270374,1.333500672142189,0.6252084236099601,-0.03684595379877395,0.6075207890444827
BRN,Brunei Darussalam,East Asia & Pacific,High income,2021,4,10,0,4.491459239834757,74.869,97.62879944,74.7667316936175,4.905,100.0,1.1081624108230446,0.32961038811079324,1.3794860645458167,0.6248457470283209,-0.4583236410034932,0.6075207890444827
BRN,Brunei Darussalam,East Asia & Pacific,High income,2022,4,10,0,4.56387163350951,72.917,98.97042579,74.7772642014221,5.191,100.0,1.2245620655165785,0.0849438422408828,1.4261081941011253,0.6253185531307236,-0.41018361762467953,0.6075207890444827
BRN,Brunei Darussalam,East Asia & Pacific,High income,2023,4,10,0,4.517071125059862,75.327,98.97039795,74.8199193881365,5.296,100.0,1.1493323603988448,0.3870167805331389,1.426107226648387,0.6272333518616482,-0.3925098328177723,0.6075207890444827
BTN,Bhutan,South Asia,Lower middle income,2014,8,6,1,3.4547686592481934,70.504,30.29999924,36.1326606084122,2.63,91.4,-0.5582709092287335,-0.2175051204558865,-0.960220550286164,-1.1094444057663764,-0.8412556451531484,0.2758929583545475
BTN,Bhutan,South Asia,Lower middle income,2015,9,8,1,3.470416492124262,70.797,39.79999924,36.6983375690037,2.45,95.4,-0.5331177241033045,-0.18078007028176665,-0.630091203336895,-1.084051068878503,-0.8715535619649892,0.4301384610010291
BTN,Bhutan,South Asia,Lower middle income,2016,9,8,1,3.4986287889551404,71.119,46.50320053,37.2745234641407,2.707,99.3,-0.4877677302338065,-0.14042011753068473,-0.3971518913014003,-1.0581859840959167,-0.8282948696280832,0.5805278260813483
BTN,Bhutan,South Asia,Lower middle income,2017,9,8,1,3.535963158319203,71.413,54.33549881,37.8645544995016,3.027,97.7,-0.42775441646742474,-0.10356972588839325,-0.1249759422184232,-1.0316993885669892,-0.7744319064070327,0.5188296250227559
BTN,Bhutan,South Asia,Lower middle income,2018,9,9,5,3.531504995956257,71.711,63.48680115,38.4661892776975,3.35,100.0,-0.43492071125869236,-0.0662179683734169,0.1930360014909998,-1.0046918990093188,-0.7200639779057851,0.6075207890444827
BTN,Bhutan,South Asia,Lower middle income,2019,9,9,5,3.5535043546763094,72.005,74.17939758,39.0746823405146,2.72,100.0,-0.3995577349980955,-0.02936757673112541,0.5646086200834195,-0.9773765398653094,-0.8261066867472279,0.6075207890444827
BTN,Bhutan,South Asia,Lower middle income,2020,9,10,5,3.504017854944843,72.253,76.85079956,39.6888839873439,5.03,100.0,-0.4791050498763587,0.0017171073752982535,0.6574410612514598,-0.9498049213947346,-0.4372834209952704,0.6075207890444827
BTN,Bhutan,South Asia,Lower middle income,2021,9,10,5,3.552742730736347,72.448,85.63688389,40.3075199874379,4.803,100.0,-0.40078201110773726,0.026158693668654254,0.9627615119992604,-0.9220342440368886,-0.4754924605302031,0.6075207890444827
BTN,Bhutan,South Asia,Lower middle income,2022,9,10,5,3.5695293006848954,72.754,88.35620117,40.9365143617581,5.947,100.0,-0.3737983575321318,0.06451318292900031,1.057259031767078,-0.8937985774631807,-0.2829323670149479,0.6075207890444827
BTN,Bhutan,South Asia,Lower middle income,2023,9,10,5,3.5833490337001246,72.975,90.02140045,41.7352457989939,3.126,100.0,-0.35158376042663164,0.09221364739480342,1.1151254686983192,-0.8579433846912217,-0.7577680521605205,0.6075207890444827
BWA,Botswana,Sub-Saharan Africa,Upper middle income,2014,3,1,2,3.85262417951303,62.167,36.74474744423,65.0965122400825,18.484,60.0,0.08126388345813633,-1.2624769405980207,-0.7362626012424877,0.1907479182843081,1.8273175389297676,-0.9349342374203331
BWA,Botswana,Sub-Saharan Africa,Upper middle income,2015,3,1,2,3.7882535203916996,63.215,38.89379883,65.4103584313295,18.915,62.1,-0.022209045882830687,-1.1311190819547488,-0.6615820822377854,0.2048365282516957,1.8998642175181193,-0.8539553485309302
BWA,Botswana,Sub-Saharan Africa,Upper middle income,2016,3,1,2,3.8292432854488347,64.32,41.16859818,65.6949296854899,19.328,64.2,0.04368015148371223,-0.9926167596257279,-0.5825317639371411,0.21761098121499753,1.9693811044252876,-0.7729764596415274
BWA,Botswana,Sub-Saharan Africa,Upper middle income,2017,3,1,2,3.8515618824161004,65.42,43.57640076,65.9456435684731,19.671,67.4,0.07955628881874469,-0.85474114463756,-0.4988595225352289,0.22886557091298054,2.027115468127851,-0.649580057524342
BWA,Botswana,Sub-Saharan Africa,Upper middle income,2018,3,1,2,3.869698593572837,66.371,46.12509918,66.1579176461888,19.665,68.3,0.10871023345152057,-0.735541408406882,-0.41029108622309896,0.23839459108442457,2.026105537567456,-0.614874819428884
BWA,Botswana,Sub-Saharan Africa,Upper middle income,2019,2,1,4,3.8556457043781065,67.167,48.82279968,66.3271694845464,20.094,70.1,0.08612084831034884,-0.6357695997427167,-0.31654475945154975,0.24599233546809593,2.098315572635677,-0.5454643432379673
BWA,Botswana,Sub-Saharan Africa,Upper middle income,2020,2,1,4,3.8009436148615268,67.643,51.67819977,66.4488166494554,21.017,71.8,-0.001810291755866772,-0.576107060893292,-0.21731829976833048,0.2514530978027661,2.253676557176394,-0.4799100046132126
BWA,Botswana,Sub-Saharan Africa,Upper middle income,2021,2,0,2,3.892533571959952,63.303,54.70069885,66.5182767068255,23.106,73.7,0.1454164306134741,-1.1200890327556963,-0.11228507372252335,0.25457117182721606,2.605300713953814,-0.4066433908561336
BWA,Botswana,Sub-Saharan Africa,Upper middle income,2022,1,0,4,3.9205776913523573,68.749,57.9,66.5889787170477,23.615,75.9,0.19049608684086283,-0.4374793970960994,-0.0011078948442555085,0.25774499733063533,2.690976489827297,-0.32180836440056865
CAF,Central African Republic,Sub-Saharan Africa,Low income,2014,7,0,3,2.612625454371187,40.265,2.700000048,39.6226521868738,5.633,12.0,-1.9119781031999559,-4.007705776480595,-1.919333151239355,-0.9527780784069435,-0.3357853996756036,-2.785880269178112
CAF,Central African Republic,Sub-Saharan Africa,Low income,2015,7,0,3,2.5638640140224513,51.934,2.900000095,39.9824421267351,5.775,12.7,-1.9903599178440845,-2.5450961843924866,-1.9123830580913619,-0.9366270455944838,-0.31188370974626245,-2.758887306214978
CAF,Central African Republic,Sub-Saharan Africa,Low income,2016,7,0,3,2.5879086569255874,50.999,3.099999905,40.3808711749566,5.793,13.4,-1.9517092395675815,-2.6622904571324275,-1.9054329731792277,-0.9187414965050812,-0.3088539180650784,-2.7318943432518434
CAF,Central African Republic,Sub-Saharan Africa,Low income,2017,7,0,3,2.635809371393383,45.231,4.0,40.8151443386334,5.836,14.1,-1.8747110029305165,-3.3852600455431063,-1.8741575580616876,-0.8992468988550786,-0.30161608238224974,-2.7049013802887094
CAF,Central African Republic,Sub-Saharan Africa,Low income,2018,7,0,3,2.658244195182662,52.297,5.099999905,41.2824666248606,5.825,14.6,-1.8386480362246824,-2.4995972314463915,-1.835932058032013,-0.8782687203608196,-0.30346762174297337,-2.685620692457899
CAF,Central African Republic,Sub-Saharan Africa,Low income,2019,7,0,3,2.652467269697417,31.53,7.509200096,41.7800430407332,5.916,14.3,-1.847934183216219,-5.102563500954811,-1.752211249008341,-0.8559324287386512,-0.2881503415769871,-2.697189105156385
CAF,Central African Republic,Sub-Saharan Africa,Low income,2022,7,0,3,2.669651377035,18.818,13.75360012,43.2751967457285,6.287,15.7,-1.8203115062295214,-6.695904244345336,-1.5352154909016966,-0.7888147195599038,-0.22570296859258188,-2.6432031792301167
CAF,Central African Republic,Sub-Saharan Africa,Low income,2023,7,0,3,2.6954631986957844,57.408,13.8416996,43.6983692134165,6.181,17.6,-1.778820167856959,-1.8589769876240991,-1.5321539936597,-0.7698184340784555,-0.2435450751595548,-2.569936565473038
CAN,Canada,North America,High income,2014,0,8,0,4.707236604535971,81.7843902439025,87.12000275,81.211183161556,7.023,100.0,1.4550147860492333,1.196395554257362,1.0143005710203072,0.9141382913309857,-0.10181815318416601,0.6075207890444827
CAN,Canada,North America,High income,2015,0,8,0,4.639428653574577,81.8258536585366,90.0,81.2465670276699,6.945,100.0,1.3460165652082872,1.2015926395229866,1.114381793268538,0.9157266792188117,-0.11494725046929695,0.6075207890444827
CAN,Canada,North America,High income,2016,0,8,0,4.626484713770681,81.94,91.16000366,81.3023011093703,7.038,100.0,1.325209766163434,1.215899909548364,1.1546924512405972,0.9182285918144296,-0.09929332678317918,0.6075207890444827
CAN,Canada,North America,High income,2017,0,8,0,4.654461754801688,81.8078048780488,92.70140076,81.4018945832226,6.426,100.0,1.3701815969522766,1.1993303788779484,1.2082567057682285,0.9226993601319522,-0.20230624394343807,0.6075207890444827
CAN,Canada,North America,High income,2018,3,11,0,4.6678186910775255,81.8036585365854,94.64,81.5500341646653,5.837,100.0,1.3916522691862903,1.1988106703513877,1.2756239164100758,0.9293493716404105,-0.30144776062218404,0.6075207890444827
CAN,Canada,North America,High income,2019,2,9,0,4.666076623095877,82.1585365853659,91.91290283,81.7363672047941,5.69,100.0,1.3888519735293425,1.2432916060072157,1.1808560419048861,0.9377138941346354,-0.32619105935185394,0.6075207890444827
CAN,Canada,North America,High income,2020,0,8,0,4.6388668720213895,81.53,92.3,81.9509888710566,9.657,100.0,1.3451135267160375,1.1645099075982295,1.1943078456878347,0.9473482979631762,0.34154136282910513,0.6075207890444827
CAN,Canada,North America,High income,2021,0,8,0,4.7233461539301205,81.4514634146342,93.93710327,82.1779279079275,7.527,100.0,1.4809101596391447,1.1546660166833387,1.2511979334155834,0.957535630695,-0.01698398611101156,0.6075207890444827
CAN,Canada,North America,High income,2022,2,10,0,4.750175030595323,81.0948780487805,94.0,82.3500897353968,5.279,100.0,1.5240363680292675,1.1099710833989205,1.2533836235629672,0.9652640049946866,-0.39537130273889065,0.6075207890444827
CAN,Canada,North America,High income,2023,2,10,0,4.734162144506674,81.6263414634146,94.14530182,82.5250564408346,5.415,100.0,1.4982963763403097,1.1765854880683644,1.258432928294245,0.9731182907529353,-0.3724795433699442,0.6075207890444827
CHE,Switzerland,Europe & Central Asia,High income,2014,3,11,0,4.948045963673689,83.1975609756098,83.6172512621702,74.7402679059582,4.826,100.0,1.8421049625803596,1.3735244485459286,0.8925783540515881,0.6236577830096715,-0.47162106004869014,0.6075207890444827
CHE,Switzerland,Europe & Central Asia,High income,2015,3,11,0,4.9232774321094075,82.8975609756098,87.4790555978675,75.6044960143169,4.801,100.0,1.8022906659518332,1.3359220080946108,1.0267778217768098,0.6624531327099216,-0.47582910405033463,0.6075207890444827
CHE,Switzerland,Europe & Central Asia,High income,2016,2,11,0,4.914623821366335,83.6024390243903,89.1346877351392,76.6726675773771,4.918,100.0,1.7883803772397904,1.4242724576103112,1.0843117961205706,0.7104035394694113,-0.45613545812263806,0.6075207890444827
CHE,Switzerland,Europe & Central Asia,High income,2017,2,11,0,4.915159016952201,83.5512195121951,89.6861476710225,77.9126273688843,4.797,100.0,1.7892406799894565,1.417852528752759,1.1034752812260276,0.7660655496036683,-0.47650239109059783,0.6075207890444827
CHE,Switzerland,Europe & Central Asia,High income,2018,2,11,0,4.930528122439637,83.7536585365854,91.80000305,79.2922201625844,4.713,100.0,1.81394582341727,1.4432265332849565,1.1769327228899267,0.8279957094282395,-0.4906414189361235,0.6075207890444827
CHE,Switzerland,Europe & Central Asia,High income,2019,2,11,0,4.924909233417987,83.9048780487805,93.1460869535177,80.7792907322229,4.394,100.0,1.8049137129084112,1.4621806089596017,1.223709754469634,0.8947505652586538,-0.5443360603971081,0.6075207890444827
CHE,Switzerland,Europe & Central Asia,High income,2020,2,11,0,4.93398196168921,83.0,94.34999847,82.3416838515457,4.817,100.0,1.8194977141312139,1.3487618658096887,1.2655462305455296,0.9648866634104573,-0.4731359558892821,0.6075207890444827
CHE,Switzerland,Europe & Central Asia,High income,2021,2,11,0,4.971576288034353,83.7512195121951,95.56937154,84.2006477608879,5.013,100.0,1.8799288970122225,1.4429208223869714,1.307920002680964,1.0483358757718109,-0.44014489091638875,0.6075207890444827
CHE,Switzerland,Europe & Central Asia,High income,2022,2,11,0,4.974946739525307,83.6048780487805,96.45279694,84.9206266284521,4.122,100.0,1.8853467456676685,1.424578168508284,1.3386194395631108,1.0806558520301508,-0.590119579135001,0.6075207890444827
CHE,Switzerland,Europe & Central Asia,High income,2023,2,11,0,5.002699633565723,84.1560975609756,97.34436623,85.1854212679815,4.043,100.0,1.9299582702854081,1.4936688314513522,1.3696018803491872,1.092542529332055,-0.6034169981801978,0.6075207890444827
CHL,Chile,Latin America & Caribbean,High income,2014,3,7,0,4.162255951530861,79.714,61.11000061,87.3133701497978,6.761,100.0,0.5789829825795405,0.9368898013995827,0.11044109516480302,1.1880665237680894,-0.14591845432140094,0.6075207890444827
CHL,Chile,Latin America & Caribbean,High income,2015,3,8,0,4.128202767370737,80.008,76.6295919508796,87.4653320342387,6.605,99.7,0.5242440259410196,0.9737401930418742,0.6497539956157624,1.1948881191211842,-0.17217664889166295,0.5959523763459967
CHL,Chile,Latin America & Caribbean,High income,2016,3,8,0,4.135127943957977,80.295,83.5585860244169,87.6306290578181,6.926,100.0,0.5353759347557893,1.0097131944069695,0.8905397101959964,1.202308331183428,-0.11814536391054684,0.6075207890444827
CHL,Chile,Latin America & Caribbean,High income,2017,2,8,0,4.172600264222569,80.61,82.3274869338464,87.8000295757281,7.257,99.7,0.5956109983687293,1.0491957568808532,0.8477584534802199,1.209912749817998,-0.06243086132877291,0.5959523763459967
CHL,Chile,Latin America & Caribbean,High income,2018,2,8,0,4.19477736052589,80.559,84.90000153,87.9620493753008,7.623,100.0,0.6312596797727226,1.042803342004129,0.9371545128113409,1.2171858467260868,-0.0008250971446964262,0.6075207890444827
CHL,Chile,Latin America & Caribbean,High income,2019,2,8,0,4.161239693342515,80.324,85.01760101,88.1273685623538,7.493,100.0,0.5773493934078542,1.0133480969839297,0.9412411485517596,1.2246070537105054,-0.022706925953248133,0.6075207890444827
CHL,Chile,Latin America & Caribbean,High income,2020,2,6,0,4.117762184313498,79.349,87.45929718,88.2953490438375,10.934,100.0,0.5074612598841438,0.8911401655171461,1.0260912077149835,1.232147726663568,0.5564882504331092,0.6075207890444827
CHL,Chile,Latin America & Caribbean,High income,2021,2,7,0,4.209698144968356,78.876,90.23280334,88.4660511664452,9.281,100.0,0.6552441673545106,0.8318536510722345,1.1224718158582023,1.2398105745588044,0.278252381044371,0.6075207890444827
CHL,Chile,Latin America & Caribbean,High income,2022,2,8,0,4.18767908472417,79.176,92.31819916,88.6395352768685,8.249,100.0,0.6198495217830445,0.8694560915235524,1.1949402748252902,1.2475983063696696,0.10454432465648347,0.6075207890444827
CHL,Chile,Latin America & Caribbean,High income,2023,2,8,0,4.232158116770614,81.167,94.45742345,88.8158617217972,9.013,100.0,0.6913475583562199,1.1190109546521345,1.2692792977553649,1.2555136310695367,0.23314214934674118,0.6075207890444827
CHN,China,East Asia & Pacific,Upper middle income,2014,5,6,5,3.891039097668699,76.714,47.90000153,55.7502555847168,4.63,100.0,0.1430141306393625,0.5608653968864002,-0.34861241741212823,-0.22880716425266637,-0.5046121250215835,0.6075207890444827
CHN,China,East Asia & Pacific,Upper middle income,2015,5,6,5,3.9125054435722824,76.975,50.29999924,57.3297843933105,4.65,100.0,0.17752031285358513,0.5935795200790466,-0.26521139881401856,-0.15790184203699603,-0.5012456898202677,0.6075207890444827
CHN,China,East Asia & Pacific,Upper middle income,2016,5,6,5,3.9167101642492295,77.214,53.2,58.8399238586426,4.56,100.0,0.18427921157301866,0.6235361309719307,-0.16443504544020954,-0.090111419477178,-0.5163946482261883,0.6075207890444827
CHN,China,East Asia & Pacific,Upper middle income,2017,5,6,5,3.953260692455011,77.235,54.3,60.2402687072754,4.47,100.0,0.2430325360540262,0.6261683018035231,-0.12620954210924173,-0.027249696306857932,-0.5315436066321086,0.6075207890444827
CHN,China,East Asia & Pacific,Upper middle income,2018,7,11,5,4.0037044877399275,77.709,65.35839844,61.5001983642578,4.31,100.0,0.3241186603295006,0.6855801577166064,0.25807486371202326,0.029308764552715923,-0.5584750882426339,0.6075207890444827
CHN,China,East Asia & Pacific,Upper middle income,2019,7,11,5,4.014642365734255,77.94,64.080881297515,62.7099151611328,4.56,100.0,0.34170080555367627,0.7145340368641208,0.21368055845254244,0.08361316141173793,-0.5163946482261883,0.6075207890444827
CHN,China,East Asia & Pacific,Upper middle income,2020,7,11,5,4.0264296342754475,78.019,70.05275998,63.5234230266258,5.0,100.0,0.3606483077469806,0.7244360128496355,0.4212060752429671,0.120131670611402,-0.44233307379724396,0.6075207890444827
CHN,China,East Asia & Pacific,Upper middle income,2021,6,11,5,4.110166512266044,78.117,73.05323517,64.721076965332,4.55,100.0,0.4952515598780912,0.7367194767303993,0.5254739610337229,0.17389456367470532,-0.5180778658268461,0.6075207890444827
CHN,China,East Asia & Pacific,Upper middle income,2022,6,11,5,4.112960255235301,78.202,75.61131603,65.2176361083984,4.98,100.0,0.49974237561309587,0.7473735015249388,0.6143684414290098,0.19618518974413865,-0.44569950899855953,0.6075207890444827
CHN,China,East Asia & Pacific,Upper middle income,2023,5,10,0,4.112309280365149,77.953,90.6,65.5301448035523,4.67,100.0,0.4986959628893265,0.7161634759503451,1.1352320678127021,0.21021375927989466,-0.49787925461895216,0.6075207890444827
CIV,Cote d'Ivoire,Sub-Saharan Africa,Lower middle income,2014,7,3,3,3.299150955727979,57.772,10.0,49.0173144557368,3.274,61.9,-0.8084193442509714,-1.8133526932098334,-1.665654812620044,-0.5310500594832446,-0.7328564316707845,-0.8616676236632544
CIV,Cote d'Ivoire,Sub-Saharan Africa,Lower middle income,2015,6,3,1,3.258809278805849,58.281,38.4400001654616,49.4694894689553,2.573,62.6,-0.8732667691902086,-1.7495538859107633,-0.6773517934767868,-0.5107518447019148,-0.8508499854768979,-0.8346746607001201
CIV,Cote d'Ivoire,Sub-Saharan Africa,Lower middle income,2016,6,3,1,3.270118659149543,58.814,41.2078149304414,49.929991034032,1.896,64.3,-0.855087450706185,-1.6827468833755879,-0.5811689639147524,-0.4900798495632793,-0.9648038170414328,-0.7691203220753655
CIV,Cote d'Ivoire,Sub-Saharan Africa,Lower middle income,2017,6,3,1,3.2932076626282547,59.315,43.8399208514876,50.3977309654344,3.272,65.6,-0.8179729196742289,-1.6199508078218867,-0.489702078776196,-0.46908292290465725,-0.733193075190916,-0.7189905337152591
CIV,Cote d'Ivoire,Sub-Saharan Africa,Lower middle income,2018,6,3,1,3.328556179365152,59.795,37.5465361301281,50.8718477756395,2.852,67.1,-0.761151774379898,-1.559786903099777,-0.7084000775301873,-0.4477997370503966,-0.8038882144185446,-0.6611484702228285
CIV,Cote d'Ivoire,Sub-Saharan Africa,Lower middle income,2019,6,3,1,3.330772498860525,60.274,36.2889545655205,51.3514799771241,2.401,68.6,-0.7575891408187053,-1.4997483398458389,-0.7521016123364346,-0.4262689643248548,-0.8798013282082127,-0.6033064067303979
CIV,Cote d'Ivoire,Sub-Saharan Africa,Lower middle income,2020,6,3,1,3.3384025716668693,60.14,36.01660156,51.8357660823651,2.588,69.9,-0.7453241431453215,-1.516544096580761,-0.7615660038998191,-0.4045292770523843,-0.8483251590759113,-0.553176618370291
CIV,Cote d'Ivoire,Sub-Saharan Africa,Lower middle income,2021,6,3,1,3.390225051564337,60.29,35.95069885,52.3183461956059,2.623,71.1,-0.6620218455783934,-1.4977428763551022,-0.7638561532276598,-0.3828661720567379,-0.8424338974736089,-0.506902967576347
CIV,Cote d'Ivoire,Sub-Saharan Africa,Lower middle income,2022,6,3,1,3.3679838486669937,61.562,38.41328122,52.8492549676673,2.31,72.0,-0.6977735754389984,-1.338308528841513,-0.6782802890574615,-0.35903358518315287,-0.8951186083741988,-0.4721977294808884
CIV,Cote d'Ivoire,Sub-Saharan Africa,Lower middle income,2023,6,4,1,3.413629284448,61.944,40.65284979,53.4075201638704,2.263,72.4,-0.6244005975050091,-1.2904280880001673,-0.6004542564824923,-0.3339729636843794,-0.9030297310972907,-0.45677317921624
CMR,Cameroon,Sub-Saharan Africa,Lower middle income,2014,7,3,3,3.217337415016774,59.13,16.2148722257524,52.2993944376709,3.534,56.8,-0.9399309185101151,-1.6431389794335323,-1.4496851590136448,-0.3837169197579659,-0.6890927740536811,-1.0583306395375185
CMR,Cameroon,Sub-Saharan Africa,Lower middle income,2015,7,3,3,3.1507564696641706,59.687,18.29999924,52.6440863142742,3.518,58.6,-1.0469567832125295,-1.573323781662252,-1.3772260411694512,-0.36824364162419065,-0.6917859222147336,-0.9889201633466016
CMR,Cameroon,Sub-Saharan Africa,Lower middle income,2016,7,3,3,3.158880975152969,60.293,20.60000038,52.9815033836792,3.529,59.8,-1.03389700731699,-1.497366851950589,-1.297299949134633,-0.3530969308474942,-0.68993438285401,-0.9426465125526573
CMR,Cameroon,Sub-Saharan Africa,Lower middle income,2017,6,3,1,3.1749575800828675,60.817,23.2029719748646,53.3115142121504,3.573,60.9,-1.0080545904665026,-1.431687922628953,-1.2068454951619858,-0.3382826875110626,-0.6825282254111155,-0.9002289993248749
CMR,Cameroon,Sub-Saharan Africa,Lower middle income,2018,6,3,1,3.2070136923004777,61.189,29.70000076,53.6339873660653,3.608,62.2,-0.9565258368431027,-1.3850608964693185,-0.9810707720096328,-0.3238068116930098,-0.6766369638088131,-0.8500992109647681
CMR,Cameroon,Sub-Saharan Africa,Lower middle income,2019,6,3,1,3.1917936769827286,61.695,36.53919983,53.9487914119331,3.632,63.2,-0.980991324551928,-1.3216381135747617,-0.7434054748901434,-0.30967520346553684,-0.6725972415672343,-0.8115378353031478
CMR,Cameroon,Sub-Saharan Africa,Lower middle income,2020,6,3,1,3.19189896928981,61.674,37.69749832,54.2557949164174,3.881,64.3,-0.98082207192038,-1.324270284406354,-0.703154072355825,-0.29589376289391467,-0.6306851233108546,-0.7691203220753655
CMR,Cameroon,Sub-Saharan Africa,Lower middle income,2021,6,3,1,3.2233210907945007,61.146,38.89260101,54.5548664463635,3.976,65.4,-0.9303124297545322,-1.3904505796006739,-0.6616237070308763,-0.28246839003525714,-0.6146945561046052,-0.7267028088475828
CMR,Cameroon,Sub-Saharan Africa,Lower middle income,2022,6,3,1,3.205441826027083,62.443,40.12559891,54.8458745688318,3.646,71.0,-0.9590525409356279,-1.2278826953828086,-0.6187764658185793,-0.26940498493702186,-0.6702407369263135,-0.5107591051425088
CMR,Cameroon,Sub-Saharan Africa,Lower middle income,2023,6,4,1,3.2356483919584997,63.7,42.24380112,55.1286878511388,3.607,72.0,-0.9104968494929869,-1.0703284698917845,-0.5451679697876531,-0.2567094476351713,-0.6768052855688789,-0.4721977294808884
COD,"Congo, Dem. Rep.",Sub-Saharan Africa,Low income,2014,8,0,3,2.6894650989608504,58.236,3.0,40.9563873534225,4.436,13.5,-1.7884618424727663,-1.7551942519784614,-1.9089080156352949,-0.8929064754200352,-0.5372665464743452,-2.7280382056856816
COD,"Congo, Dem. Rep.",Sub-Saharan Africa,Low income,2015,8,0,3,2.6953298509125387,58.658,3.799999952,41.3435764444694,4.441,16.6,-1.779034518400233,-1.7023001524102732,-1.881107651244431,-0.8755254899579747,-0.5364249376740163,-2.6084979411346585
COD,"Congo, Dem. Rep.",Sub-Saharan Africa,Low income,2016,7,1,3,2.662535941719673,59.081,10.1,41.7290483782911,4.528,17.3,-1.831749247362874,-1.6492807113739143,-1.662179766862683,-0.8582215879816255,-0.5217809445482934,-2.581504978171524
COD,"Congo, Dem. Rep.",Sub-Saharan Africa,Low income,2018,7,1,3,2.7144719527119126,59.926,11.69999981,42.4946599159958,4.632,18.7,-1.7482644536850207,-1.543367170769368,-1.6065790413474983,-0.8238531532448644,-0.504275481501452,-2.5275190522452555
COD,"Congo, Dem. Rep.",Sub-Saharan Africa,Low income,2019,7,1,3,2.702434148160308,60.242,13.02970028,42.8747090907476,4.605,19.1,-1.767614681207793,-1.5037592668273134,-1.5603713415791578,-0.8067926798638386,-0.5088201690232279,-2.5120945019806076
COD,"Congo, Dem. Rep.",Sub-Saharan Africa,Low income,2020,7,1,3,2.687016398877442,60.428,14.51049995,43.2528602500115,5.355,20.1,-1.7923980173413527,-1.480445753747496,-1.5089128754718113,-0.7898174087273099,-0.38257884897389105,-2.473533126318987
COD,"Congo, Dem. Rep.",Sub-Saharan Africa,Low income,2021,7,1,3,2.77505900231384,60.044,16.1595993,43.6290681792218,5.289,20.8,-1.6508735058834543,-1.5285768775251836,-1.451605918474973,-0.772929369524976,-0.39368808513823284,-2.4465401633558526
COD,"Congo, Dem. Rep.",Sub-Saharan Africa,Low income,2022,7,1,3,2.8374233923686663,60.979,17.99620056,44.003287663813,4.54,21.5,-1.550625563519334,-1.4113826047852414,-1.3877831843097093,-0.7561305919465251,-0.5197610834275038,-2.4195472003927185
COD,"Congo, Dem. Rep.",Sub-Saharan Africa,Low income,2023,7,1,3,2.819683448256457,61.895,18.96789932,44.3754734892194,4.469,22.1,-1.5791417230350455,-1.296569819940549,-1.3540162077760023,-0.7394231056816547,-0.5317119283921744,-2.396410374995746
COG,"Congo, Rep.",Sub-Saharan Africa,Lower middle income,2014,4,0,2,3.556451652999212,63.349,7.110000134,63.0075415618859,19.696,43.4,-0.3948200859624124,-1.1143233252198275,-1.7660836303512075,0.09697366217023809,2.0313235121294957,-1.5750530734032318
COG,"Congo, Rep.",Sub-Saharan Africa,Lower middle income,2015,4,0,2,3.3872744549323603,63.662,7.616000175,63.135592763847,20.02,44.3,-0.6667647964970524,-1.0750914456822853,-1.7484998973941936,0.10272190283907362,2.085859762390809,-1.5403478353077735
COG,"Congo, Rep.",Sub-Saharan Africa,Lower middle income,2016,4,0,2,3.3207914893730432,63.911,8.121899605,63.2515316469123,20.298,45.3,-0.7736331631038134,-1.0438814201076907,-1.7309196607154667,0.10792641941157535,2.1326532116890964,-1.501786459646153
COG,"Congo, Rep.",Sub-Saharan Africa,Lower middle income,2017,4,0,2,3.3447130808579617,64.203,8.649999619,63.3544545340423,20.737,46.2,-0.7351802844285004,-1.007281711401741,-1.712567943584338,0.11254664566868115,2.2065464643579746,-1.4670812215506945
COG,"Congo, Rep.",Sub-Saharan Africa,Lower middle income,2018,4,0,2,3.430467571307136,64.472,11.8071003,63.4434577481975,20.84,47.0,-0.5973338113297381,-0.9735648564637266,-1.602857250313641,0.11654201539132891,2.2238836056447506,-1.4362321210213982
COG,"Congo, Rep.",Sub-Saharan Africa,Lower middle income,2019,4,0,2,3.395924497765109,63.152,16.11639977,63.5176376123385,20.494,47.7,-0.6528602430398274,-1.139015594449526,-1.4531071219094376,0.11987196236046001,2.16564427666199,-1.409239158058264
COG,"Congo, Rep.",Sub-Saharan Africa,Lower middle income,2020,3,0,2,3.2996351215249375,64.391,21.99850082,63.5760904494257,22.286,48.7,-0.8076410695838816,-0.983717515385581,-1.2487014189277417,0.1224959203570085,2.4672768706998722,-1.3706777823966436
COG,"Congo, Rep.",Sub-Saharan Africa,Lower middle income,2021,3,0,2,3.400738694372301,64.192,30.02739906,63.6179125824196,21.998,49.7,-0.6451216392695821,-1.0086604675516238,-0.9696935312758117,0.12437332316191163,2.418800203800927,-1.332116406735023
COG,"Congo, Rep.",Sub-Saharan Africa,Lower middle income,2022,3,0,2,3.418440184110961,65.0,40.98669815,63.6422003342807,20.131,50.6,-0.6166672934238164,-0.9073845612694057,-0.5888528732122938,0.12546360455610728,2.104543477758111,-1.2974111686395648
COG,"Congo, Rep.",Sub-Saharan Africa,Lower middle income,2023,3,1,2,3.3940975261238067,65.772,43.15039825,63.6626757615625,19.919,51.3,-0.6557970174977696,-0.8106209478413461,-0.513663304685234,0.126382750038621,2.068859264624165,-1.2704182056764306
COL,Colombia,Latin America & Caribbean,Upper middle income,2014,4,6,5,3.913135837195258,75.95,52.568136539247,77.1058449419909,8.799,97.8,0.17853364215139783,0.4651045152037104,-0.18639258982541945,0.7298489465093894,0.19712129269266365,0.5226857625889177
COL,Colombia,Latin America & Caribbean,Upper middle income,2015,4,6,5,3.795776810135597,76.067,55.9049725142924,77.1636280538646,8.572,98.2,-0.010115697162964158,0.4797694669797233,-0.0704360128445177,0.7324428404249279,0.15891225315773097,0.5381103128535661
COL,Colombia,Latin America & Caribbean,Upper middle income,2016,3,5,5,3.7752347831146804,76.228,58.1364935728703,77.2036266362166,8.922,98.4,-0.043136078489946585,0.4999494433552642,0.007110365026204711,0.7342383837251881,0.21782486918075508,0.5458225879858902
COL,Colombia,Latin America & Caribbean,Upper middle income,2017,3,6,5,3.8115436599992423,76.418,62.2598803162841,77.2245191706503,9.086,98.5,0.01522880239848297,0.5237643223077673,0.1503999411127805,0.7351762532201057,0.24542963783154337,0.5496787255520521
COL,Colombia,Latin America & Caribbean,Upper middle income,2018,3,6,5,3.833591267016158,76.579,64.1263768204459,77.2804816598084,9.36,98.5,0.05066933561873015,0.5439442986833064,0.21526154869194147,0.737688419066121,0.2915498000895676,0.5496787255520521
COL,Colombia,Latin America & Caribbean,Upper middle income,2019,3,5,5,3.8110751086685783,76.793,65.0069007159493,77.4595528518377,10.28,99.4,0.014475627281244829,0.570767372871915,0.24586015696517985,0.7457269559394599,0.4464058193500875,0.5843839636475107
COL,Colombia,Latin America & Caribbean,Upper middle income,2020,1,4,4,3.727515809682673,74.757,69.79533474,77.6382533537045,15.983,99.7,-0.11984217461437552,0.31557214367563513,0.4122604303619713,0.7537488524671014,1.4063448170052453,0.5959523763459967
COL,Colombia,Latin America & Caribbean,Upper middle income,2021,2,5,5,3.7939733952430608,72.698,73.02837449,77.8339570326128,13.898,100.0,-0.013014605210435144,0.05749406071141946,0.5246100410281322,0.7625340245616451,1.0553939472680887,0.6075207890444827
COL,Colombia,Latin America & Caribbean,Upper middle income,2022,2,5,5,3.824805397262098,76.508,72.79637855,78.0464633137335,10.541,100.0,0.036546446515680134,0.5350450544431614,0.516548075957913,0.7720734683842191,0.4903377987272569,0.6075207890444827
COL,Colombia,Latin America & Caribbean,Upper middle income,2023,2,5,5,3.845149941618462,77.725,77.33686322,78.275571579544,9.591,98.7,0.06924938337224361,0.6875856212073422,0.6743319958463622,0.7823581781794339,0.33043212666476335,0.5573910006843763
COM,Comoros,Sub-Saharan Africa,Lower middle income,2014,9,4,3,3.2083653580965787,64.143,6.980000019,30.0302906552932,3.984,71.8,-0.9543530950796707,-1.0148021994920047,-1.7706011938320791,-1.3833808515285557,-0.6133479820240789,-0.4799100046132126
COM,Comoros,Sub-Saharan Africa,Lower middle income,2015,9,4,3,3.123646031373166,64.473,7.459199905,30.3732008585112,4.031,74.1,-1.0905355892086015,-0.9734395149955549,-1.7539487785243588,-1.36798755302211,-0.6054368593009872,-0.39121884059148576
COM,Comoros,Sub-Saharan Africa,Lower middle income,2016,9,4,3,3.1352866266339467,64.792,7.938300133,30.7305018169792,4.117,76.4,-1.071823857693856,-0.9334555866489862,-1.7372998263777393,-1.3519482510161547,-0.5909611879353299,-0.30252767656975843
COM,Comoros,Sub-Saharan Africa,Lower middle income,2017,9,4,3,3.153487054890627,65.127,8.478199959,31.0996559689293,4.049,78.7,-1.042567490698621,-0.8914661948116817,-1.7185380603803282,-1.3353768570986364,-0.602407067619803,-0.21383651254803163
COM,Comoros,Sub-Saharan Africa,Lower middle income,2019,9,4,3,3.1790437204055015,65.662,16.38380051,31.7287584068243,3.926,83.3,-1.001486304314822,-0.8244085093401627,-1.4438148238389164,-1.3071363395323101,-0.6231106441078943,-0.03645418450457803
COM,Comoros,Sub-Saharan Africa,Lower middle income,2020,8,5,1,3.181656874206127,65.756,22.42040062,32.0638072194881,4.468,85.6,-0.9972857775179854,-0.8126264113320838,-1.2340402078275285,-1.2920959402115433,-0.5318802501522403,0.05223697951714877
COM,Comoros,Sub-Saharan Africa,Lower middle income,2021,8,5,1,3.1917228223016347,65.201,30.68120003,32.4124444313246,4.394,87.9,-0.981105220253951,-0.8821909261670233,-0.9469736484062434,-1.2764455552947596,-0.5443360603971081,0.14092814353887612
COM,Comoros,Sub-Saharan Africa,Lower middle income,2022,8,5,1,3.165979789984208,66.481,31.37409973,32.7746035528748,3.879,89.9,-1.0224859828616881,-0.7217538469080654,-0.9228950667786282,-1.2601881695053079,-0.6310217668309861,0.2180508948621169
COM,Comoros,Sub-Saharan Africa,Lower middle income,2023,8,5,1,3.193200811675931,66.777,31.92749977,33.1502180946901,3.833,89.8,-0.9787294190398451,-0.6846527723294306,-0.9036641621673756,-1.243326767566069,-0.638764567794012,0.21419475729595455
CPV,Cabo Verde,Sub-Saharan Africa,Upper middle income,2014,3,3,4,3.600494480088266,73.788,40.25999832,65.8085112712742,11.689,85.3,-0.32402322917130366,0.19411626101787616,-0.6141060248234564,0.22270967830363947,0.6835711792827751,0.040668566818662766
CPV,Cabo Verde,Sub-Saharan Africa,Upper middle income,2015,3,3,4,3.53339867751006,74.096,42.6830141582781,66.9045094767116,11.923,86.4,-0.43187670362717767,0.23272143321456376,-0.5299051157351949,0.27190922786647675,0.7229584711381682,0.08308608004644552
CPV,Cabo Verde,Sub-Saharan Africa,Upper middle income,2016,3,3,4,3.557382796898294,74.35,50.3228178676892,68.0354078358316,12.085,87.5,-0.39332331416931365,0.26455816613001204,-0.2644184410606169,0.3226754513821907,0.7502265962688252,0.12550359327422775
CPV,Cabo Verde,Sub-Saharan Africa,Upper middle income,2017,3,4,5,3.590295081209833,74.71,57.1621463484891,69.1999988159713,12.24,88.6,-0.3404183025459482,0.3096810946715938,-0.026748646856616112,0.37495414250007403,0.7763164690790213,0.16792110650200995
CPV,Cabo Verde,Sub-Saharan Africa,Upper middle income,2018,3,4,5,3.6329596392303976,74.84,59.5,70.3970748844677,12.17,90.2,-0.27183695107796824,0.32597548553383293,0.05449283727351618,0.42869109486941726,0.7645339458744165,0.22961930756060292
CPV,Cabo Verde,Sub-Saharan Africa,Upper middle income,2019,3,4,5,3.641551560049451,75.449,61.9433977593088,71.6254285086577,12.123,91.4,-0.25802582613457753,0.40230843965000834,0.13940202744382377,0.4838321021395054,0.7566228231513247,0.2758929583545475
CPV,Cabo Verde,Sub-Saharan Africa,Upper middle income,2020,2,4,4,3.5489083708884555,73.818,69.37339783,72.8838521558784,14.65,93.7,-0.4069455715097036,0.19787650506300813,0.39759792967227736,0.5403229579596316,1.181971910837557,0.3645841223762743
CPV,Cabo Verde,Sub-Saharan Africa,Upper middle income,2021,2,4,4,3.598948453152077,74.424,70.28250122,74.1607930892827,13.932,95.5,-0.32650839769546,0.2738334347746721,0.42918968845649486,0.5976450579686989,1.0611168871103254,0.4339945985671909
CPV,Cabo Verde,Sub-Saharan Africa,Upper middle income,2022,2,5,5,3.635816741117073,75.907,73.32740021,75.033738060849,12.239,97.1,-0.26724428874274647,0.459714832072354,0.5350013216244093,0.6368317091704365,0.7761481473189557,0.49569279962578333
CPV,Cabo Verde,Sub-Saharan Africa,Upper middle income,2023,2,5,5,3.6807796646015407,76.059,74.59919739,75.9064245753376,11.882,98.6,-0.19496841852208635,0.4787667352343553,0.5791968555702329,0.6760067581891219,0.7160572789754711,0.5535348631182139
CRI,Costa Rica,Latin America & Caribbean,High income,2014,3,6,5,4.037884372553769,80.231,53.0,74.4866963181212,8.499,99.4,0.3790612825505786,1.0016913404440206,-0.1713851369549311,0.6122749104450809,0.1466247646729291,0.5843839636475107
CRI,Costa Rica,Latin America & Caribbean,High income,2015,3,6,5,4.0687315641909985,80.407,59.7629501371681,75.0198195767549,8.415,99.4,0.4286467509023951,1.0237514388421276,0.06363047485915035,0.6362069060050388,0.1324857368274031,0.5843839636475107
CRI,Costa Rica,Latin America & Caribbean,High income,2016,3,7,0,4.082463304501067,79.988,65.8804491942718,75.5423088085047,8.085,99.5,0.4507199037056632,0.9712333636784535,0.2762163662996152,0.6596615382535143,0.07693955600569519,0.5882401012136725
CRI,Costa Rica,Latin America & Caribbean,High income,2017,3,7,0,4.0905081245624615,79.994,71.5816646195022,76.0539254265608,7.729,99.6,0.46365158887303876,0.9719854124874798,0.4743362110520796,0.6826280969872273,0.017017009422276495,0.5920962387798343
CRI,Costa Rica,Latin America & Caribbean,High income,2018,2,6,0,4.100034332370515,80.09,73.4797284369906,76.5544308439668,9.01,99.7,0.47896453798471667,0.9840181934319021,0.5402947972137091,0.7050958719963185,0.23263718406654382,0.5959523763459967
CRI,Costa Rica,Latin America & Caribbean,High income,2019,1,5,0,4.1100738390907186,80.296,81.2025964435269,77.0435864735963,10.807,99.7,0.49510259193130973,1.0098385358751412,0.8086679942214179,0.7270541530632966,0.535111386904755,0.5959523763459967
CRI,Costa Rica,Latin America & Caribbean,High income,2020,0,5,0,4.0932132227140725,79.725,80.53018608,77.5211537281257,16.432,99.9,0.4679999120644239,0.9382685575494638,0.7853014264116221,0.7484922299618165,1.4819212872747813,0.6036646514783208
CRI,Costa Rica,Latin America & Caribbean,High income,2021,1,5,0,4.108501381259976,78.05,82.74901607,77.9868940200009,15.139,100.0,0.49257493693704607,0.7283215983629373,0.8624067838421647,0.7693993924551893,1.2642812515097246,0.6075207890444827
CRI,Costa Rica,Latin America & Caribbean,High income,2022,1,5,0,4.134365224407344,79.316,82.59801121,78.4405687613972,11.325,100.0,0.5341498975014419,0.8870038970675009,0.8571592958613262,0.7897649302945754,0.6223020586188301,0.6075207890444827
CRI,Costa Rica,Latin America & Caribbean,High income,2023,2,8,0,4.228965364706972,80.799,85.39514799,78.8819393641702,8.325,100.0,0.6862153535101929,1.0728852943651848,0.9543610788622928,0.8095781332167854,0.11733677842148273,0.6075207890444827
CUB,Cuba,Latin America & Caribbean,Upper middle income,2014,5,6,5,3.8541058308822667,77.825,29.0701843656523,76.8442459106445,2.7,98.7,0.08364557116383496,0.7001197680244494,-1.002957179900575,0.7181057206131566,-0.8294731219485436,0.5573910006843763
CUB,Cuba,Latin America & Caribbean,Upper middle income,2015,5,6,5,3.8880626160130243,77.745,37.3050974155373,76.8702850341797,2.4,99.0,0.13822957071335945,0.6900924505707647,-0.7167901833382014,0.7192746213856096,-0.8799696499682783,0.5689594133828623
CUB,Cuba,Latin America & Caribbean,Upper middle income,2016,5,6,5,3.909050774133705,77.571,42.9786751910106,76.9115829467773,2.0,99.2,0.17196708764828536,0.6682830351089993,-0.5196307595610552,0.7211284918459873,-0.9472983539945914,0.5766716885151865
CUB,Cuba,Latin America & Caribbean,Upper middle income,2017,5,7,5,3.9350338332524983,77.3,57.1484043170788,76.9603271484375,1.7,99.4,0.21373368250625535,0.6343154972346418,-0.02722618873611501,0.7233166275140788,-0.9977948820143261,0.5843839636475107
CUB,Cuba,Latin America & Caribbean,Upper middle income,2018,5,7,5,3.9499489624537167,77.426,62.6789236230601,77.0156326293945,1.7,99.6,0.2377090795429724,0.650108522224196,0.16496188776640414,0.7257993001479767,-0.9977948820143261,0.5920962387798343
CUB,Cuba,Latin America & Caribbean,Upper middle income,2019,4,8,5,3.96530808117357,77.413,67.9708086565152,77.0728225708008,1.705,99.8,0.2623981696926221,0.6484790831379715,0.348857314105893,0.728366566538337,-0.9969532732139972,0.5998085139121585
CUB,Cuba,Latin America & Caribbean,Upper middle income,2020,4,8,5,3.982509990710512,77.407,71.11907507,77.1080322265625,2.233,99.9,0.2900494629113352,0.6477270343289452,0.4582610125381089,0.7299471340932329,-0.908079383899264,0.6036646514783208
CYP,Cyprus,Europe & Central Asia,High income,2014,0,5,0,4.431252820170593,81.337,69.3286967086473,67.1230558819804,16.277,100.0,1.0113833084677246,1.140319004241215,0.39604454525121763,0.2817198139098286,1.4558314144645854,0.6075207890444827
CYP,Cyprus,Europe & Central Asia,High income,2015,0,5,0,4.363394616697538,81.464,71.7157409175171,67.0402477918073,15.026,100.0,0.9023043089822935,1.156237370698939,0.4789954237578724,0.2780025443773939,1.2452608926222912,0.6075207890444827
CYP,Cyprus,Europe & Central Asia,High income,2016,0,5,0,4.3852496955285165,81.534,75.9002054030125,66.9625604106231,13.006,100.0,0.9374353618328889,1.1650112734709144,0.624407479329347,0.2745151443597507,0.9052509372894108,0.6075207890444827
CYP,Cyprus,Europe & Central Asia,High income,2017,0,5,0,4.419087104159182,81.543,80.743188971932,66.8907450570326,11.155,100.0,0.9918274690462524,1.1661393466844538,0.7927033743707611,0.27129134067939875,0.5936873594076472,0.6075207890444827
CYP,Cyprus,Europe & Central Asia,High income,2018,4,11,0,4.46419696333956,81.556,84.4335825186889,66.8255530496405,8.504,100.0,1.064339531766542,1.1677687857706764,0.9209462387472506,0.2683648601588322,0.14746637347325783,0.6075207890444827
CYP,Cyprus,Europe & Central Asia,High income,2019,4,11,0,4.465786822535314,81.454,86.0636299618935,66.7677357070518,7.155,100.0,1.0668951586696973,1.154983956017228,0.9775911332652991,0.2657694296205592,-0.07959968085548262,0.6075207890444827
CYP,Cyprus,Europe & Central Asia,High income,2020,4,11,0,4.449175009079347,81.23,90.80194644,66.7180443478713,7.755,100.0,1.0401924182687527,1.1269074671469115,1.1422497990080633,0.26353877588707975,0.021393375183986808,0.6075207890444827
CYP,Cyprus,Europe & Central Asia,High income,2021,4,11,0,4.517695113513097,80.573,90.75951564,66.6718365394971,7.513,100.0,1.1503353936753806,1.0445581225585232,1.1407753092928494,0.26146449935357985,-0.019340490751932553,0.6075207890444827
CYP,Cyprus,Europe & Central Asia,High income,2022,4,11,0,4.521543971987852,80.434,89.60099194,66.6694829407584,6.806,100.0,1.1565222599656735,1.0271356584827462,1.1005160806079808,0.2613588458979255,-0.13834397511844074,0.6075207890444827
CYP,Cyprus,Europe & Central Asia,High income,2023,4,11,0,4.563762115950624,81.648,91.22110357,66.6739477522639,5.835,100.0,1.224386020983449,1.179300200842414,1.1568157010708033,0.26155927206090984,-0.30178440414231555,0.6075207890444827
CZE,Czechia,Europe & Central Asia,High income,2014,4,9,0,4.3018633952630525,78.8243902439024,74.2317116367383,73.0995921041469,6.108,100.0,0.8033956475725463,0.8253848084710104,0.566426557492607,0.5500075616614083,-0.25583256364435697,0.6075207890444827
CZE,Czechia,Europe & Central Asia,High income,2015,4,9,0,4.25361901263888,78.5780487804878,75.668838699279,73.0370442874355,5.048,100.0,0.7258449798846427,0.7945080077752174,0.6163673805073102,0.5471997793191817,-0.43425362931408634,0.6075207890444827
CZE,Czechia,Europe & Central Asia,High income,2016,4,9,0,4.273093186190955,79.0268292682927,76.4811986951838,72.9745753395623,3.952,100.0,0.7571488349551577,0.8507588130032079,0.6445972620794962,0.5443955374127826,-0.618734278346184,0.6075207890444827
CZE,Czechia,Europe & Central Asia,High income,2017,4,9,0,4.320420441610215,78.9780487804878,78.7191728513432,72.9121853567256,2.893,100.0,0.833225262053234,0.8446445950436406,0.7223678880439429,0.5415948402605696,-0.7969870222558477,0.6075207890444827
CZE,Czechia,Europe & Central Asia,High income,2018,3,9,0,4.374857052276066,79.0292682926829,80.6881675434288,72.8498744351241,2.246,100.0,0.9207296568485759,0.8510645239011805,0.7907913545539215,0.5387976921809192,-0.9058912010184088,0.6075207890444827
CZE,Czechia,Europe & Central Asia,High income,2019,3,9,0,4.381344699502475,79.2292682926829,80.8669444139622,72.7876426709563,2.015,100.0,0.9311582569625201,0.876132817535393,0.7970039326085346,0.5360040974921997,-0.9447735275936046,0.6075207890444827
CZE,Czechia,Europe & Central Asia,High income,2020,4,9,0,4.370566592149873,78.2268292682927,81.33889705,72.7254901604208,2.55,100.0,0.9138329358341001,0.7504856384663596,0.8134045026639182,0.5332140605127819,-0.8547213859584111,0.6075207890444827
CZE,Czechia,Europe & Central Asia,High income,2021,3,9,0,4.442424294243732,77.2219512195122,82.67062427,72.6810594374316,2.803,100.0,1.0293409488458594,0.6245327484993413,0.8596826329221463,0.5312195576504822,-0.8121359806617681,0.6075207890444827
CZE,Czechia,Europe & Central Asia,High income,2022,3,9,0,4.451513552590681,78.9292682926829,84.54009378,72.6967638379524,2.224,100.0,1.04395152141935,0.8385303770840751,0.9246475538145538,0.531924530914074,-0.9095942797398561,0.6075207890444827
CZE,Czechia,Europe & Central Asia,High income,2023,3,10,0,4.501902295587322,79.8268292682927,85.99404818,72.7352388396817,2.579,100.0,1.1249491516260581,0.9510319875400562,0.975173134505713,0.5336516804158885,-0.8498400549165033,0.6075207890444827
DEU,Germany,Europe & Central Asia,High income,2014,2,9,0,4.689837853162247,81.090243902439,86.1937006578756,80.57574023743,4.979,100.0,1.4270470784618217,1.1093902326927572,0.9821111494675946,0.8856131482378778,-0.44586783075862535,0.6075207890444827
DEU,Germany,Europe & Central Asia,High income,2015,2,9,0,4.622522323861236,80.6414634146341,87.5897993525767,80.6974371632814,4.612,100.0,1.3188404032158119,1.0531394274647667,1.030626217926374,0.891076144349885,-0.5076419167027675,0.6075207890444827
DEU,Germany,Europe & Central Asia,High income,2016,2,9,0,4.632952431438411,80.990243902439,84.1652066441212,80.8347870684725,4.104,100.0,1.3356063304112675,1.0968560858756518,0.9116200543043061,0.8972418054197433,-0.593149370816185,0.6075207890444827
DEU,Germany,Europe & Central Asia,High income,2017,2,10,0,4.658525889665831,80.9926829268293,84.3941537010844,80.9842544038853,3.781,100.0,1.3767145103225893,1.097161796773637,0.9195760692939083,0.9039514200342424,-0.6475172993174327,0.6075207890444827
DEU,Germany,Europe & Central Asia,High income,2018,2,10,0,4.689452433759709,80.8926829268293,87.037112092841,81.1423036204018,3.384,100.0,1.4264275341671098,1.0846276499565297,1.0114200827554551,0.9110462767801694,-0.7143410380635484,0.6075207890444827
DEU,Germany,Europe & Central Asia,High income,2019,2,10,0,4.678119407337728,81.2926829268293,88.1345169091916,81.3053991689039,3.163,100.0,1.4082102056794412,1.1347642372249547,1.0495554022671192,0.9183676642443074,-0.7515401470380864,0.6075207890444827
DEU,Germany,Europe & Central Asia,High income,2020,2,10,0,4.675731367990736,81.0414634146342,89.81294133,81.4700055002738,3.881,100.0,1.404371540206886,1.1032760147332024,1.1078814188929276,0.9257568710134535,-0.6306851233108546,0.6075207890444827
DEU,Germany,Europe & Central Asia,High income,2021,2,10,0,4.7189104307972904,80.790243902439,91.43060973,81.6325870653934,3.594,100.0,1.473779934897554,1.0717877922414394,1.1640961359952928,0.9330551856743913,-0.6789934684497342,0.6075207890444827
DEU,Germany,Europe & Central Asia,High income,2022,2,10,0,4.703347428278516,80.6080487804878,91.62984383,81.7867852780995,3.137,100.0,1.4487631107428849,1.048951188162471,1.1710196121345586,0.939977170191243,-0.7559165127997967,0.6075207890444827
DEU,Germany,Europe & Central Asia,High income,2023,2,10,0,4.738596394618736,81.0414634146342,92.4763763,81.9034366692129,3.071,100.0,1.5054242332674972,1.1032760147332024,1.2004370028179745,0.9452136713736212,-0.7670257489641384,0.6075207890444827
DJI,Djibouti,"Middle East, North Africa, Afghanistan & Pakistan",Lower middle income,2014,3,0,2,3.345299382670869,62.427,17.0,70.8899032189478,26.16,58.9,-0.7342378307254073,-1.2298881588735453,-1.422401609604793,0.4508142442942353,3.119355369194714,-0.9773517506481156
DJI,Djibouti,"Middle East, North Africa, Afghanistan & Pakistan",Lower middle income,2015,3,0,2,3.375869383706104,62.833,22.89999962,71.0068853915837,26.063,59.1,-0.6850979337560442,-1.1789995227960948,-1.217373923125684,0.45606559431653887,3.103028158468333,-0.9696394755157914
DJI,Djibouti,"Middle East, North Africa, Afghanistan & Pakistan",Lower middle income,2016,3,0,2,3.3997481174744077,63.335,30.79999924,71.1492236341041,25.982,59.8,-0.6467139469259214,-1.116078105774222,-0.9428453214993604,0.462455182714428,3.0893940959030037,-0.9426465125526573
DJI,Djibouti,"Middle East, North Africa, Afghanistan & Pakistan",Lower middle income,2017,2,0,2,3.4181280713247535,63.71,55.6814092453962,71.318261933957,26.064,60.2,-0.6171690006412739,-1.069075055210074,-0.07820493873531205,0.4700433413175814,3.103196480228398,-0.9272219622880089
DJI,Djibouti,"Middle East, North Africa, Afghanistan & Pakistan",Lower middle income,2018,2,0,2,3.4342627763071714,64.105,57.06169891,71.5153442785902,26.18,62.4,-0.5912331905785515,-1.0195651752825046,-0.030239241306209298,0.47889040195567045,3.1227218043960288,-0.8423869358324443
DJI,Djibouti,"Middle East, North Africa, Afghanistan & Pakistan",Lower middle income,2019,2,0,2,3.452885209517167,64.381,58.4762001,71.7418146554518,26.257,64.7,-0.5612984696669205,-0.9849709300672923,0.0189153222847028,0.489056696458379,3.135682579921095,-0.7536957718107172
DJI,Djibouti,"Middle East, North Africa, Afghanistan & Pakistan",Lower middle income,2020,2,0,2,3.4540651896433667,64.2,59.92570114,71.9990170519895,27.701,64.5,-0.5594017048692838,-1.007657735806254,0.06928614667812247,0.5006025566553732,3.378739201456084,-0.7614080469430413
DJI,Djibouti,"Middle East, North Africa, Afghanistan & Pakistan",Lower middle income,2021,2,0,2,3.4808561880423032,63.83,61.41120148,72.2882954556515,27.628,65.4,-0.5163363840826504,-1.054034079029547,0.12090796321887169,0.5135883143763422,3.366451712971282,-0.7267028088475828
DJI,Djibouti,"Middle East, North Africa, Afghanistan & Pakistan",Lower middle income,2022,2,0,2,3.4959961291693555,65.54,63.77600098,72.6109938538856,26.272,65.0,-0.4919996120214369,-0.8397001684570321,0.20308582791370927,0.5280743014509571,3.138207406322081,-0.7421273591122312
DJI,Djibouti,"Middle East, North Africa, Afghanistan & Pakistan",Lower middle income,2023,2,0,2,3.529083421562867,65.987,64.75869751,72.8408245988921,26.074,65.2,-0.4388132828048198,-0.7836725321845693,0.23723498198720555,0.5383914434626069,3.1048796978290567,-0.734415083979907
DNK,Denmark,Europe & Central Asia,High income,2014,0,8,0,4.796022102026576,80.7,95.9935053764454,87.6823985731907,6.925,100.0,1.5977334661707459,1.0604764890162492,1.3226588475698908,1.2046322737088646,-0.11831368567061266,0.6075207890444827
DNK,Denmark,Europe & Central Asia,High income,2015,1,9,0,4.725045554773319,80.7024390243902,96.3305016195436,87.7254056577329,6.278,100.0,1.4836418697966993,1.0607821999142217,1.33436962121814,1.2065628691943227,-0.227217864433174,0.6075207890444827
DNK,Denmark,Europe & Central Asia,High income,2016,1,9,0,4.736403881562679,80.8536585365854,96.9677852516645,87.6999969482422,5.989,100.0,1.5018998674830653,1.0797362755888795,1.3565155190385114,1.2054222678176838,-0.27586285309218506,0.6075207890444827
DNK,Denmark,Europe & Central Asia,High income,2017,1,9,0,4.759830591534489,81.1024390243903,97.0993621555621,88.0161943799509,5.833,100.0,1.5395572464612026,1.1109187871826594,1.361087876655072,1.2196164253772626,-0.3021210476624471,0.6075207890444827
DNK,Denmark,Europe & Central Asia,High income,2018,1,9,0,4.787635903295452,80.9536585365854,97.3192043651002,88.1059762310689,5.131,100.0,1.5842530301989874,1.0922704224059847,1.3687274940305139,1.2236467482482385,-0.42028292322862637,0.6075207890444827
DNK,Denmark,Europe & Central Asia,High income,2019,1,9,0,4.773817636475653,81.4512195121951,98.0464347521549,88.2096490810669,5.018,100.0,1.562040789936469,1.1546354455935302,1.3939990827420958,1.228300640468584,-0.4393032821160599,0.6075207890444827
DNK,Denmark,Europe & Central Asia,High income,2020,1,9,0,4.785226507338684,81.6024390243903,96.54914573,88.2394485473632,5.644,100.0,1.5803800349400894,1.1735895212681897,1.3419676041022746,1.2296383436798821,-0.33393386031488,0.6075207890444827
DNK,Denmark,Europe & Central Asia,High income,2021,0,9,0,4.840988431348877,81.4048780487805,98.8658506,88.2616449318149,5.065,100.0,1.6700148111220092,1.1488269385319496,1.4224741583977787,1.2306347432282843,-0.431392159392968,0.6075207890444827
DNK,Denmark,Europe & Central Asia,High income,2022,0,9,0,4.831108574757052,81.3048780487805,97.86011812,88.3880239837703,4.434,100.0,1.654133387551406,1.1362927917148427,1.3875244945211396,1.236307920793299,-0.5376031899944768,0.6075207890444827
DNK,Denmark,Europe & Central Asia,High income,2023,0,9,0,4.832786942666073,81.7536585365854,98.77559197,88.552638542867,5.094,100.0,1.656831288216535,1.1925435969428348,1.4193376297053115,1.2436974969065289,-0.4265108283510603,0.6075207890444827
DOM,Dominican Republic,Latin America & Caribbean,Upper middle income,2014,4,6,5,3.8126762118679967,73.145,49.58000183,74.1931533822153,6.719,98.5,0.0170493284128231,0.11352169698388398,-0.2902316382633306,0.5990977171319224,-0.15298796824416377,0.5496787255520521
DOM,Dominican Republic,Latin America & Caribbean,Upper middle income,2015,4,6,5,3.832569779535656,72.982,54.2157663369785,74.1372305958285,7.605,98.6,0.04902734059591343,0.09309103767200148,-0.1291367004423399,0.596587333550198,-0.0038548888258804763,0.5535348631182139
DOM,Dominican Republic,Latin America & Caribbean,Upper middle income,2016,4,6,5,3.854939831875191,72.889,63.8708647408206,74.0506780735522,7.284,98.9,0.08498619011956887,0.08143428113209238,0.20638238700937842,0.5927019758111116,-0.05788617380699676,0.5651032758167005
DOM,Dominican Republic,Latin America & Caribbean,Upper middle income,2017,5,8,5,3.869977344858873,73.37,67.5712453277737,73.926806252977,5.832,100.0,0.10915831356313359,0.14172352732237373,0.3349723056024919,0.5871413482976784,-0.30228936942251294,0.6075207890444827
DOM,Dominican Republic,Latin America & Caribbean,Upper middle income,2018,5,8,5,3.8966905467877773,73.555,74.8220483597284,73.7589255716938,5.861,98.9,0.15209858003532462,0.16491169893402025,0.5869410287390168,0.5796051553929283,-0.29740803838060526,0.5651032758167005
DOM,Dominican Republic,Latin America & Caribbean,Upper middle income,2019,5,8,5,3.9129134128649445,73.112,79.71549988,73.5403464672933,6.356,99.0,0.17817610507894283,0.10938542853423881,0.756990708182719,0.5697931014798832,-0.2140887671480429,0.5689594133828623
DOM,Dominican Republic,Latin America & Caribbean,Upper middle income,2020,5,8,5,3.8534075345651035,72.636,81.61730194,73.2643793773663,6.126,100.0,0.08252309134972143,0.04972288968481398,0.8230791999821482,0.5574048909415664,-0.2528027719631728,0.6075207890444827
DOM,Dominican Republic,Latin America & Caribbean,Upper middle income,2021,6,9,5,3.9308001075863492,71.757,85.24298638,72.9243347395035,7.702,98.1,0.2069281595757418,-0.06045226083754729,0.9490733932896562,0.5421402281609998,0.012472321900500346,0.5342541752874037
DOM,Dominican Republic,Latin America & Caribbean,Upper middle income,2022,5,9,5,4.004503865317435,74.211,81.51269675,72.4203155643711,5.504,98.1,0.32540362370758724,0.2471357020542351,0.819444121765074,0.5195147199580457,-0.3574989067240896,0.5342541752874037
DOM,Dominican Republic,Latin America & Caribbean,Upper middle income,2023,5,9,5,4.026550903296094,73.72,86.12689972,72.3577991823338,5.555,99.6,0.3608432422245191,0.1855930411822443,0.9797897863100715,0.5167083487237923,-0.3489144969607347,0.5920962387798343
DZA,Algeria,"Middle East, North Africa, Afghanistan & Pakistan",Upper middle income,2014,4,4,5,3.784951900138986,74.992,29.5,69.5468765157615,10.207,99.3,-0.027516251429317618,0.3450273886958343,-0.988020889934702,0.39052554261587985,0.4341183308652856,0.5805278260813483
DZA,Algeria,"Middle East, North Africa, Afghanistan & Pakistan",Upper middle income,2015,3,4,5,3.6707150669558883,75.159,38.20000076,70.1433070861612,11.206,99.4,-0.21114680499892705,0.3659594138804017,-0.685691882633971,0.41729941438281465,0.6022717691710021,0.5843839636475107
DZA,Algeria,"Middle East, North Africa, Afghanistan & Pakistan",Upper middle income,2016,3,4,5,3.6459118313360426,75.31,42.94549942,70.7353778263851,10.202,99.4,-0.25101688683049894,0.3848859755742314,-0.520783632784031,0.4438775726168662,0.43327672206495654,0.5843839636475107
DZA,Algeria,"Middle East, North Africa, Afghanistan & Pakistan",Upper middle income,2017,3,4,5,3.658456681858726,75.431,47.69110107,71.3227912436551,12.0,99.5,-0.23085160579337358,0.4000522932229291,-0.3558718039844651,0.47024666281562,0.7359192466632335,0.5882401012136725
DZA,Algeria,"Middle East, North Africa, Afghanistan & Pakistan",Upper middle income,2018,3,4,5,3.6606008657750086,75.555,49.0384680793271,71.905249845153,12.112,99.6,-0.2274049269199235,0.4155946352761419,-0.30905018389076555,0.49639333047486117,0.7547712837906011,0.5920962387798343
DZA,Algeria,"Middle East, North Africa, Afghanistan & Pakistan",Upper middle income,2019,3,4,5,3.650157235013774,75.682,55.79069901,72.4824561380175,12.302,99.5,-0.24419259202342267,0.431513001733866,-0.07440706940721838,0.5223042210884414,0.7867524182030997,0.5882401012136725
DZA,Algeria,"Middle East, North Africa, Afghanistan & Pakistan",Upper middle income,2020,2,4,4,3.5732827044460853,73.257,63.47269821,73.0541126293395,14.08,99.7,-0.36776493038580277,0.12755994141904392,0.19254591787286665,0.5479659801480652,1.086028507600061,0.5959523763459967
DZA,Algeria,"Middle East, North Africa, Afghanistan & Pakistan",Upper middle income,2021,2,4,4,3.619151712936137,75.208,72.21240234,73.6199218261573,13.656,99.8,-0.2940325694123762,0.3721011458207827,0.4962546354483119,0.573365253143076,1.0146600813321693,0.5998085139121585
DZA,Algeria,"Middle East, North Africa, Afghanistan & Pakistan",Upper middle income,2022,2,5,5,3.695508236229217,76.129,74.78150177,74.1795862354514,12.382,100.0,-0.1712929043650641,0.4875406380063305,0.5855320161929058,0.5984886855602233,0.8002181590083624,0.6075207890444827
DZA,Algeria,"Middle East, North Africa, Afghanistan & Pakistan",Upper middle income,2023,2,5,5,3.730012879992257,76.261,76.19760132,74.732808364138,11.645,100.0,-0.11582824679027111,0.5040857118049094,0.6347421235251851,0.6233229228833694,0.6761650218398806,0.6075207890444827
ECU,Ecuador,Latin America & Caribbean,Upper middle income,2014,5,6,5,3.8065733610914374,76.141,45.5903906666095,62.9232432195799,3.48,99.0,0.007239271225259976,0.4890447356243833,-0.4288724517319221,0.09318949496104649,-0.6981821490972332,0.5689594133828623
ECU,Ecuador,Latin America & Caribbean,Upper middle income,2015,5,6,5,3.776422193134953,76.222,48.9404337892669,62.959188676731,3.616,98.8,-0.04122737047291593,0.49919739454623785,-0.3124569203282614,0.09480309276795043,-0.6752903897282869,0.5612471382505381
ECU,Ecuador,Latin America & Caribbean,Upper middle income,2016,5,6,5,3.7721483734327577,76.094,54.0629247288864,62.9913367571804,4.597,98.7,-0.04809734275683747,0.483153686620342,-0.13444801625982622,0.09624622567599102,-0.5101667431037542,0.5573910006843763
ECU,Ecuador,Latin America & Caribbean,Upper middle income,2017,5,6,5,3.794719593401718,76.22,55.79999924,63.0194591842425,3.836,99.2,-0.011815125348040334,0.4989467116098963,-0.07408388215917855,0.09750864630515339,-0.6382596025138147,0.5766716885151865
ECU,Ecuador,Latin America & Caribbean,Upper middle income,2018,5,6,5,3.7996106150110225,77.248,57.5,63.0433276812321,3.53,98.7,-0.003953028854189319,0.6277977408897475,-0.015008077873698369,0.09858010727543992,-0.6897660610939443,0.5573910006843763
ECU,Ecuador,Latin America & Caribbean,Upper middle income,2019,5,6,5,3.7927458209729044,77.286,59.2,63.0627139714638,3.812,99.1,-0.014987875446448506,0.6325607166802474,0.0440677000014341,0.09945036120684438,-0.6422993247553935,0.5728155509490241
ECU,Ecuador,Latin America & Caribbean,Upper middle income,2020,6,8,5,3.7374824855330546,72.004,70.7,63.0773897782521,6.116,98.9,-0.10382119300399541,-0.02949291819929529,0.44369796209791773,0.1001091607193557,-0.25448598956383073,0.5651032758167005
ECU,Ecuador,Latin America & Caribbean,Upper middle income,2021,6,8,5,3.782567463568627,72.746,69.1147995,63.0871268249117,4.504,100.0,-0.03134912560103839,0.0635104511836306,0.3886115193770067,0.10054625843297244,-0.5258206667898722,0.6075207890444827
ECU,Ecuador,Latin America & Caribbean,Upper middle income,2022,5,8,5,3.8139534337514887,76.577,69.71811356,63.0901835932266,3.713,100.0,0.019102404946561926,0.543693615746965,0.40957695902259755,0.10068347729288012,-0.6589631790019059,0.6075207890444827
ECU,Ecuador,Latin America & Caribbean,Upper middle income,2023,5,8,5,3.8285211761768188,77.392,72.6943146,63.1307729554263,3.51,98.7,0.04251939341940637,0.6458469123063791,0.5130013069936431,0.10250554080298532,-0.6931324962952599,0.5573910006843763
EGY,"Egypt, Arab Rep.","Middle East, North Africa, Afghanistan & Pakistan",Lower middle income,2014,9,6,1,3.496014594813101,69.911,33.8946039115275,42.6825522284408,13.105,99.8,-0.49196992933251293,-0.29183261108132597,-0.8353063931543572,-0.8154186347458814,0.9219147915359233,0.5998085139121585
EGY,"Egypt, Arab Rep.","Middle East, North Africa, Afghanistan & Pakistan",Lower middle income,2015,3,3,4,3.519431777742531,70.135,37.8193834276939,42.6056314089048,13.052,99.3,-0.45432786464502467,-0.2637561222110079,-0.6989185090920537,-0.8188716236781626,0.9129937382524366,0.5805278260813483
EGY,"Egypt, Arab Rep.","Middle East, North Africa, Afghanistan & Pakistan",Lower middle income,2016,3,3,4,3.514631253593699,70.437,41.2480670885772,42.5210717266225,12.45,100.0,-0.4620444905555256,-0.22590299882334847,-0.5797701830012081,-0.8226675224842244,0.8116640386928355,0.6075207890444827
EGY,"Egypt, Arab Rep.","Middle East, North Africa, Afghanistan & Pakistan",Lower middle income,2017,9,6,1,3.379324255112336,70.709,44.9502042452857,42.4486008687179,11.767,100.0,-0.6795443838968549,-0.19181011948081925,-0.45111922280533445,-0.8259207518669459,0.6967002765679061,0.6075207890444827
EGY,"Egypt, Arab Rep.","Middle East, North Africa, Afghanistan & Pakistan",Lower middle income,2018,8,7,1,3.395274511669279,70.974,46.92433676792,42.4577177449969,9.855,100.0,-0.6539050663534998,-0.15859463041548805,-0.3825172143328527,-0.825511493709294,0.3748690713221301,0.6075207890444827
EGY,"Egypt, Arab Rep.","Middle East, North Africa, Afghanistan & Pakistan",Lower middle income,2019,8,7,1,3.471730027486816,71.213,57.2828663990195,42.4812027332648,7.851,100.0,-0.5310062752908848,-0.12863801952260576,-0.022553569862375916,-0.824457248512051,0.03755226415030194,0.6075207890444827
EGY,"Egypt, Arab Rep.","Middle East, North Africa, Afghanistan & Pakistan",Lower middle income,2020,9,11,5,3.5454449070411034,69.79,71.91420096,42.5181534630674,7.974,100.0,-0.4125129333301965,-0.3069989287300237,0.48589200104423097,-0.8227985238414386,0.05825584063839322,0.6075207890444827
EGY,"Egypt, Arab Rep.","Middle East, North Africa, Afghanistan & Pakistan",Lower middle income,2021,9,11,5,3.5828986503353146,68.976,72.05599976,42.5686062621468,7.441,100.0,-0.3523077313587218,-0.4090268838212681,0.4908195742276195,-0.8205336889388118,-0.0314596574766689,0.6075207890444827
EGY,"Egypt, Arab Rep.","Middle East, North Africa, Afghanistan & Pakistan",Lower middle income,2022,9,11,5,3.6266798506247797,71.01,72.19806556,42.6325129008032,6.546,100.0,-0.28193142784013,-0.1540823375613297,0.49575642578317997,-0.8176649088437614,-0.18210763273554417,0.6075207890444827
EGY,"Egypt, Arab Rep.","Middle East, North Africa, Afghanistan & Pakistan",Lower middle income,2023,9,11,5,3.5386729573230027,71.633,74.01190186,42.7098115041919,6.753,100.0,-0.42339853686830636,-0.07599460289076002,0.5587880671717985,-0.8141949611287991,-0.1472650284019272,0.6075207890444827
ESP,Spain,Europe & Central Asia,High income,2014,0,2,4,4.472869987266367,83.2292682926829,76.1867089778712,79.1196713833488,24.441,100.0,1.0782810262952747,1.3774986902196362,0.6343636096521611,0.8202499647966405,2.8300102636416335,0.6075207890444827
ESP,Spain,Europe & Central Asia,High income,2015,0,2,4,4.414679960138535,82.8317073170732,78.6896318703515,79.2454892743023,22.057,100.0,0.9847431839376553,1.3276678138491962,0.7213413254373081,0.8258979517469366,2.4287311876448077,0.6075207890444827
ESP,Spain,Europe & Central Asia,High income,2016,0,6,0,4.427414793822407,83.3292682926829,80.5613329432179,79.3615955277997,19.635,100.0,1.005213854332011,1.3900328370367416,0.7863837941604273,0.8311099816071685,2.021055884765483,0.6075207890444827
ESP,Spain,Europe & Central Asia,High income,2017,0,6,0,4.453032935606101,83.2829268292683,84.6022457016524,79.4663233085683,17.224,100.0,1.046393861043372,1.384224329975161,0.9268073615310533,0.8358112298528032,1.6152321212468812,0.6075207890444827
ESP,Spain,Europe & Central Asia,High income,2018,0,6,0,4.485755789568668,83.4317073170732,86.107235525659,79.5580057813361,15.255,100.0,1.0989943719301947,1.4028726947518337,0.9791064465589052,0.8399268719593362,1.2838065756773556,0.6075207890444827
ESP,Spain,Europe & Central Asia,High income,2019,0,6,0,4.474019833574231,83.8317073170732,90.718665325267,79.6349761108307,14.104,100.0,1.0801293523399462,1.453009282020257,1.1393557421638514,0.8433820834022475,1.0900682298416398,0.6075207890444827
ESP,Spain,Europe & Central Asia,High income,2020,0,6,0,4.435110518516736,82.2317073170732,93.20564892,79.6955674617799,15.532,100.0,1.0175843844523096,1.2524629329465604,1.2257795600588781,0.8461020396570249,1.3304317032155772,0.6075207890444827
ESP,Spain,Europe & Central Asia,High income,2021,0,6,0,4.488543350264606,83.1780487804878,93.89752157,79.7846242983598,14.914,100.0,1.1034752499398592,1.3710787613620963,1.2498224512290421,0.850099816499619,1.2264088554949235,0.6075207890444827
ESP,Spain,Europe & Central Asia,High income,2022,0,6,0,4.4817220167131655,83.1341463414634,94.4855432,79.9548794567814,13.033,100.0,1.0925102641184627,1.3655759651984885,1.2702564719347205,0.8577426000950074,0.9097956248111867,0.6075207890444827
ESP,Spain,Europe & Central Asia,High income,2023,0,7,0,4.5249569350706365,83.9341463414634,95.44564516,80.128491001856,12.179,100.0,1.1620084440863396,1.4658491397353368,1.3036204543620378,0.8655360524694755,0.7660488417150086,0.6075207890444827
EST,Estonia,Europe & Central Asia,High income,2014,5,10,0,4.313483140568814,77.0341463414634,84.2415280294352,68.2668382808032,7.352,100.0,0.8220738637256056,0.6009930093550165,0.9142722573666193,0.33306440420277067,-0.046440294122523464,0.6075207890444827
EST,Estonia,Europe & Central Asia,High income,2015,5,10,0,4.248516549421585,77.590243902439,88.4097035040431,68.4796609690553,6.412,100.0,0.7176430005487955,0.6706950940940444,1.0591182623563313,0.34261805159636005,-0.20466274858435907,0.6075207890444827
EST,Estonia,Europe & Central Asia,High income,2016,5,10,0,4.271059955023455,77.6414634146342,87.2402327514547,68.724038178078,6.882,100.0,0.7538805076178214,0.6771150229515968,1.0184786185849337,0.3535881869010451,-0.12555152135344133,0.6075207890444827
EST,Estonia,Europe & Central Asia,High income,2017,4,10,0,4.319137767891681,78.0926829268293,88.1024568740199,68.9931941915158,5.807,100.0,0.8311634219407189,0.7336715390775599,1.0484413013750762,0.3656706470342564,-0.30649741342415737,0.6075207890444827
EST,Estonia,Europe & Central Asia,High income,2018,4,10,0,4.373245621373678,78.2439024390244,89.3570077747426,69.2803532930133,5.412,100.0,0.9181393544005869,0.752625614752205,1.0920375192245713,0.3785612689134301,-0.37298450865014154,0.6075207890444827
EST,Estonia,Europe & Central Asia,High income,2019,4,10,0,4.380595605704412,78.6463414634147,90.2289281997919,69.5787397662154,4.514,100.0,0.9299541224904684,0.8030679129186151,1.1223371529628086,0.3919558894560141,-0.5241374491892142,0.6075207890444827
EST,Estonia,Europe & Central Asia,High income,2020,4,10,0,4.379015176769942,78.5951219512195,89.05828666,69.8815778947665,6.956,100.0,0.927413654306716,0.7966479840610629,1.0816568238003679,0.4055503455794344,-0.11309571110857332,0.6075207890444827
EST,Estonia,Europe & Central Asia,High income,2021,4,10,0,4.446399928338283,76.9439024390244,90.97970174,70.1777274135822,6.178,100.0,1.0357316012232975,0.5896817061298264,1.1484268770191972,0.41884454885157313,-0.24405004043975217,0.6075207890444827
EST,Estonia,Europe & Central Asia,High income,2022,4,10,0,4.452405709842537,77.8439024390244,91.52016546,70.4892333736738,5.571,100.0,1.0453856239365908,0.7024890274837818,1.1672082385911313,0.4328281054364393,-0.3462213487996822,0.6075207890444827
EST,Estonia,Europe & Central Asia,High income,2023,4,11,0,4.480926421396038,78.7926829268293,93.18342241,70.6770085523126,6.378,100.0,1.0912313805532354,0.8214105667973027,1.2250071786661139,0.441257365778543,-0.21038568842659564,0.6075207890444827
ETH,Ethiopia,Sub-Saharan Africa,Not classified,2014,9,0,3,2.740352090275881,62.927,7.699999809,19.0262870788574,2.361,27.2,-1.7066633005813443,-1.167217424788015,-1.745580871676678,-1.877352480918615,-0.8865341986108438,-2.1997473591214822
ETH,Ethiopia,Sub-Saharan Africa,Not classified,2015,9,1,3,2.776637351966285,63.592,13.8551755555556,19.451566696167,2.442,29.0,-1.6483363800517152,-1.0838653484542595,-1.531685698037901,-1.8582616051251297,-0.8729001360455155,-2.1303368829305653
ETH,Ethiopia,Sub-Saharan Africa,Not classified,2016,9,2,3,2.8072992296222608,64.162,15.3669238595896,19.8763618469238,2.556,42.9,-1.5990487955611157,-1.0124207115967538,-1.479151752736595,-1.8391924771192392,-0.8537114553980163,-1.594333761234042
ETH,Ethiopia,Sub-Saharan Africa,Not classified,2017,9,2,3,2.8428266001865987,64.766,15.62440014,20.3084850311279,2.665,44.3,-1.5419401508112602,-0.9367144648214333,-1.4702043341779831,-1.819794392420719,-0.8353643835508461,-1.5403478353077735
ETH,Ethiopia,Sub-Saharan Africa,Not classified,2018,9,2,3,2.869056806021642,65.257,15.88619995,20.7838096618652,2.811,44.8,-1.499776278761221,-0.8751718039494425,-1.4611066709877998,-1.7984569872932497,-0.8107894065812418,-1.5210671474769633
ETH,Ethiopia,Sub-Saharan Africa,Not classified,2019,9,3,3,2.8995322886399255,65.741,15.98460007,21.2486705780029,2.928,48.0,-1.4507883158812729,-0.8145065333546497,-1.4576872217925019,-1.7775893001292773,-0.7910957606535453,-1.3976707453597779
ETH,Ethiopia,Sub-Saharan Africa,Not classified,2020,9,3,3,2.9189687109810882,65.969,16.06959915,21.6260051727295,3.998,51.1,-1.419545144178501,-0.7859286786116486,-1.454733464869166,-1.760650684716476,-0.610991477383158,-1.2781304808087546
ETH,Ethiopia,Sub-Saharan Africa,Not classified,2021,9,3,3,2.9508562421558775,65.33,16.6981031,22.1067085266113,3.935,54.2,-1.3682873769729837,-0.866021876772956,-1.4328926650198466,-1.739071827774013,-0.6215957482673022,-1.1585902162577313
ETH,Ethiopia,Sub-Saharan Africa,Not classified,2022,9,3,3,2.9921571090905053,66.897,17.9836998,22.7367687225342,3.386,55.4,-1.3018980973791179,-0.6696117961489028,-1.388217591439727,-1.710788316283674,-0.7140043945434168,-1.112316565463787
ETH,Ethiopia,Sub-Saharan Africa,Not classified,2023,9,3,3,3.0235861478161072,67.315,20.33749962,23.0586471557617,3.375,55.4,-1.2513773360928455,-0.6172190624534003,-1.3064219706580524,-1.6963391375804435,-0.7158559339041405,-1.112316565463787
FIN,Finland,Europe & Central Asia,High income,2014,4,11,0,4.699610342937975,81.1804878048781,86.5303927529377,70.9879168940753,8.663,100.0,1.442755914721261,1.1207015359179597,0.9938113538324193,0.4552140951729573,0.17422953332371738,0.6075207890444827
FIN,Finland,Europe & Central Asia,High income,2015,4,11,0,4.629005146657249,81.4804878048781,86.4221333325445,71.3054930040604,9.376,100.0,1.3292612482756327,1.1583039763692777,0.9900492894371021,0.46947014183952035,0.29424294825062014,0.6075207890444827
FIN,Finland,Europe & Central Asia,High income,2016,4,11,0,4.638002337103304,81.4292682926829,87.7036499599455,71.6158383428171,8.818,100.0,1.3437238258536728,1.1518840475117271,1.0345825786274725,0.48340159793133247,0.20031940613391355,0.6075207890444827
FIN,Finland,Europe & Central Asia,High income,2017,4,11,0,4.663559756495955,81.6317073170732,87.4689290730615,71.9563038312956,8.64,100.0,1.3848062240619734,1.1772580520439229,1.026425920406171,0.4986851527690419,0.1703581328422044,0.6075207890444827
FIN,Finland,Europe & Central Asia,High income,2018,3,11,0,4.69595642390516,81.7341463414634,88.8899599985585,72.3423467740343,7.361,100.0,1.4368824047858189,1.1900979097590025,1.0758073952934382,0.5160146874347271,-0.04492539828193152,0.6075207890444827
FIN,Finland,Europe & Central Asia,High income,2019,3,11,0,4.6844699544465795,81.9829268292683,89.6073851129779,72.7431214358314,6.695,100.0,1.418418423542057,1.2212804213527806,1.1007382462943098,0.5340055315244276,-0.15702769048574255,0.6075207890444827
FIN,Finland,Europe & Central Asia,High income,2020,3,11,0,4.688675025713894,81.9317073170732,92.17027106,73.0849439791673,7.759,100.0,1.425177885819683,1.2148604924952426,1.189799705662296,0.5493500047900919,0.02206666222425001,0.6075207890444827
FIN,Finland,Europe & Central Asia,High income,2021,3,11,0,4.7250874475037286,81.8853658536585,92.80806082,73.3710215780329,7.617,100.0,1.4837092104701175,1.209051985433648,1.2119631916580567,0.5621920778285125,-0.0018350277050911594,0.6075207890444827
FIN,Finland,Europe & Central Asia,High income,2022,3,11,0,4.702779901478833,81.1878048780488,92.98879471,73.6967597835949,6.719,100.0,1.447850837026191,1.12161866861189,1.2182437770346146,0.5768145223813863,-0.15298796824416377,0.6075207890444827
FIN,Finland,Europe & Central Asia,High income,2023,3,11,0,4.722915889414682,81.5853658536585,93.51385075,74.0062548602828,7.149,100.0,1.480218528849409,1.17144954498233,1.2364897146764013,0.5907078100614362,-0.08060961141587736,0.6075207890444827
FJI,Fiji,East Asia & Pacific,Upper middle income,2014,7,6,1,3.723731165979366,66.581,37.40000153,54.0838287543856,4.323,93.0,-0.12592581855772642,-0.7092197000909582,-0.7134922219350046,-0.3036133537381697,-0.5562869053617786,0.33759115941313994
FJI,Fiji,East Asia & Pacific,Upper middle income,2015,7,7,1,3.707359881414535,66.48,42.5,54.6234188083653,4.288,93.2,-0.1522419196217951,-0.7218791883762352,-0.5362649414778075,-0.27939106261334656,-0.5621781669640811,0.3453034345454641
FJI,Fiji,East Asia & Pacific,Upper middle income,2016,7,7,1,3.729471787867946,66.657,49.41999817,55.1734720973874,4.319,93.4,-0.11669802795936325,-0.6996937485099585,-0.2957918386617825,-0.2546990750524323,-0.5569601924020419,0.3530157096777883
FJI,Fiji,East Asia & Pacific,Upper middle income,2017,7,7,1,3.7654336999462426,67.06,53.6473999,55.7408343449609,4.418,96.0,-0.05889087733768215,-0.6491811368370202,-0.14888769419682338,-0.22923008533959327,-0.5402963381555294,0.45327528639800113
FJI,Fiji,East Asia & Pacific,Upper middle income,2018,7,8,5,3.7842905428454605,66.965,58.2364006,56.2328347385698,4.523,95.1,-0.0285793534300771,-0.6610885763132709,0.010582179933780682,-0.2071441023241046,-0.5226225533486223,0.4185700483025425
FJI,Fiji,East Asia & Pacific,Upper middle income,2019,7,8,5,3.766567012564734,67.009,63.21789932,56.70989552257,4.661,96.1,-0.05706912845247421,-0.6555735517137445,0.18369153985611955,-0.18572876097549634,-0.4993941504595443,0.45713142396416295
FJI,Fiji,East Asia & Pacific,Upper middle income,2020,7,8,5,3.664702671376011,66.924,68.62560272,57.186684691874,5.054,97.1,-0.22081145954027614,-0.6662275765082839,0.37161170742847144,-0.16432561245771715,-0.4332436987536916,0.49569279962578333
FJI,Fiji,East Asia & Pacific,Upper middle income,2021,7,8,5,3.6567432321112485,64.904,70.56800079,57.6618364761928,5.225,92.1,-0.2336058989304978,-0.9194173422138281,0.4391109291510629,-0.1429959664359574,-0.40446067778244293,0.30288592131768133
FJI,Fiji,East Asia & Pacific,Upper middle income,2022,7,8,5,3.733527951253381,67.148,72.56549835,58.1352701465266,5.403,92.0,-0.11017792838130196,-0.6381510876379677,0.508524883363227,-0.12174344684902265,-0.37449940449073366,0.2990297837515195
FJI,Fiji,East Asia & Pacific,Upper middle income,2023,7,8,5,3.772776733884427,67.316,74.1160965,58.6069049738768,5.316,99.3,-0.04708728169013812,-0.6170937209852286,0.5624088785885158,-0.10057167763566346,-0.3891433976164567,0.5805278260813483
FRA,France,Europe & Central Asia,High income,2014,0,7,0,4.634961132344681,82.719512195122,83.7510996681821,77.3524296788613,10.273,100.0,1.3388352264607835,1.3136051125422012,0.8972296474059999,0.7409181781220935,0.44522756702962707,0.6075207890444827
FRA,France,Europe & Central Asia,High income,2015,0,7,0,4.56469484712167,82.3219512195122,78.0060377071902,77.7610919150066,10.354,100.0,1.2258853442445927,1.2637742361717506,0.6975861154728057,0.7592630967925276,0.45886162959495536,0.6075207890444827
FRA,France,Europe & Central Asia,High income,2016,0,7,0,4.568485867599335,82.5731707317073,79.2698113207547,78.5999114705779,10.057,100.0,1.2319792385649269,1.295262458663501,0.7415028268136231,0.7969178521505774,0.40887006685541816,0.6075207890444827
FRA,France,Europe & Central Asia,High income,2017,0,7,0,4.587566879251712,82.5756097560976,80.5024597243607,78.6467804026368,9.409,100.0,1.2626511036259809,1.295568169561488,0.7843379228663083,0.7990218066409672,0.2997975663327912,0.6075207890444827
FRA,France,Europe & Central Asia,High income,2018,0,7,0,4.617190976041456,82.6756097560976,82.0431867788484,78.6714432536599,9.018,100.0,1.3102705022115602,1.3081023163785934,0.8378788930057918,0.800128926301613,0.23398375814707023,0.6075207890444827
FRA,France,Europe & Central Asia,High income,2019,0,8,0,4.606470417066199,82.8268292682927,83.3397440866883,78.6890784549356,8.415,100.0,1.2930376875024314,1.3270563920532386,0.8829348527236328,0.8009205735460243,0.1324857368274031,0.6075207890444827
FRA,France,Europe & Central Asia,High income,2020,0,8,0,4.592952025958696,82.1756097560976,84.70639801,78.7119131765249,8.009,100.0,1.2713074839133442,1.245431582293063,0.93042670190348,0.8019456281592645,0.06414710224069564,0.6075207890444827
FRA,France,Europe & Central Asia,High income,2021,0,8,0,4.640730810914728,82.3243902439024,86.09548575,78.7364603392338,7.871,100.0,1.34810972436321,1.2640799470697233,0.9786981364783678,0.8030475545514172,0.04091869935161767,0.6075207890444827
FRA,France,Europe & Central Asia,High income,2022,0,8,0,4.6126635048898255,82.1292682926829,85.33331734,78.7591921123356,7.303,100.0,1.3029927966705483,1.2396230752314683,0.952212435482719,0.8040679877891949,-0.054688060365746874,0.6075207890444827
FRA,France,Europe & Central Asia,High income,2023,0,8,0,4.650308867963567,82.8317073170732,86.83635789,78.7804323126547,7.335,100.0,1.3635060187893742,1.3276678138491962,1.0044437823469057,0.8050214640660169,-0.049301764043641824,0.6075207890444827
GAB,Gabon,Sub-Saharan Africa,Upper middle income,2014,0,0,4,3.9638521532296145,66.07,38.07120132,87.6236017962969,19.873,87.1,0.2600578312321057,-0.7732691903263715,-0.6901677221091954,1.2019928761947354,2.0611164636611394,0.11007904300957937
GAB,Gabon,Sub-Saharan Africa,Upper middle income,2015,0,0,4,3.848012070260608,66.336,45.78450012,88.085308383892,19.943,87.3,0.07385012599001518,-0.7399283597928688,-0.4221270594072396,1.222718965003255,2.072898986865744,0.11779131814190355
GAB,Gabon,Sub-Saharan Africa,Upper middle income,2016,0,0,4,3.824585931782206,66.583,48.0522995,88.5445883406178,20.117,88.1,0.03619366566173802,-0.7089690171546167,-0.3433199932670967,1.243336121931109,2.10218697311719,0.14864041867119976
GAB,Gabon,Sub-Saharan Africa,Upper middle income,2017,0,0,4,3.8402148886265732,66.816,51.60490036,89.0009733256896,20.307,86.3,0.0613165084181261,-0.679764455070759,-0.2198654878057058,1.2638233230792288,2.1341681075296886,0.07922994248028316
GAB,Gabon,Sub-Saharan Africa,Upper middle income,2018,0,0,4,3.8821986962186306,67.043,55.42020035,89.4539949981866,20.459,89.6,0.12880358429612015,-0.6513119417959278,-0.08728206737262656,1.284159544542439,2.1597530150596875,0.20648248216363035
GAB,Gabon,Sub-Saharan Africa,Upper middle income,2019,0,0,4,3.871641731170268,67.337,59.51760101,89.9031850170394,20.371,90.3,0.11183373944110166,-0.6144615501536362,0.05510448042477381,1.3043237624088913,2.1449407001738985,0.23347544512676474
GAB,Gabon,Sub-Saharan Africa,Upper middle income,2020,0,0,4,3.8199256481973003,67.073,63.91790009,90.3480750410147,21.279,91.1,0.0287024701283677,-0.6475516977507976,0.20801688691549705,1.3242949527593797,2.2977768583136293,0.26432454565606095
GAB,Gabon,Sub-Saharan Africa,Upper middle income,2021,0,0,4,3.9128281116914954,67.072,65.76809692,90.7881967286967,21.223,91.8,0.17803898729246231,-0.6476770392189675,0.2723120733592348,1.3440520916665086,2.288350839749945,0.29131750861919536
GAB,Gabon,Sub-Saharan Africa,Upper middle income,2022,0,0,4,3.9247550645578553,67.713,67.67169952,91.2243355459988,20.319,93.5,0.19721102573419638,-0.5673331581213186,0.33846313474754325,1.363630438831382,2.1361879686504777,0.3568718472439501
GAB,Gabon,Sub-Saharan Africa,Upper middle income,2023,0,0,4,3.8922518296284454,68.337,68.19789886,91.6375962797313,20.161,94.1,0.14496354253125948,-0.48912008198257545,0.3567488025874731,1.3821817848561981,2.109593130560085,0.38000867264092214
GBR,United Kingdom,Europe & Central Asia,High income,2014,2,9,0,4.678939196517312,81.3048780487805,91.6133009176453,81.6355750750722,6.398,100.0,1.4095279797866438,1.1362927917148427,1.170444738360633,0.9331893179471971,-0.20701925322528006,0.6075207890444827
GBR,United Kingdom,Europe & Central Asia,High income,2015,2,9,0,4.655669879295542,80.9560975609756,92.0002998740234,81.8243772295647,5.552,100.0,1.3721236025506964,1.0925761333039592,1.1838931291752801,0.9416646794135213,-0.34941946224093207,0.6075207890444827
GBR,United Kingdom,Europe & Central Asia,High income,2016,2,9,0,4.615507208944036,81.1560975609756,94.7758006318882,82.0229991698295,4.909,100.0,1.3075639225947582,1.11764442693817,1.2803430505069757,0.9505808527665836,-0.45765035396323017,0.6075207890444827
GBR,United Kingdom,Europe & Central Asia,High income,2017,2,9,0,4.611901783425932,81.2560975609756,90.4245504868553,82.23065673273,4.501,100.0,1.3017683637955888,1.130178573755277,1.1291351169498574,0.9599026367871545,-0.5263256320700693,0.6075207890444827
GBR,United Kingdom,Europe & Central Asia,High income,2018,2,10,0,4.640511226665079,81.2560975609756,90.692008988783,82.4465657551295,4.145,100.0,1.3477567525922436,1.130178573755277,1.1384294222737965,0.9695948302560011,-0.586248178653488,0.6075207890444827
GBR,United Kingdom,Europe & Central Asia,High income,2019,2,10,0,4.635068768501906,81.3691219512195,92.5166285497138,82.6699420738913,3.657,100.0,1.339008246725655,1.1443452167675856,1.2018357869138963,0.9796222319538896,-0.6683891975655898,0.6075207890444827
GBR,United Kingdom,Europe & Central Asia,High income,2020,2,9,0,4.610795108354906,80.331756097561,94.81820132,82.9000015258789,4.472,100.0,1.2999894335657176,1.0143202576395034,1.2818164938202965,0.9899496406615946,-0.531206963111977,0.6075207890444827
GBR,United Kingdom,Europe & Central Asia,High income,2021,2,10,0,4.678439860968746,80.6473170731707,96.19650269,82.9886431523641,4.864,100.0,1.4087253204284904,1.0538731336199154,1.3297130971021265,0.9939287786510118,-0.4652248331661904,0.6075207890444827
GBR,United Kingdom,Europe & Central Asia,High income,2022,2,10,0,4.6726246353433245,81.0112195121951,95.46530151,83.0753982997505,3.768,100.0,1.3993776076901936,1.0994851995982637,1.3043035215187648,0.9978232322664399,-0.6497054821982879,0.6075207890444827
GBR,United Kingdom,Europe & Central Asia,High income,2023,2,10,0,4.698487410696621,81.2380975609756,95.44719696,83.1601932891335,4.025,100.0,1.440950851823811,1.1279224273281978,1.3036743801221005,1.0016296940490705,-0.6064467898613818,0.6075207890444827
GEO,Georgia,Europe & Central Asia,Upper middle income,2014,2,2,4,3.6839772391466625,73.105,49.1024547144647,57.0237612994258,17.439,100.0,-0.1898284617547301,0.10850803825704254,-0.3068266190411386,-0.17163927180673205,1.6514212996610245,0.6075207890444827
GEO,Georgia,Europe & Central Asia,Upper middle income,2015,2,3,4,3.611364505495454,73.241,47.5697596438736,57.3803800455672,16.506,100.0,-0.3065501539186101,0.12555447792830626,-0.3600884740649915,-0.15563059443045973,1.4943770975196495,0.6075207890444827
GEO,Georgia,Europe & Central Asia,Upper middle income,2016,2,3,4,3.6173569934487078,73.136,58.4592896118725,57.6984032005062,16.604,100.0,-0.2969174999885813,0.11239362377034438,0.01832767508447911,-0.14135447983836802,1.510872630006096,0.6075207890444827
GEO,Georgia,Europe & Central Asia,Upper middle income,2017,2,3,4,3.6452996341442265,73.435,59.7055045962571,57.9996827205757,13.939,100.0,-0.25200096618646955,0.1498707227534924,0.061634216026929825,-0.12782998992005506,1.0622951394307858,0.6075207890444827
GEO,Georgia,Europe & Central Asia,Upper middle income,2018,2,3,4,3.6816079350548487,73.985,62.7179081974285,58.3038181862576,12.667,99.9,-0.19363701115015294,0.21880853024757546,0.16631661956401833,-0.1141772961077858,0.8481898606271104,0.6036646514783208
GEO,Georgia,Europe & Central Asia,Upper middle income,2019,2,4,4,3.6758959033493808,74.165,68.8467135616978,58.6304091780343,11.565,100.0,-0.20281884431950448,0.24136999451836727,0.3792954103519552,-0.09951656983380322,0.6626992810346181,0.6075207890444827
GEO,Georgia,Europe & Central Asia,Upper middle income,2020,2,4,4,3.6335550041594096,73.509,72.53157487,58.9990552763878,11.734,100.0,-0.2708799288247762,0.15914599139815064,0.5073460269107379,-0.08296798253036745,0.6911456584857354,0.6075207890444827
GEO,Georgia,Europe & Central Asia,Upper middle income,2021,2,4,4,3.706171965182465,71.635,76.4427093,59.4293560618005,11.785,100.0,-0.1541514413514435,-0.07574391995441669,0.6432597379851277,-0.0636517056297215,0.6997300682490902,0.6075207890444827
GEO,Georgia,Europe & Central Asia,Upper middle income,2022,1,4,4,3.82800516499135,74.141,78.71127536,60.0101622679115,11.621,100.0,0.041689928727542395,0.2383617992822617,0.7220934466060831,-0.037579214286035785,0.672125299598302,0.6075207890444827
GEO,Georgia,Europe & Central Asia,Upper middle income,2023,1,4,4,3.9182227687673405,74.496,81.88425624,60.7523077799724,11.549,100.0,0.18671065506854553,0.282858020482987,0.8323559840583901,-0.004264173511032272,0.6600061328735655,0.6075207890444827
GHA,Ghana,Sub-Saharan Africa,Lower middle income,2014,7,4,1,3.290014194418049,62.832,19.0,53.0663398797148,4.403,78.3,-0.823106275693536,-1.1791248642642655,-1.3529006944575783,-0.349288605824028,-0.5428211645565162,-0.22926106281268002
GHA,Ghana,Sub-Saharan Africa,Lower middle income,2015,6,3,1,3.2362280134290975,63.175,23.0,53.6226415210752,6.806,74.0,-0.9095651341386571,-1.136132740681592,-1.2138988641631494,-0.3243161286427576,-0.13834397511844074,-0.3950749781576476
GHA,Ghana,Sub-Saharan Africa,Lower middle income,2016,6,4,1,3.2815968824946413,63.522,28.0,54.167052758274,5.256,79.3,-0.8366367247176789,-1.0926392512262337,-1.040146576295113,-0.2998774137669078,-0.39924270322040356,-0.19069968715105962
GHA,Ghana,Sub-Saharan Africa,Lower middle income,2017,6,4,1,3.303689840898597,63.829,37.88420105,54.6991419779128,3.369,79.0,-0.8011232911895778,-1.0541594204977178,-0.6966660670580834,-0.2759918363968031,-0.7168658644645353,-0.20226809984954564
GHA,Ghana,Sub-Saharan Africa,Lower middle income,2018,6,4,1,3.3414981623911464,64.138,43.0,55.218477566593,3.204,80.4,-0.7403481207672076,-1.0154289068328595,-0.5188897126910038,-0.2526787717327787,-0.7446389548753892,-0.14828217392327686
GHA,Ghana,Sub-Saharan Africa,Lower middle income,2019,6,4,1,3.339780908413659,64.455,22.0732,55.7246279109161,3.067,83.5,-0.7431085290323787,-0.9756956614226341,-1.2461055882423686,-0.22995759497516421,-0.7676990360044015,-0.028741909372253842
GHA,Ghana,Sub-Saharan Africa,Lower middle income,2020,7,8,5,3.341524503565994,64.309,62.51760101,56.2171613974837,3.178,85.4,-0.7403057785174783,-0.9939955157756091,0.15935585314559564,-0.2078476813242847,-0.7490153206370996,0.04452470438482513
GHA,Ghana,Sub-Saharan Africa,Lower middle income,2021,7,8,5,3.388312011615885,64.286,68.6,56.6952556826536,3.2,86.3,-0.6650969709556166,-0.996878369543543,0.3707220011933422,-0.18638594592888905,-0.7453122419156524,0.07922994248028316
GHA,Ghana,Sub-Saharan Africa,Lower middle income,2022,7,8,5,3.3482836787914247,65.246,69.91329956,57.250609602871,2.87,85.1,-0.7294407093997929,-0.8765505600993254,0.4163597618345594,-0.16145601211412733,-0.8008584227373606,0.032956291686338575
GHA,Ghana,Sub-Saharan Africa,Lower middle income,2023,7,8,5,3.37728878144614,65.498,70.67430115,57.8074737774654,2.829,89.5,-0.682816315949636,-0.8449645101202169,0.44280491530130234,-0.13645828271840127,-0.8077596149000577,0.20262634459746853
GIN,Guinea,Sub-Saharan Africa,Lower middle income,2014,7,1,3,2.8837448794551506,57.581,6.400000095,34.8177920826682,5.044,33.5,-1.476165863623546,-1.8372929136305054,-1.7907564565837364,-1.1684690819748011,-0.43492691635434955,-1.9568106924532735
GIN,Guinea,Sub-Saharan Africa,Lower middle income,2015,7,1,3,2.873528087309492,57.899,9.199999809,35.0373191833496,5.15,34.9,-1.4925888958902573,-1.7974343267521085,-1.6934551853162672,-1.1586144723442586,-0.4170848097873765,-1.902824766527005
GIN,Guinea,Sub-Saharan Africa,Lower middle income,2016,7,1,3,2.852477864723941,58.49,13.10000038,35.3100280761719,4.997,33.5,-1.52642617865135,-1.7233575190630113,-1.5579283809366875,-1.1463725228391655,-0.4428380390774413,-1.9568106924532735
GIN,Guinea,Sub-Saharan Africa,Lower middle income,2017,7,1,3,2.920956987874313,58.715,18.70000076,35.5827331542969,4.86,35.4,-1.4163490788081723,-1.6951556887245225,-1.3633258053193127,-1.1341307445764959,-0.46589812020645344,-1.883544078696195
GIN,Guinea,Sub-Saharan Africa,Lower middle income,2018,7,2,3,2.970008988161313,59.043,21.8300230430563,35.8554382324219,4.835,45.0,-1.3375002021769244,-1.654043687164415,-1.2545560987675195,-1.1218889663138263,-0.47010616420809803,-1.513354872344639
GIN,Guinea,Sub-Saharan Africa,Lower middle income,2019,7,2,3,3.0134024787940037,59.379,23.89049911,36.1281547546387,5.018,42.2,-1.2677471244333651,-1.6119289538589388,-1.1829536126217592,-1.1096466743238909,-0.4393032821160599,-1.621326724197176
GIN,Guinea,Sub-Saharan Africa,Lower middle income,2020,7,2,3,3.0227008959635633,59.35,26.14550018,36.4802208060551,6.007,44.7,-1.2528003384923485,-1.6155638564358992,-1.1045912936102853,-1.0938423682035712,-0.272833061411001,-1.5249232850431251
GIN,Guinea,Sub-Saharan Africa,Lower middle income,2021,7,2,3,3.0951573182657985,59.373,28.61330032,36.8502178436256,5.815,46.8,-1.1363299097672508,-1.6126810026679652,-1.0188341095450733,-1.0772331370043395,-0.30515083934363113,-1.4439443961537224
GIN,Guinea,Sub-Saharan Africa,Lower middle income,2022,7,2,3,3.1512460479848845,60.432,31.31399918,37.2384967469106,5.174,47.7,-1.0461698081577826,-1.4799443878748113,-0.9249835883915537,-1.059803229681863,-0.4130450875457977,-1.409239158058264
GIN,Guinea,Sub-Saharan Africa,Lower middle income,2023,7,3,3,3.191868272698468,60.74,32.31560135,37.6454083954705,5.141,51.1,-0.9808714153055537,-1.4413392156781244,-0.8901774546773357,-1.041536895191809,-0.4185997056279686,-1.2781304808087546
GMB,"Gambia, The",Sub-Saharan Africa,Low income,2014,6,2,3,2.7543518036216774,62.576,15.56000042,58.6141799655551,8.191,53.0,-1.6841593932173855,-1.211212280116057,-1.4724422539155952,-0.10024510199724537,0.09478166257266811,-1.204863867051676
GMB,"Gambia, The",Sub-Saharan Africa,Low income,2015,6,2,3,2.7920668028021467,62.971,17.59950066,59.2458499408388,7.226,54.7,-1.623534234199833,-1.1617024001884886,-1.4015686873541133,-0.07188932723215453,-0.06764883589081211,-1.1393095284269212
GMB,"Gambia, The",Sub-Saharan Africa,Low income,2016,6,2,3,2.812951106099214,63.386,19.90640068,59.8652472486563,6.244,56.4,-1.5899636592066573,-1.1096856908974975,-1.3214028560825495,-0.04408447463853797,-0.23294080427541056,-1.0737551898021667
GMB,"Gambia, The",Sub-Saharan Africa,Low income,2017,6,3,1,2.8078884359983665,63.708,22.5156002,60.471712657237,5.097,56.2,-1.598101672903771,-1.0693257381464165,-1.230731978861713,-0.016860137244933845,-0.42600586307086297,-1.0814674649344906
GMB,"Gambia, The",Sub-Saharan Africa,Low income,2018,6,3,1,2.8427463744945722,64.034,28.30900002,61.0645869348107,4.055,60.3,-1.5420691099904218,-1.0284644195226498,-1.029408684209859,0.009754091920138177,-0.6013971370594084,-0.9233658247218471
GMB,"Gambia, The",Sub-Saharan Africa,Low income,2019,6,3,1,2.868166246778955,64.427,31.11829948,61.643210849607,4.481,62.1,-1.5012078125508441,-0.9792052225314227,-0.9317842425135713,0.035728619828149184,-0.5296920672713851,-0.8539553485309302
GMB,"Gambia, The",Sub-Saharan Africa,Low income,2020,6,3,1,2.8575346034364006,64.418,36.01100159,62.2069251698555,5.84,62.2,-1.5182976993933723,-0.9803332957449623,-0.7617606054197176,0.061033853450569955,-0.30094279534198665,-0.8500992109647681
GMB,"Gambia, The",Sub-Saharan Africa,Low income,2021,6,3,1,2.893146172623832,63.847,41.67309952,62.7550706637859,6.213,63.7,-1.4610537091569729,-1.0519032740706387,-0.5650001115256429,0.08564019975887603,-0.23815877883744976,-0.7922571474723376
GMB,"Gambia, The",Sub-Saharan Africa,Low income,2022,5,3,1,2.9223334696232777,64.859,48.22539902,63.2869880996278,6.067,65.4,-1.414136446520513,-0.925057708281526,-0.3373047057413249,0.1095180657245385,-0.262733755807054,-0.7267028088475828
GMB,"Gambia, The",Sub-Saharan Africa,Low income,2023,5,3,1,2.945972562517425,65.86,48.72829819,63.8020182456108,6.479,66.9,-1.3761376715800506,-0.7995908986422935,-0.3198287294704376,0.13263785831902877,-0.1933851906599516,-0.6688607453551522
GNB,Guinea-Bissau,Sub-Saharan Africa,Low income,2014,8,0,3,2.8142625833152173,59.476,3.319999933,41.7271995544434,3.285,17.2,-1.5878555187719288,-1.5997708314463457,-1.8977878715400212,-0.8583045820048605,-0.7310048923100608,-2.585361115737686
GNB,Guinea-Bissau,Sub-Saharan Africa,Low income,2015,7,1,3,2.8096047154513366,60.071,6.099999905,42.1568145751953,3.168,20.1,-1.5953428311427784,-1.5251926578845647,-1.8011816004584058,-0.8390190891987962,-0.7506985382377575,-2.473533126318987
GNB,Guinea-Bissau,Sub-Saharan Africa,Low income,2016,7,1,3,2.83229515313582,60.619,13.80000019,42.586109161377,3.139,22.9,-1.5588689766368495,-1.456505533326823,-1.5336030672377494,-0.8197479807561731,-0.7555798692796653,-2.36556127446645
GNB,Guinea-Bissau,Sub-Saharan Africa,Low income,2017,7,1,3,2.8938300826882366,61.148,14.80000019,43.0155792236328,3.089,26.0,-1.4599543545948834,-1.3901998966643316,-1.4988526096641421,-0.8004689951621444,-0.7639959572829542,-2.2460210099154265
GNB,Guinea-Bissau,Sub-Saharan Africa,Low income,2018,7,1,3,2.9076970052912023,61.652,15.69999981,43.4449081420898,3.127,28.4,-1.437663902356872,-1.3270277967061173,-1.4675772110530694,-0.7811963455377275,-0.7575997304004546,-2.153473708327538
GNB,Guinea-Bissau,Sub-Saharan Africa,Low income,2019,7,2,3,2.9091367358736893,62.161,17.92149925,43.8745574951172,2.413,30.9,-1.435349600423892,-1.2632289894070472,-1.3903790890135572,-0.7619093115498603,-0.8777814670874232,-2.0570702691734866
GNB,Guinea-Bissau,Sub-Saharan Africa,Low income,2020,7,2,3,2.9278402636795384,61.343,20.45730019,44.3038330078125,2.887,33.4,-1.4052845236094127,-1.3657583103709747,-1.3022588460329736,-0.7426390593193505,-0.7979969528162423,-1.9606668300194356
GNB,Guinea-Bissau,Sub-Saharan Africa,Low income,2021,7,2,3,2.966977084726885,61.653,23.3519001,44.7334136962891,3.016,35.8,-1.3423738501109606,-1.3269024552379465,-1.201670174667951,-0.7233551076950799,-0.7762834457677564,-1.8681195284315468
GNB,Guinea-Bissau,Sub-Saharan Africa,Low income,2022,7,2,3,2.9460586332981027,63.605,27.67379951,45.1627159118652,2.666,37.4,-1.3759993166846842,-1.082235909368036,-1.051482192583348,-0.7040836567676187,-0.8351960617907802,-1.8064213273729541
GNB,Guinea-Bissau,Sub-Saharan Africa,Low income,2023,7,2,3,2.9947955750151287,64.085,28.71240044,45.5923843383789,2.632,40.5,-1.297656882485349,-1.022072004645927,-1.0153903350294737,-0.684795766567643,-0.8409190016330169,-1.6868810628219308
GNQ,Equatorial Guinea,Sub-Saharan Africa,Upper middle income,2014,5,3,1,4.19169303588593,60.228,18.86000061,65.5593240167184,7.669,66.0,0.6263017671166832,-1.5055140473817077,-1.3577657373201042,0.21152361922058438,0.006917703818329463,-0.7035659834506107
GNQ,Equatorial Guinea,Sub-Saharan Africa,Upper middle income,2015,5,3,1,3.95755509352479,60.635,21.31999969,68.951270615355,7.778,66.1,0.2499355919574536,-1.4545000698360864,-1.2722796436594512,0.36378869042799405,0.025264775665499752,-0.699709845884449
GNQ,Equatorial Guinea,Sub-Saharan Africa,Upper middle income,2016,5,3,1,3.8723426575587045,61.081,23.78000069,69.253269853051,7.798,66.2,0.11296044697608569,-1.3985977750317926,-1.18679348327792,0.37734548859540845,0.02863121086681548,-0.6958537083182866
GNQ,Equatorial Guinea,Sub-Saharan Africa,Upper middle income,2017,5,3,1,3.8926012432232775,61.481,26.23999977,69.5516019132985,7.843,66.4,0.14552520911510922,-1.3484611877633685,-1.101307389617267,0.39073766653102165,0.03620569006977568,-0.6881414331859624
GNQ,Equatorial Guinea,Sub-Saharan Africa,Upper middle income,2018,5,3,1,3.9086174771707434,61.915,29.39999962,69.8396623666175,7.818,66.5,0.17127058233601786,-1.2940629905771284,-0.9914959488972367,0.40366875024981824,0.03199764606813106,-0.6842852956198006
GNQ,Equatorial Guinea,Sub-Saharan Africa,Upper middle income,2019,5,3,1,3.8327738301280245,62.297,49.13370132,70.1175419547293,7.917,66.6,0.04935534271387129,-1.2461825497357835,-0.3057407852011649,0.41614281316340784,0.04866150031464356,-0.6804291580536388
GNQ,Equatorial Guinea,Sub-Saharan Africa,Upper middle income,2020,5,3,1,3.7607281183482653,62.141,55.00130081,70.3853314193247,8.625,66.7,-0.06645488738266112,-1.2657358187704688,-0.10183901806500036,0.4281639286820312,0.16783330644121758,-0.6765730204874764
GNQ,Equatorial Guinea,Sub-Saharan Africa,Upper middle income,2021,5,3,1,3.841711687971535,62.447,58.71730042,70.6431215020592,8.821,66.8,0.06372254581113934,-1.2273813295101237,0.027293668725845974,0.43973617021434497,0.2008243714141109,-0.6727168829213146
GNQ,Equatorial Guinea,Sub-Saharan Africa,Upper middle income,2022,5,3,1,3.8802017004583784,63.355,63.65950012,70.8910029445467,8.334,67.0,0.12559350374054745,-1.1135712764108012,0.19903736972099043,0.4508636111671375,0.11885167426207482,-0.6650046077889904
GNQ,Equatorial Guinea,Sub-Saharan Africa,Upper middle income,2023,5,3,1,3.8246329808669737,63.707,63.51950073,71.1290664883517,8.218,66.9,0.03626929494206822,-1.0694510796145873,0.19417232685846456,0.46155032494498016,0.09932635009444411,-0.6688607453551522
GRC,Greece,Europe & Central Asia,High income,2014,0,1,4,4.331927625478527,81.3853658536585,63.2073404784561,77.3130486275866,26.708,100.0,0.8517225407757502,1.1463812513481175,0.1833246152810219,0.739150355899015,3.2115956937107617,0.6075207890444827
GRC,Greece,Europe & Central Asia,High income,2015,0,1,4,4.254807315429602,81.0365853658537,66.8349594911035,77.5194426317545,24.981,100.0,0.7277551229898783,1.1026645929372447,0.3093860358732365,0.7484154185488929,2.920904014077156,0.6075207890444827
GRC,Greece,Europe & Central Asia,High income,2016,0,2,4,4.253319650124297,81.3878048780488,69.0879154723892,77.7122988766348,23.514,100.0,0.7253637681533728,1.1466869622461024,0.38767728711610977,0.7570727688359807,2.673975992060653,0.6075207890444827
GRC,Greece,Europe & Central Asia,High income,2017,0,2,4,4.270259312664515,81.2878048780488,69.8929706543154,77.8895342613411,21.413,100.0,0.7525935111606646,1.134152815428997,0.4156533230600491,0.7650288960001359,2.320331974162444,0.6075207890444827
GRC,Greece,Europe & Central Asia,High income,2018,0,5,0,4.298272207151022,81.7878048780488,72.2383733920483,78.0490656849874,19.179,100.0,0.7976229747610748,1.1968235495145276,0.4971571413906585,0.7721902892812351,1.9443011621754858,0.6075207890444827
GRC,Greece,Europe & Central Asia,High income,2019,0,5,0,4.28635226699839,81.6390243902439,75.6712066931757,78.1888100466875,17.045,100.0,0.7784622089401569,1.178175184737855,0.6164496693787525,0.7784634379191446,1.5851025261951064,0.6075207890444827
GRC,Greece,Europe & Central Asia,High income,2020,0,5,0,4.252531028221627,81.2878048780488,78.11584474,78.3066842455552,15.899,100.0,0.7240960940371596,1.134152815428997,0.7014019601077464,0.7837548311537323,1.3922057891597193,0.6075207890444827
GRC,Greece,Europe & Central Asia,High income,2021,0,5,0,4.3150188955540765,80.0829268292683,78.49426371,78.3884898647442,14.656,100.0,0.8245425205522442,0.9831316318277662,0.7145521924697794,0.7874270995897937,1.1829818413979518,0.6075207890444827
GRC,Greece,Europe & Central Asia,High income,2022,1,6,0,4.3198661757815255,80.7878048780488,83.17066333,78.5502190980809,12.426,100.0,0.8323343047489125,1.0714820813434667,0.8770592190618225,0.7946871529291448,0.8076243164512569,0.6075207890444827
GRC,Greece,Europe & Central Asia,High income,2023,0,7,0,4.368169886698058,81.7365853658537,85.0102229,78.7746303842088,11.023,100.0,0.9099803399891615,1.1904036206569877,0.9409847558532309,0.8047610144916313,0.5714688870789639,0.6075207890444827
GTM,Guatemala,Latin America & Caribbean,Upper middle income,2014,7,5,1,3.5669257375449006,70.942,23.39999962,53.1458479013964,2.717,85.5,-0.3779834677748535,-0.16260555739696333,-1.1999986943388803,-0.34571947693863375,-0.8266116520274253,0.04838084195098695
GTM,Guatemala,Latin America & Caribbean,Upper middle income,2015,7,6,1,3.59034077389202,70.915,28.80590057,53.4411050262961,2.506,90.5,-0.3403448536215485,-0.16598977703758033,-1.012141162728782,-0.3324653333841867,-0.8621275434013054,0.24118772025908894
GTM,Guatemala,Latin America & Caribbean,Upper middle income,2016,7,6,1,3.6085407787344956,71.215,34.50930023,53.6609232857043,2.583,91.8,-0.3110891672455378,-0.12838733658626245,-0.8139454148186258,-0.32259765358789155,-0.8491667678762401,0.29131750861919536
GTM,Guatemala,Latin America & Caribbean,Upper middle income,2017,6,6,1,3.6359858797575817,71.583,37.90000153,53.7994723140017,2.462,93.3,-0.26697240601174665,-0.08226167629931269,-0.696116993148201,-0.31637816367378135,-0.8695337008441999,0.3491595721116259
GTM,Guatemala,Latin America & Caribbean,Upper middle income,2018,6,6,1,3.6387832729027965,71.496,41.5,53.845962303542,2.283,94.2,-0.2624757227836298,-0.09316638403019539,-0.5710153990514147,-0.3142912199787858,-0.899663295895975,0.3838648102070845
GTM,Guatemala,Latin America & Caribbean,Upper middle income,2019,6,6,1,3.6543689365395795,71.639,44.401049838502,54.1882267267974,2.193,95.4,-0.2374224719045109,-0.07524255408173362,-0.47020258971963086,-0.2989269106468835,-0.9148122543018955,0.4301384610010291
GTM,Guatemala,Latin America & Caribbean,Upper middle income,2020,7,7,1,3.6510470252154366,69.971,47.51229858,54.5483167911628,2.965,96.6,-0.24276229443253752,-0.28431212299106207,-0.3620852723272655,-0.28276240519337303,-0.7848678555311113,0.4764121117949731
GTM,Guatemala,Latin America & Caribbean,Upper middle income,2021,7,7,1,3.6913133845098445,67.858,50.84164945,54.9047071553758,2.174,97.9,-0.17803593918060515,-0.5491586452365135,-0.24638880617167808,-0.2667639799214833,-0.9180103677431454,0.5265419001550801
GTM,Guatemala,Latin America & Caribbean,Upper middle income,2022,7,7,1,3.72905957153863,71.206,54.40430069,55.2581228215265,3.051,99.1,-0.11736064710446353,-0.12951540979980203,-0.1225850454064987,-0.250899089361626,-0.770392184165454,0.5728155509490241
GTM,Guatemala,Latin America & Caribbean,Upper middle income,2023,6,7,5,3.7602963695568326,72.602,56.72669983,55.6082319565539,2.344,100.0,-0.0671489040790687,0.045461279766998944,-0.04188061262294662,-0.2351826295574711,-0.8893956685319623,0.6075207890444827
GUM,Guam,East Asia & Pacific,High income,2014,2,8,0,4.530201602600173,76.423,69.27,94.0787476782557,7.6,100.0,1.1704390104361069,0.524391029648622,0.3940048077676591,1.4917654945979117,-0.00469649762620952,0.6075207890444827
GUM,Guam,East Asia & Pacific,High income,2015,2,8,0,4.546119284883629,76.444,73.139999947043,94.079145108702,6.9,100.0,1.196025966304983,0.5270232004802143,0.5284890767372392,1.4917833353195875,-0.12252172967225715,0.6075207890444827
GUM,Guam,East Asia & Pacific,High income,2016,2,8,0,4.555465188542901,76.449,77.009999893206,94.079467256407,5.4,100.0,1.2110490846350381,0.5276499078210691,0.6629733456762392,1.4917977965859477,-0.3750043697709309,0.6075207890444827
GUM,Guam,East Asia & Pacific,High income,2017,2,8,0,4.5656000100151655,76.463,80.5054655600831,94.0797139460527,5.418,100.0,1.227340352743794,0.5294046883754634,0.7844423770330525,1.4918088705269361,-0.3719745780897468,0.6075207890444827
GUY,Guyana,Latin America & Caribbean,High income,2014,9,6,1,3.7382007057868076,67.334,32.0,26.4018152016157,12.637,86.9,-0.1026666863610269,-0.6148375745581495,-0.9011447460006838,-1.5462637440689686,0.843140207825137,0.10236676787725572
GUY,Guyana,Latin America & Caribbean,High income,2015,9,6,1,3.7513111055099224,67.719,34.0,26.4043918297579,13.009,88.0,-0.08159231050875031,-0.5665811093122922,-0.8316438308534693,-1.5461480787847022,0.905755902569608,0.14478428110503794
GUY,Guyana,Latin America & Caribbean,High income,2016,9,6,1,3.768703073174885,68.069,35.65999985,26.4080892882899,13.263,89.0,-0.05363550742700666,-0.5227115954524199,-0.77395807649385,-1.5459820992298094,0.9485096296263168,0.18334565676665834
GUY,Guyana,Latin America & Caribbean,High income,2017,9,6,1,3.7908946519870597,68.543,42.6753006,26.412905546573,13.466,90.0,-0.017963546043660496,-0.4632997395393365,-0.5301731654148796,-1.5457658965600138,0.9826789469196705,0.22190703242827872
GUY,Guyana,Latin America & Caribbean,High income,2018,9,6,1,3.781639569256199,68.829,48.59889984,26.4188378517884,13.627,90.9,-0.03284067383025225,-0.4274520796424148,-0.32432538134220723,-1.5454995943498286,1.0097787502902618,0.2566122705237373
GUY,Guyana,Latin America & Caribbean,High income,2019,8,7,1,3.8065750317058344,69.067,55.31269836,26.4258834773058,13.172,91.6,0.007241956662504534,-0.39762081021770235,-0.09101781071520001,-1.5451833149981613,0.9331923494603307,0.28360523348687117
GUY,Guyana,Latin America & Caribbean,High income,2020,2,2,4,3.8309547709047536,67.751,62.95399857,26.4340397353676,15.308,92.3,0.0464312871108088,-0.5625701823308169,0.17452086803960148,-1.5448171791589163,1.292727628960842,0.3105981964500055
GUY,Guyana,Latin America & Caribbean,High income,2021,2,2,4,3.993915239885453,64.323,71.65090179,26.443303961947,14.576,92.9,0.30838288621480636,-0.9922407352212147,0.4767422344079801,-1.544401306420719,1.1695161005926893,0.3337350218469781
GUY,Guyana,Latin America & Caribbean,High income,2022,9,11,5,4.253180273664589,69.888,76.56240082,26.4536735068183,11.907,93.0,0.7251397267847742,-0.2947154648492599,0.6474190730728079,-1.5439358157526608,0.7202653229771158,0.33759115941313994
GUY,Guyana,Latin America & Caribbean,High income,2023,9,11,5,4.311196339951032,70.18,79.3553009,26.4651457279878,11.917,98.9,0.8183979349411157,-0.25811575614330995,0.7444736288101726,-1.5434208257542974,0.7219485405777735,0.5651032758167005
HKG,"Hong Kong SAR, China",East Asia & Pacific,High income,2014,0,10,0,4.605470692514658,83.9356097560976,79.8662704309064,100.0,3.296,100.0,1.2914306754057072,1.4660325662741307,0.7622300538153413,1.7575715384695452,-0.7291533529493374,0.6075207890444827
HKG,"Hong Kong SAR, China",East Asia & Pacific,High income,2015,0,10,0,4.627695160201144,84.2526829268293,84.9483529634062,100.0,3.314,100.0,1.3271555041701588,1.5057749830112939,0.938834747246546,1.7575715384695452,-0.7261235612681533,0.6075207890444827
HKG,"Hong Kong SAR, China",East Asia & Pacific,High income,2016,0,10,0,4.640821167517694,84.2114634146342,87.47941467087,100.0,3.392,100.0,1.3482549685244756,1.5006084688354653,1.026790299727949,1.7575715384695452,-0.7129944639830222,0.6075207890444827
HKG,"Hong Kong SAR, China",East Asia & Pacific,High income,2017,0,10,0,4.664269843804625,84.6956097560976,89.4159446487565,100.0,3.124,100.0,1.38594765736278,1.5612920820841356,1.0940856025645123,1.7575715384695452,-0.7581046956806518,0.6075207890444827
HKG,"Hong Kong SAR, China",East Asia & Pacific,High income,2018,0,10,0,4.686078002048704,84.869756097561,90.5073953294283,100.0,2.805,100.0,1.4210032874875678,1.583119840199777,1.1320140131368828,1.7575715384695452,-0.8117993371416365,0.6075207890444827
HKG,"Hong Kong SAR, China",East Asia & Pacific,High income,2019,0,10,0,4.684477322379933,85.1558536585366,91.7434003891587,100.0,2.917,100.0,1.4184302671623903,1.6189797285326188,1.1749657545258076,1.7575715384695452,-0.7929473000142689,0.6075207890444827
HKG,"Hong Kong SAR, China",East Asia & Pacific,High income,2020,0,9,0,4.663787869739207,85.4963414634146,92.41313602,100.0,5.808,100.0,1.3851729058052233,1.6616569698903685,1.1982393741508914,1.7575715384695452,-0.3063290916640917,0.6075207890444827
HKG,"Hong Kong SAR, China",East Asia & Pacific,High income,2021,0,9,0,4.6969725642688855,85.5326829268293,93.08715788,100.0,5.174,100.0,1.438515804559746,1.6662120622702519,1.2216619422005057,1.7575715384695452,-0.4130450875457977,0.6075207890444827
HKG,"Hong Kong SAR, China",East Asia & Pacific,High income,2022,0,10,0,4.688649760874176,83.6609756097561,95.61357052,100.0,4.318,100.0,1.425137273730097,1.4316095191617795,1.3094559374602504,1.7575715384695452,-0.5571285141621076,0.6075207890444827
HKG,"Hong Kong SAR, China",East Asia & Pacific,High income,2023,0,10,0,4.703827364926867,85.2473170731707,95.97781908,100.0,2.949,100.0,1.4495345872444596,1.6304438872067961,1.3221137415907782,1.7575715384695452,-0.7875610036921639,0.6075207890444827
HND,Honduras,Latin America & Caribbean,Lower middle income,2014,7,5,1,3.3384329294561508,71.032,23.0,53.8768089124249,7.078,88.7,-0.7452753443691686,-0.15132482526156743,-1.2138988641631494,-0.31290651035512923,-0.09256045638054787,0.17177724406817232
HND,Honduras,Latin America & Caribbean,Lower middle income,2015,7,5,1,3.3562558881199944,71.323,27.1395454833776,54.3828473751434,6.147,90.0,-0.7166257427083436,-0.11485045802378914,-1.0700477644690185,-0.290190355982153,-0.24926801500179138,0.22190703242827872
HND,Honduras,Latin America & Caribbean,Lower middle income,2016,6,5,1,3.363112476603945,71.615,29.5282180796457,54.8868414578857,6.727,91.6,-0.7056040861740733,-0.0782507493178392,-0.9870402987551654,-0.267565974180943,-0.15164139416363753,0.28360523348687117
HND,Honduras,Latin America & Caribbean,Lower middle income,2017,6,5,1,3.38255869989513,71.805,31.7357924661485,55.3877322339915,5.528,86.5,-0.6743451598864801,-0.05443587036533615,-0.9103260786964178,-0.24508090035297048,-0.35345918448251085,0.08694221761260734
HND,Honduras,Latin America & Caribbean,Lower middle income,2018,6,5,1,3.3917539182100644,72.001,36.0400608231468,55.8852577716247,5.648,91.6,-0.6595642614466704,-0.029868942603808485,-0.760750783771128,-0.22274689266379444,-0.33326057327461694,0.28360523348687117
HND,Honduras,Latin America & Caribbean,Lower middle income,2019,6,5,1,3.398344138892685,72.124,39.3883521850111,56.3791561389766,5.698,91.1,-0.6489707791312433,-0.014451942018769202,-0.644396126856587,-0.20057570927774462,-0.3248444852713277,0.26432454565606095
HND,Honduras,Latin America & Caribbean,Lower middle income,2020,4,4,5,3.3631633426132694,70.864,45.24829865,56.8691654042685,10.982,93.1,-0.7055223213597845,-0.17238219191430468,-0.44076030584138026,-0.17857910835780313,0.5645676949162668,0.34144729697930176
HND,Honduras,Latin America & Caribbean,Lower middle income,2021,4,4,5,3.436980754157613,69.492,51.95159912,57.3550236357547,8.506,94.1,-0.5868641638525868,-0.3443506862450001,-0.20781754725550372,-0.1567688480654718,0.14780301699338952,0.38000867264092214
HND,Honduras,Latin America & Caribbean,Lower middle income,2022,4,4,5,3.4775972654448752,72.715,56.88069916,57.8364689017254,8.774,94.4,-0.5215749550753095,0.05962486567032876,-0.03652906543941775,-0.1351566865606401,0.19291324869101903,0.3915770853394087
HND,Honduras,Latin America & Caribbean,Lower middle income,2023,7,7,1,3.5088605489068465,72.884,58.0685997,58.3132392705102,6.07,95.6,-0.47132063789440554,0.08080757379123765,0.0047510218775174565,-0.11375438200142873,-0.2622287905268566,0.43785073613335274
HRV,Croatia,Europe & Central Asia,High income,2014,0,3,4,4.151882289581342,77.7243902439024,68.5678992528467,55.4591834926844,17.209,100.0,0.5623077891830194,0.6875091934828442,0.36960648554131054,-0.24187344095573027,1.6127072948458945,0.6075207890444827
HRV,Croatia,Europe & Central Asia,High income,2015,0,3,4,4.089332173327542,77.2756097560976,69.8450359238281,55.5812594509004,16.15,100.0,0.46176130033630236,0.6312583882548644,0.4139875692419479,-0.23639343001512683,1.4344545509362305,0.6075207890444827
HRV,Croatia,Europe & Central Asia,High income,2016,0,4,4,4.107893627928305,77.9219512195122,72.6972696701463,55.7294398599808,13.015,100.0,0.4915980008856965,0.7122717762190823,0.5131039970333892,-0.22974158574692996,0.9067658331300028,0.6075207890444827
HRV,Croatia,Europe & Central Asia,High income,2017,0,4,4,4.1430706555080326,77.7268292682927,67.0961920368478,55.9009887365155,11.078,100.0,0.5481434850995796,0.6878149043808293,0.31846398637096895,-0.22204072692102547,0.5807265838825819,0.6075207890444827
HRV,Croatia,Europe & Central Asia,High income,2018,6,11,5,4.189219797901575,77.919512195122,75.2946259897258,56.093170097094,8.322,100.0,0.622326148679777,0.7119660653211097,0.6033633176204775,-0.21341367230731645,0.11683181314128535,0.6075207890444827
HRV,Croatia,Europe & Central Asia,High income,2019,6,11,5,4.192110025022402,78.2243902439024,79.0797836757554,56.303247958306,6.551,100.0,0.6269720583338799,0.7501799275683746,0.7348992791982623,-0.2039832406756973,-0.18126602393521526,0.6075207890444827
HRV,Croatia,Europe & Central Asia,High income,2020,6,11,5,4.170483526127696,77.5243902439024,78.32090004,56.5284863367411,7.389,100.0,0.5922084374145015,0.6624408998486316,0.7085277256106396,-0.19387225079606668,-0.04021238900008953,0.6075207890444827
HRV,Croatia,Europe & Central Asia,High income,2021,6,11,5,4.250146324764097,76.4243902439025,81.25396608,56.7683502560171,7.483,100.0,0.7202627908563572,0.5245652848604762,0.8104531125942478,-0.18310471785102309,-0.02439014355390607,0.6075207890444827
HRV,Croatia,Europe & Central Asia,High income,2022,6,11,5,4.266362046449018,77.5756097560976,82.07155532,56.9977571733605,6.811,100.0,0.7463288316118819,0.668860828706184,0.8388647127915058,-0.17280660153669045,-0.13750236631811186,0.6075207890444827
HRV,Croatia,Europe & Central Asia,High income,2023,6,11,5,4.346044318724648,78.4731707317073,83.24117599,57.2431560672198,6.121,100.0,0.8744144880499068,0.7813624391621526,0.879509566261555,-0.16179060262246062,-0.2536443807635017,0.6075207890444827
HTI,Haiti,Latin America & Caribbean,Lower middle income,2014,5,1,2,3.1644090683363566,62.969,11.39999962,48.7723916158687,13.808,39.6,-1.025010847020312,-1.1619530831248301,-1.6170041852221675,-0.5420446882512293,1.040244988862168,-1.721586300917389
HTI,Haiti,Latin America & Caribbean,Lower middle income,2015,5,1,2,3.149566054632659,63.224,14.19999981,49.4334707759572,13.785,40.8,-1.0488703216495037,-1.1299910087412102,-1.5197028974134803,-0.5123687300786949,1.0363735883806553,-1.6753126501234448
HTI,Haiti,Latin America & Caribbean,Lower middle income,2016,5,1,2,3.1200480777248836,63.325,22.79999924,50.087821148256,13.902,40.4,-1.096319137314255,-1.1173315204559322,-1.2208489820882187,-0.48299482835727026,1.0560672343083517,-1.690737200388093
HTI,Haiti,Latin America & Caribbean,Lower middle income,2017,5,1,2,3.1446487478896503,63.832,27.20000076,50.735083378449,13.932,43.3,-1.0567746703094754,-1.0537833960932046,-1.067946915943651,-0.4539391145645417,1.0611168871103254,-1.5789092109693939
HTI,Haiti,Latin America & Caribbean,Lower middle income,2018,5,1,2,3.1750420370895256,64.077,32.4736271300557,51.374898112219,13.934,44.4,-1.0079188296400396,-1.023074736391295,-0.8846859865119739,-0.42521772017814474,1.0614535306304567,-1.5364916977416114
HTI,Haiti,Latin America & Caribbean,Lower middle income,2019,5,1,2,3.1310319520353698,64.328,35.76409912,52.0069059952475,14.095,45.4,-1.0786630550877736,-0.9916140278803582,-0.7703405792282715,-0.3968467766757736,1.0885533340010478,-1.4979303220799909
HTI,Haiti,Latin America & Caribbean,Lower middle income,2020,4,1,2,3.1106992419408073,63.773,39.38809967,52.6307476732151,15.573,46.3,-1.1113469689025985,-1.0611785427152969,-0.6444049018687669,-0.36884241553516267,1.3373328953782744,-1.4632250839845327
HTI,Haiti,Latin America & Caribbean,Lower middle income,2021,4,1,2,3.2651320755594457,62.613,43.37919998,53.2460637918026,15.296,47.2,-0.8631031587712277,-1.2065746457937279,-0.505712339874101,-0.341220768234037,1.2907077678400525,-1.4285198458890742
HTI,Haiti,Latin America & Caribbean,Lower middle income,2022,4,1,2,3.2456671989847496,63.948,47.77470016,53.8524949966907,14.54,49.3,-0.8943920693701992,-1.0392437857853616,-0.3529666973542279,-0.31399796625012666,1.1634565172303208,-1.3475409569996715
HTI,Haiti,Latin America & Caribbean,Lower middle income,2023,4,1,2,3.2319174383386864,64.936,47.99269867,54.4496819335618,14.459,51.3,-0.9164941890502798,-0.9154064152323528,-0.3453911493813633,-0.28719014106108554,1.1498224546649927,-1.2704182056764306
HUN,Hungary,Europe & Central Asia,High income,2014,5,9,5,4.156927612522902,75.7634146341463,75.6531974544103,70.3071053512008,7.725,100.0,0.5704179181044967,0.44171763150837284,0.6158238400911025,0.42465234691422016,0.01634372238201329,0.6075207890444827
HUN,Hungary,Europe & Central Asia,High income,2015,5,9,5,4.106630793185695,75.5682926829269,72.8347370323805,70.4847717285156,6.813,100.0,0.4895680510316009,0.41726075967013043,0.5178810507724646,0.4326278214113344,-0.13716572279798034,0.6075207890444827
HUN,Hungary,Europe & Central Asia,High income,2016,5,9,5,4.121095446718466,76.0634146341464,79.2594121273057,70.4733810424805,5.115,100.0,0.512819328762297,0.4793200719597032,0.7411414500828738,0.4321164915392978,-0.4229760713896789,0.6075207890444827
HUN,Hungary,Europe & Central Asia,High income,2017,5,9,5,4.1683845291624335,75.8170731707317,76.7505471201922,70.4542541503906,4.156,100.0,0.5888343945254246,0.44844327126389777,0.6539572430952681,0.4312578820354761,-0.5843966392927644,0.6075207890444827
HUN,Hungary,Europe & Central Asia,High income,2018,4,9,0,4.220240372073752,76.0658536585366,76.0743606365063,70.4711761474609,3.667,100.0,0.6721903216313679,0.47962578285767576,0.6304594533820947,0.4320175134193889,-0.666705979964932,0.6075207890444827
HUN,Hungary,Europe & Central Asia,High income,2019,4,9,0,4.230777324487768,76.3195121951219,80.3716936050482,70.4565277099609,3.411,100.0,0.6891279970798914,0.5114197162474007,0.7797937403850737,0.4313599425189769,-0.7097963505417724,0.6075207890444827
HUN,Hungary,Europe & Central Asia,High income,2020,4,9,0,4.214497621918932,75.419512195122,84.77115202,70.2917327880859,4.248,100.0,0.662959109941078,0.3986123948934578,0.932676933380706,0.4239622698893422,-0.5689110373667123,0.6075207890444827
HUN,Hungary,Europe & Central Asia,High income,2021,4,9,0,4.279453122970877,74.0658536585366,88.64083466,70.2059275331413,4.021,100.0,0.767372146290241,0.2289428465155542,1.0671501757853503,0.42011045711040307,-0.607120076901645,0.6075207890444827
HUN,Hungary,Europe & Central Asia,High income,2022,4,9,0,4.265478882916181,75.8682926829268,89.14282688,70.1585064243445,3.583,100.0,0.7449091860920571,0.4548632001214376,1.0845946351287414,0.4179817153104634,-0.6808450078104576,0.6075207890444827
HUN,Hungary,Europe & Central Asia,High income,2023,4,10,0,4.346951727242645,76.5707317073171,91.4500713,70.2923026891431,4.096,100.0,0.875873106289144,0.5429079387391638,1.1647724344578938,0.4239878528466598,-0.5944959448967113,0.6075207890444827
IDN,Indonesia,East Asia & Pacific,Upper middle income,2014,7,5,1,3.5366932656145265,69.292,17.1431598350566,52.5002136230469,4.049,97.0,-0.4265808019416211,-0.3694189798792126,-1.417426739830414,-0.3747021116907097,-0.602407067619803,0.4918366620596215
IDN,Indonesia,East Asia & Pacific,Upper middle income,2015,7,5,1,3.516961222771293,69.52,22.062742603379,53.1720771789551,4.514,97.5,-0.4582991702594352,-0.34084112513621145,-1.246468987559977,-0.3445420401190802,-0.5241374491892142,0.5111173498904317
IDN,Indonesia,East Asia & Pacific,Upper middle income,2016,7,6,1,3.5467239231833543,69.733,25.447353701827,53.812557220459,4.301,97.6,-0.4104569726064818,-0.3141433924157745,-1.1288522031801995,-0.31579077995309895,-0.5599899840832259,0.5149734874565935
IDN,Indonesia,East Asia & Pacific,Upper middle income,2017,7,6,1,3.579655948053581,69.953,32.335806250688,54.4541015625,3.783,98.1,-0.35752022892596286,-0.28656826941814123,-0.8894753251331983,-0.2869917431513849,-0.6471806557973012,0.5342541752874037
IDN,Indonesia,East Asia & Pacific,Upper middle income,2018,7,6,1,3.5866945746382934,70.08,39.9046386385762,55.0956840515137,4.387,98.5,-0.34620595436051743,-0.2706499029604171,-0.6264549363561448,-0.2581909939254492,-0.5455143127175687,0.5496787255520521
IDN,Indonesia,East Asia & Pacific,Upper middle income,2019,7,7,1,3.6135192634692794,70.349,47.6906489788375,55.7382049560547,3.59,98.9,-0.3030864777248915,-0.23693304802240106,-0.35588751435922694,-0.22934811906370775,-0.6796667554899972,0.5651032758167005
IDN,Indonesia,East Asia & Pacific,Upper middle income,2020,7,7,1,3.5858782284334993,68.817,53.72649449,56.2785287648768,4.255,97.0,-0.3475181940411336,-0.42895617726046753,-0.14613912100272664,-0.20509288955672617,-0.5677327850462519,0.4918366620596215
IDN,Indonesia,East Asia & Pacific,Upper middle income,2021,7,8,5,3.632171023097037,67.452,62.10447842,56.8761702464027,3.827,99.2,-0.2731046159202768,-0.6000472813139649,0.14499965410910187,-0.17826465977928205,-0.6397744983544068,0.5766716885151865
IDN,Indonesia,East Asia & Pacific,Upper middle income,2022,7,8,5,3.674937787258587,70.925,66.48461277,57.4934704226599,3.462,100.0,-0.20435897269346243,-0.16473636235587086,0.2972113270054767,-0.15055394778519304,-0.7012119407784174,0.6075207890444827
IDN,Indonesia,East Asia & Pacific,Upper middle income,2023,7,8,5,3.6880911062554187,71.146,69.20836554,58.1179353397878,3.308,99.4,-0.18321560604573206,-0.13703589789006596,0.39186298208035714,-0.12252160933056387,-0.7271334918285479,0.5843839636475107
IND,India,South Asia,Lower middle income,2014,9,5,1,3.1914185839069296,68.932,13.5,32.2288233408821,7.656,85.1,-0.9815942697424579,-0.4145419084207944,-1.5440282111124184,-1.2846883378971297,0.0047295209374743075,0.032956291686338575
IND,India,South Asia,Lower middle income,2015,9,5,1,3.1997546725174093,69.326,14.89999962,32.5472990022299,7.629,88.0,-0.9681943835280508,-0.3651573699613975,-1.495377583714542,-1.2703919102138514,0.00018483341569815753,0.14478428110503794
IND,India,South Asia,Lower middle income,2016,9,5,1,3.232362983427339,69.709,16.5,32.8650780972823,7.611,89.6,-0.9157779954287503,-0.31715158765188006,-1.4397768383915965,-1.2561267515124057,-0.0028449582654858927,0.20648248216363035
IND,India,South Asia,Lower middle income,2017,9,6,1,3.2900579251809203,70.068,18.20000076,33.1821328157539,7.626,91.8,-0.8230359804658907,-0.2721540005784699,-1.3807010341061163,-1.2418941102013283,-0.0003201318644990596,0.29131750861919536
IND,India,South Asia,Lower middle income,2018,9,6,1,3.293639740988341,70.415,20.0813000379384,33.4984353473598,7.652,95.7,-0.8172783732110848,-0.22866051112311073,-1.31532502336486,-1.2276952346891328,0.004056233897211252,0.4417068736995151
IND,India,South Asia,Lower middle income,2019,9,6,1,3.3099342027233996,70.746,29.52350044,33.8139578818147,6.51,95.9,-0.7910857613786839,-0.187172485158491,-0.987204238891521,-1.21353137338435,-0.1881672160979124,0.4494191488318393
IND,India,South Asia,Lower middle income,2020,9,6,1,3.2803603754906603,70.156,43.40544313,34.1286726088333,7.859,96.5,-0.8386243539201604,-0.2611239513794155,-0.5048003784034283,-1.199403774695512,0.0388988382308282,0.4725559742288113
IND,India,South Asia,Lower middle income,2021,9,7,1,3.3501731433259834,67.282,49.2580986,34.4425517181304,6.38,99.6,-0.7264034804363899,-0.6213553309030454,-0.30141792280025287,-1.1853136870311447,-0.21004904490646412,0.5920962387798343
IND,India,South Asia,Lower middle income,2022,9,8,1,3.370596035133071,71.698,55.9,34.7555673994206,4.822,99.2,-0.6935746035887898,-0.06784740745964135,-0.07060880999147005,-1.1712623587997848,-0.4722943470889532,0.5766716885151865
IND,India,South Asia,Lower middle income,2023,9,8,1,3.4031411733240367,72.003,60.25230026,35.0676918424186,4.172,99.5,-0.641259762784093,-0.029618259667466947,0.08063561554125985,-1.1572510384099632,-0.5817034911317119,0.5882401012136725
IRL,Ireland,Europe & Central Asia,High income,2014,0,6,0,4.757506395255485,81.3487804878049,83.4917223351728,62.535401730577,11.858,100.0,1.535821205839051,1.1417955878784523,0.8882161663997045,0.07577922324157074,0.7120175567338924,0.6075207890444827
IRL,Ireland,Europe & Central Asia,High income,2015,4,11,0,4.807874068308278,81.4536585365854,83.4947916666667,62.6392123492764,9.908,100.0,1.6167849670619598,1.1549411564915153,0.8883228270735627,0.08043929992282,0.38379012460561646,0.6075207890444827
IRL,Ireland,Europe & Central Asia,High income,2016,4,11,0,4.807058240913111,81.6536585365854,83.5,62.7229399123734,8.374,100.0,1.6154735613444045,1.1800094501257277,0.8885038190400908,0.08419784475430762,0.12558454466470628,0.6075207890444827
IRL,Ireland,Europe & Central Asia,High income,2017,3,11,0,4.85830497894905,82.1560975609756,84.1140070623844,62.9035196521232,6.713,100.0,1.6978503798534856,1.2429858951092307,0.9098408454113751,0.09230410059650494,-0.15399789880455853,0.6075207890444827
IRL,Ireland,Europe & Central Asia,High income,2018,3,11,0,4.907433463632379,82.2048780487805,87.0001401148942,63.0844503476779,5.741,100.0,1.7768222016999138,1.249100113068798,1.0101352896044022,0.10042611090566375,-0.31760664958849916,0.6075207890444827
IRL,Ireland,Europe & Central Asia,High income,2019,3,11,0,4.912900179139442,82.7024390243903,87.0000552425146,63.2737009154127,4.95,100.0,1.785609700152017,1.3114651362563559,1.0101323402503763,0.10892160172021965,-0.45074916180053304,0.6075207890444827
IRL,Ireland,Europe & Central Asia,High income,2020,3,11,0,4.93708674667528,82.4560975609756,91.99989097,63.4713366724915,5.623,100.0,1.8244885158702007,1.2805883355605503,1.1838789195733632,0.1177935051389913,-0.33746861727626143,0.6075207890444827
IRL,Ireland,Europe & Central Asia,High income,2021,3,11,0,5.016128087995851,82.2536585365854,93.50610352,63.6774229356985,6.357,100.0,1.9515439047246639,1.2552143310283652,1.236220494888973,0.12704475324375092,-0.21392044538797705,0.6075207890444827
IRL,Ireland,Europe & Central Asia,High income,2022,3,11,0,5.021977287171231,82.509756097561,95.03690338,63.8920250215059,4.465,100.0,1.9609462284112151,1.2873139753160736,1.289416490477587,0.1366782781022663,-0.5323852154324376,0.6075207890444827
IRL,Ireland,Europe & Central Asia,High income,2023,3,11,0,5.028648171025927,82.8073170731707,96.8660965,64.1152082461268,4.243,100.0,1.9716693731352375,1.3246107048694062,1.3529817883880813,0.14669701177067362,-0.5697526461670412,0.6075207890444827
IRN,"Iran, Islamic Rep.","Middle East, North Africa, Afghanistan & Pakistan",Upper middle income,2014,3,4,5,3.753741101755681,75.635,39.353614505223,72.8324070385223,10.68,100.0,-0.07768620121503836,0.4256219527298265,-0.6456032771242689,0.5380135777174284,0.5137345233764006,0.6075207890444827
IRN,"Iran, Islamic Rep.","Middle East, North Africa, Afghanistan & Pakistan",Upper middle income,2015,3,4,5,3.6948449646539623,75.907,45.3349761533285,73.3561403575949,11.166,100.0,-0.17235908348730722,0.459714832072354,-0.43774822293937715,0.5615240572616333,0.595538898768371,0.6075207890444827
IRN,"Iran, Islamic Rep.","Middle East, North Africa, Afghanistan & Pakistan",Upper middle income,2016,3,4,5,3.7566817007562836,76.155,53.2267716709857,73.8796100096595,12.618,100.0,-0.07295932103759666,0.49079951617877765,-0.16350471762344657,0.585022700748112,0.8399420943838871,0.6075207890444827
IRN,"Iran, Islamic Rep.","Middle East, North Africa, Afghanistan & Pakistan",Upper middle income,2017,2,5,5,3.778218811508857,76.396,64.0439736249513,74.4011840820312,12.232,99.9,-0.03833938752240383,0.5210068100080032,0.21239799994297698,0.6084362513333531,0.7749698949984949,0.6036646514783208
IRN,"Iran, Islamic Rep.","Middle East, North Africa, Afghanistan & Pakistan",Upper middle income,2018,2,5,5,3.6797013500115376,76.621,70.2005650008363,74.8034286499023,12.195,100.0,-0.19670176055868746,0.5492086403464912,0.4263423673487051,0.6264930797616977,0.7687419898760611,0.6075207890444827
IRN,"Iran, Islamic Rep.","Middle East, North Africa, Afghanistan & Pakistan",Upper middle income,2019,2,5,5,3.6017877711321766,76.855,72.4509047672065,75.2038879394531,10.74,100.0,-0.32194432218743,0.5785385438985206,0.5045427039261536,0.6444697667365545,0.5238338289803476,0.6075207890444827
IRN,"Iran, Islamic Rep.","Middle East, North Africa, Afghanistan & Pakistan",Upper middle income,2020,3,5,5,3.505489143166053,74.141,75.56986637,75.5986404418945,9.687,100.0,-0.47674002046340036,0.2383617992822617,0.6129280467777395,0.6621902750481252,0.34659101563107847,0.6075207890444827
IRN,"Iran, Islamic Rep.","Middle East, North Africa, Afghanistan & Pakistan",Upper middle income,2021,3,5,5,3.6632436687789007,73.752,78.5957366,75.9926376342773,9.282,100.0,-0.2231567403669726,0.1896039681637178,0.7180784218285956,0.6798768773601429,0.2784207028044367,0.6075207890444827
IRN,"Iran, Islamic Rep.","Middle East, North Africa, Afghanistan & Pakistan",Upper middle income,2022,2,5,5,3.6740528005321673,76.799,81.71649933,76.3342208862305,9.085,100.0,-0.20578154891468656,0.5715194216809415,0.8265263546747558,0.6952106087941278,0.2452613160714777,0.6075207890444827
IRN,"Iran, Islamic Rep.","Middle East, North Africa, Afghanistan & Pakistan",Upper middle income,2023,3,6,5,3.703231115916298,77.654,83.71050262,76.6759567260742,8.129,100.0,-0.1588787238194847,0.6786863769671971,0.8958188814055339,0.7105511899249868,0.0843457134485894,0.6075207890444827
IRQ,Iraq,"Middle East, North Africa, Afghanistan & Pakistan",Upper middle income,2014,4,3,1,3.7958377858705226,69.679,11.6453267304545,69.6666641235352,10.59,99.2,-0.010017681421046901,-0.320911831697012,-1.6084789558786627,0.3959028291081729,0.4985855649704802,0.5766716885151865
IRQ,Iraq,"Middle East, North Africa, Afghanistan & Pakistan",Upper middle income,2015,4,3,1,3.64739684897845,69.977,15.21440029,69.920524597168,10.865,99.4,-0.24862978799260654,-0.28356007418203566,-1.4844520165705934,0.40729866980624935,0.5448740489885704,0.5843839636475107
IRQ,Iraq,"Middle East, North Africa, Afghanistan & Pakistan",Upper middle income,2016,4,3,1,3.6369310882210444,68.683,19.87719917,69.9123778259643,10.82,99.7,-0.2654530260661722,-0.44575193399538793,-1.32241762191689,0.4069329598337102,0.5372995697856102,0.5959523763459967
IRQ,Iraq,"Middle East, North Africa, Afghanistan & Pakistan",Upper middle income,2017,3,3,4,3.677541679882779,69.788,25.96920013,69.8944511190753,13.02,99.9,-0.20017333281976404,-0.30724961166636705,-1.1107178010180352,0.40612822685175076,0.9076074419303316,0.6036646514783208
IRQ,Iraq,"Middle East, North Africa, Afghanistan & Pakistan",Upper middle income,2018,3,3,4,3.751793893634387,71.116,33.92810059,69.8765148865842,13.458,99.9,-0.08081625038801686,-0.14079614193519793,-0.8341423682502417,0.4053230662638609,0.9813323728391444,0.6036646514783208
IRQ,Iraq,"Middle East, North Africa, Afghanistan & Pakistan",Upper middle income,2019,3,3,4,3.7537252623255974,71.245,44.3263465511579,69.8683395385742,14.096,100.0,-0.07771166238402757,-0.12462709254113048,-0.472798563137091,0.4049560734735298,1.0887216557611137,0.6075207890444827
IRQ,Iraq,"Middle East, North Africa, Afghanistan & Pakistan",Upper middle income,2020,3,3,4,3.6329823243492205,69.651,53.67779922,69.8683166503906,15.766,100.0,-0.27180048577329213,-0.32442139280580246,-0.14783130391689708,0.40495504601899723,1.3698189950709703,0.6075207890444827
IRQ,Iraq,"Middle East, North Africa, Afghanistan & Pakistan",Upper middle income,2021,2,3,4,3.687394666837709,70.704,65.00219727,69.8682708740234,16.173,100.0,-0.18433510097778055,-0.19243682682167576,0.2456967100662688,0.4049529911099328,1.4383259514177436,0.6075207890444827
IRQ,Iraq,"Middle East, North Africa, Afghanistan & Pakistan",Upper middle income,2022,1,4,4,3.8142963209463145,72.037,78.71560926,69.8682861328125,15.41,100.0,0.019653580636953223,-0.025356649749650125,0.722244051614161,0.4049536760796227,1.3098964484875517,0.6075207890444827
IRQ,Iraq,"Middle East, North Africa, Afghanistan & Pakistan",Upper middle income,2023,1,4,4,3.775633625591735,72.324,81.80889893,69.868278503418,15.239,100.0,-0.04249495720876403,0.010616351615443314,0.8297372830543738,0.40495333359478,1.2811134275163032,0.6075207890444827
ISL,Iceland,Europe & Central Asia,High income,2014,0,9,0,4.741469636072923,82.8609756097561,98.1580233097118,93.6196716315805,4.897,100.0,1.5100428392290768,1.3313363446249313,1.397876836177177,1.4711574912276018,-0.4596702150840195,0.6075207890444827
ISL,Iceland,Europe & Central Asia,High income,2015,0,10,0,4.72840002102752,82.4682926829268,98.19999695,93.727919768566,3.979,100.0,1.4890340229055155,1.2821168900504383,1.399335439383222,1.4760167688744819,-0.6141895908244078,0.6075207890444827
ISL,Iceland,Europe & Central Asia,High income,2016,0,10,0,4.798333547493935,82.2048780487805,98.23999786,93.7822647094726,2.978,100.0,1.6014490104386505,1.249100113068798,1.4007254893090828,1.478456322698894,-0.7826796726502562,0.6075207890444827
ISL,Iceland,Europe & Central Asia,High income,2017,0,10,0,4.86318227468194,82.6609756097561,98.2552011867973,93.7718982310092,2.742,100.0,1.7056904126204815,1.3062680509907187,1.4012538118719298,1.4779909696824187,-0.8224036080257808,0.6075207890444827
ISL,Iceland,Europe & Central Asia,High income,2018,0,10,0,4.878716294816228,82.8609756097561,99.0109539916991,93.8526667025487,2.704,100.0,1.7306606489001297,1.3313363446249313,1.4275165676548045,1.4816166803805821,-0.8287998349082805,0.6075207890444827
ISL,Iceland,Europe & Central Asia,High income,2019,0,10,0,4.840710137027354,83.1634146341463,99.5049411693787,93.9770847416131,3.507,100.0,1.6695674655602275,1.3692444959742236,1.4446828481146656,1.4872018277367467,-0.6936374615754572,0.6075207890444827
ISL,Iceland,Europe & Central Asia,High income,2020,0,9,0,4.779076320410026,83.0634146341463,99.5327519,94.1367102874722,5.478,100.0,1.5704938870244185,1.3567103491571164,1.4456492837292119,1.4943674461803056,-0.3618752724857999,0.6075207890444827
ISL,Iceland,Europe & Central Asia,High income,2021,0,9,0,4.8477293619951904,83.1658536585366,99.68701957,94.2108206403841,6.029,100.0,1.6808505529021835,1.3695502068722085,1.4510101558505266,1.4976942727783047,-0.2691299826895538,0.6075207890444827
ISL,Iceland,Europe & Central Asia,High income,2022,0,10,0,4.882811629755096,82.119512195122,97.58339691,94.1787071228028,3.789,100.0,1.7372437149824325,1.2384002316395655,1.3779083058533177,1.4962526914034089,-0.6461707252369066,0.6075207890444827
ISL,Iceland,Europe & Central Asia,High income,2023,0,10,0,4.914548297186337,82.4560975609756,97.94860077,94.1518261784801,3.518,100.0,1.7882589755290244,1.2805883355605503,1.390599307095965,1.495046001149776,-0.6917859222147336,0.6075207890444827
ISR,Israel,"Middle East, North Africa, Afghanistan & Pakistan",High income,2014,1,8,0,4.583689540333726,82.1536585365854,75.0177531628076,91.7151980935716,5.789,100.0,1.2564184563085816,1.242680184211258,0.5937418601953716,1.3856653437409303,-0.3095272051053416,0.6075207890444827
ISR,Israel,"Middle East, North Africa, Afghanistan & Pakistan",High income,2015,1,8,0,4.558865753666814,82.0512195121951,77.3520896572253,91.7042921554705,5.176,100.0,1.2165153395963675,1.2298403264961677,0.6748611215071574,1.3851757742877393,-0.4127084440256662,0.6075207890444827
ISR,Israel,"Middle East, North Africa, Afghanistan & Pakistan",High income,2016,2,9,0,4.576013361858558,82.4073170731707,79.6531241815281,91.6894623646632,4.723,100.0,1.2440793458534192,1.274474117600983,0.7548231241193472,1.3845100624059037,-0.4889582013354657,0.6075207890444827
ISR,Israel,"Middle East, North Africa, Afghanistan & Pakistan",High income,2017,1,9,0,4.6142481457904045,82.5512195121951,81.5811835871611,91.6701057535759,4.14,100.0,1.3055400353997242,1.292511060581698,0.8218240706941915,1.3836411407764395,-0.5870897874538169,0.6075207890444827
ISR,Israel,"Middle East, North Africa, Afghanistan & Pakistan",High income,2018,1,10,0,4.626983276222837,82.8024390243903,83.7331569615326,91.6456193546346,3.917,100.0,1.3260111828039987,1.3239992830734613,0.8966061301398206,1.3825419420803553,-0.6246255399484864,0.6075207890444827
ISR,Israel,"Middle East, North Africa, Afghanistan & Pakistan",High income,2019,1,10,0,4.645919471540673,82.8048780487805,86.7878776180583,91.6154002002652,3.731,100.0,1.356450262143175,1.3243049939714338,1.0027590707136387,1.3811853989986527,-0.6559333873207219,0.6075207890444827
ISR,Israel,"Middle East, North Africa, Afghanistan & Pakistan",High income,2020,1,10,0,4.6490969238809665,82.6487804878049,90.12734091,91.5788453228939,4.169,100.0,1.361557873374431,1.304739496500831,1.1188069481588776,1.379544444212349,-0.5822084564119092,0.6075207890444827
ISR,Israel,"Middle East, North Africa, Afghanistan & Pakistan",High income,2021,1,9,0,4.718260011276716,82.5,90.29689758,91.5353517549466,4.812,100.0,1.472734414873167,1.2860911317241583,1.124699120026035,1.3775920104024473,-0.473977564689611,0.6075207890444827
ISR,Israel,"Middle East, North Africa, Afghanistan & Pakistan",High income,2022,1,10,0,4.739964705740027,82.7,91.85079615,91.4979834273327,3.695,100.0,1.50762373163993,1.3111594253583707,1.1786978063565086,1.3759145396936454,-0.6619929706830902,0.6075207890444827
ISR,Israel,"Middle East, North Africa, Afghanistan & Pakistan",High income,2023,1,10,0,4.716034411892273,83.1951219512195,87.03842615,91.5089569794505,3.371,100.0,1.4691568643091162,1.3732187376479437,1.0114657468430086,1.3764071443517751,-0.7165292209444035,0.6075207890444827
ITA,Italy,Europe & Central Asia,High income,2014,0,5,0,4.556644365871619,83.090243902439,55.6384602242293,69.5807638614879,12.683,100.0,1.2129445589719543,1.3600731690348788,-0.07969743687320052,0.39204675144391216,0.8508830087881629,0.6075207890444827
ITA,Italy,Europe & Central Asia,High income,2015,0,5,0,4.4862871022351545,82.5439024390244,58.1417349568747,69.6100006103516,11.896,100.0,1.099848433062203,1.2915939278877662,0.0072925055186765855,0.39335919417204807,0.7184137836163923,0.6075207890444827
ITA,Italy,Europe & Central Asia,High income,2016,0,5,0,4.496813026973372,83.2439024390244,61.3242527666303,69.5969232525286,11.688,100.0,1.116768382019585,1.3793329556075091,0.11788645564383818,0.3927721493108685,0.6834028575227095,0.6075207890444827
ITA,Italy,Europe & Central Asia,High income,2017,0,7,0,4.51645757282913,82.9463414634147,63.0773469984291,69.5180784259382,11.211,100.0,1.148346102878973,1.3420362260541763,0.17880728236849794,0.3892327913681614,0.6031133779713311,0.6075207890444827
ITA,Italy,Europe & Central Asia,High income,2018,0,7,0,4.54287654616494,83.3463414634146,74.3871829234822,69.4800033569336,10.538,100.0,1.190813410166981,1.3921728133225888,0.5718292558465151,0.38752359491573385,0.4898328334470595,0.6075207890444827
ITA,Italy,Europe & Central Asia,High income,2019,0,7,0,4.5290809908745,83.4975609756098,67.8507102874836,69.5050010681153,9.884,100.0,1.1686376776628837,1.4111268889972466,0.3446838408282006,0.38864574650698697,0.3797504023640378,0.6075207890444827
ITA,Italy,Europe & Central Asia,High income,2020,0,7,0,4.506389836578429,82.1951219512195,70.48342785,69.5187492370606,9.192,100.0,1.1321626712361696,1.2478772694768827,0.4361719807877177,0.3892629041958105,0.2632717443985163,0.6075207890444827
ITA,Italy,Europe & Central Asia,High income,2021,0,7,0,4.566467456201838,82.6463414634146,74.8623274,69.4812507629394,9.497,100.0,1.2287347333390202,1.3044337856028458,0.5883407438190806,0.3875795911877195,0.3146098812185799,0.6075207890444827
ITA,Italy,Europe & Central Asia,High income,2022,4,11,0,4.552107093351199,82.7,85.06074504,69.4839779766539,8.069,100.0,1.2056510981729718,1.3111594253583707,0.9427404233358287,0.3877020162844484,0.07424640784464266,0.6075207890444827
ITA,Italy,Europe & Central Asia,High income,2023,4,11,0,4.594139236178666,83.3512195121951,87.0278292,69.5381540123301,7.627,100.0,1.2732158707604062,1.3927842351185464,1.0110974979816236,0.39013398792376797,-0.00015181010443337037,0.6075207890444827
JAM,Jamaica,Latin America & Caribbean,Upper middle income,2014,4,4,5,3.6968029715716804,72.357,40.4027351046672,54.8660395670395,9.046,93.3,-0.16921167573645146,0.014752620065088477,-0.6091458562436858,-0.26849977466949393,0.2386967674289119,0.3491595721116259
JAM,Jamaica,Latin America & Caribbean,Upper middle income,2015,4,4,5,3.7274849075326695,72.214,42.2212211907441,55.1995248014924,8.825,94.9,-0.11989184842582046,-0.0031712098833733032,-0.5459526326612753,-0.25352956464584525,0.20149765845437398,0.4108577731702189
JAM,Jamaica,Latin America & Caribbean,Upper middle income,2016,4,4,5,3.724463930301651,72.052,44.3668563671334,55.549259277615,8.634,96.6,-0.12474793298100056,-0.02347652772708414,-0.4713908284957196,-0.23782992334491831,0.1693482022818097,0.4764121117949731
JAM,Jamaica,Latin America & Caribbean,Upper middle income,2017,7,7,1,3.748609352803851,71.879,55.0720670507751,55.9152267548307,7.399,97.4,-0.08593525604741806,-0.04516060172067789,-0.09937985881730156,-0.22140157980901395,-0.03852917139943174,0.5072612123242699
JAM,Jamaica,Latin America & Caribbean,Upper middle income,2018,7,8,5,3.7764762531833083,71.606,68.2145170876072,56.297410990325,5.47,98.2,-0.041140471385039866,-0.07937882253137878,0.357326293600886,-0.20424526318089248,-0.3632218465663262,0.5381103128535661
JAM,Jamaica,Latin America & Caribbean,Upper middle income,2019,7,8,5,3.780366930090467,71.532,70.8410169743356,56.6957957395074,4.987,98.9,-0.034886383852019906,-0.08865409117603704,0.44859836648172546,-0.18636170268303928,-0.4445212566780991,0.5651032758167005
JAM,Jamaica,Latin America & Caribbean,Upper middle income,2020,7,9,5,3.7241976328468196,71.452,76.38400269,57.1103647563627,6.501,99.7,-0.12517599412102248,-0.09868140862972169,0.6412196564250323,-0.16775162760189544,-0.18968211193850437,0.5959523763459967
JAM,Jamaica,Latin America & Caribbean,Upper middle income,2021,7,9,5,3.7501748754317354,69.085,82.36071561,57.5411017937226,5.188,100.0,-0.08341874907874723,-0.3953646637906232,0.8489131651811227,-0.14841576727566355,-0.41068858290487686,0.6075207890444827
JAM,Jamaica,Latin America & Caribbean,Upper middle income,2022,7,9,5,3.8212825653910394,71.481,85.84329987,57.9879906034775,4.083,100.0,0.03088365327649525,-0.09504650605276138,0.969934561754765,-0.12835485108480285,-0.5966841277775664,0.6075207890444827
JAM,Jamaica,Latin America & Caribbean,Upper middle income,2023,7,9,5,3.877509609370316,71.479,89.47304282,58.4510149367429,3.022,97.7,0.12126608881677763,-0.09529718898910292,1.0960697901418404,-0.10756960844455654,-0.7752735152073617,0.5188296250227559
JOR,Jordan,"Middle East, North Africa, Afghanistan & Pakistan",Lower middle income,2014,3,5,5,3.622336364922375,74.606,46.2,88.0371754329978,11.9,99.8,-0.2889133850752001,0.29664558198180363,-0.4076882484554605,1.2205582684880818,0.7190870706566553,0.5998085139121585
JOR,Jordan,"Middle East, North Africa, Afghanistan & Pakistan",Lower middle income,2015,2,5,5,3.6066776142355916,75.06,54.22000122,89.8881391939133,13.075,99.9,-0.3140841200886074,0.3535506085314662,-0.12898953631957197,1.3036483527987899,0.9168651387339496,0.6036646514783208
JOR,Jordan,"Middle East, North Africa, Afghanistan & Pakistan",Lower middle income,2016,2,5,5,3.600615383004199,75.55,56.15000153,90.56272794707,15.275,100.0,-0.32382888319056924,0.41496792793528536,-0.061921142429868195,1.3339307589476395,1.2871730108786712,0.6075207890444827
JOR,Jordan,"Middle East, North Africa, Afghanistan & Pakistan",Lower middle income,2017,0,1,4,3.609126387561304,76.071,64.5,90.8764609714428,18.12,100.0,-0.3101478274863224,0.4802708328524081,0.22824512514155254,1.3480142888344133,1.7660484182658225,0.6075207890444827
JOR,Jordan,"Middle East, North Africa, Afghanistan & Pakistan",Lower middle income,2018,0,1,4,3.617570622844508,76.491,65.2,91.2008859099729,18.257,99.9,-0.2965741003764204,0.5329142494842539,0.2525704454430777,1.3625777806024149,1.7891084993948347,0.6036646514783208
JOR,Jordan,"Middle East, North Africa, Afghanistan & Pakistan",Lower middle income,2019,2,5,5,3.6201479693041447,76.865,70.08470154,91.515966492507,16.801,99.9,-0.2924311322641551,0.57979195858023,0.42231605906858166,1.3767218026088086,1.5440320167390549,0.6036646514783208
JOR,Jordan,"Middle East, North Africa, Afghanistan & Pakistan",Lower middle income,2020,0,1,4,3.604446400071887,75.583,78.4178009,91.8216722992319,19.213,99.9,-0.3176706961569123,0.4191041963849305,0.7118950748349158,1.3904449893029023,1.9500241020177227,0.6036646514783208
JOR,Jordan,"Middle East, North Africa, Afghanistan & Pakistan",Lower middle income,2021,0,1,4,3.621539771584829,74.204,85.999997,92.117972910453,19.837,99.9,-0.2901938729132075,0.24625831177703705,0.975379858722736,1.4037459751393284,2.0550568802987708,0.6036646514783208
JOR,Jordan,"Middle East, North Africa, Afghanistan & Pakistan",Lower middle income,2022,1,5,0,3.6367136706853675,77.088,90.4999984,92.4048379066163,18.2,100.0,-0.265802514942217,0.6077431059823765,1.1317569664546094,1.4166233945790312,1.7795141590710848,0.6075207890444827
JOR,Jordan,"Middle East, North Africa, Afghanistan & Pakistan",Lower middle income,2023,2,5,5,3.649926803780863,77.814,92.53443944,92.682236868336,16.62,100.0,-0.24456299983043298,0.6987410118745665,1.202454723501135,1.4290758820905065,1.5135657781671488,0.6075207890444827
JPN,Japan,East Asia & Pacific,High income,2014,1,11,0,4.585183089903255,83.5878048780488,89.1068330166075,91.2548945132333,3.589,100.0,1.2588192698342573,1.4224381922224367,1.08334383190601,1.3650022361715455,-0.679835077250063,0.6075207890444827
JPN,Japan,East Asia & Pacific,High income,2015,1,11,0,4.543579366712675,83.7939024390244,91.0580283929962,91.3532644103625,3.385,100.0,1.1919431624775498,1.448270763101592,1.1511487640510245,1.3694180779177167,-0.7141727163034827,0.6075207890444827
JPN,Japan,East Asia & Pacific,High income,2016,1,11,0,4.595225785602607,83.9848780487805,93.1827212821617,91.4541254852142,3.132,100.0,1.2749624499209053,1.4722079264132863,1.2249828141529149,1.3739457490639915,-0.7567581216001257,0.6075207890444827
JPN,Japan,East Asia & Pacific,High income,2017,1,11,0,4.5892127182584215,84.099756097561,91.7265472366635,91.5498419685883,2.822,100.0,1.2652967155487491,1.4866069097080605,1.174380099765042,1.3782424786064131,-0.8089378672205182,0.6075207890444827
JPN,Japan,East Asia & Pacific,High income,2018,1,11,0,4.5993495126481605,84.2109756097561,88.7463508901772,91.6377318609728,2.467,100.0,1.2815911550333032,1.5005473266558644,1.0708169130654501,1.3821878711216484,-0.8686920920438709,0.6075207890444827
JPN,Japan,East Asia & Pacific,High income,2019,1,11,0,4.606552864288151,84.3563414634146,92.7303978145525,91.7164207898107,2.351,100.0,1.2931702176906854,1.5187676961753591,1.209264366682215,1.3857202307872023,-0.8882174162115017,0.6075207890444827
JPN,Japan,East Asia & Pacific,High income,2020,1,11,0,4.602371856642354,84.56,90.21945812,91.7809926267889,2.809,100.0,1.2864494365986021,1.5442945561565438,1.1220080633567815,1.3886188717503092,-0.8111260501013733,0.6075207890444827
JPN,Japan,East Asia & Pacific,High income,2021,1,11,0,4.603085451644088,84.4456097560976,82.91407928,91.8741049279527,2.808,100.0,1.2875965083576988,1.5299567150413704,0.8681428059182331,1.3927986991015684,-0.8112943718614392,0.6075207890444827
JPN,Japan,East Asia & Pacific,High income,2022,1,11,0,4.532316602227319,83.9963414634146,84.92343147,91.9776532428406,2.614,100.0,1.1738387768819245,1.4736447676337772,0.9379687139472631,1.3974470009192184,-0.8439487933142009,0.6075207890444827
JPN,Japan,East Asia & Pacific,High income,2023,1,11,0,4.529381270505294,84.0412195121951,85.00990295,92.0826903891473,2.6,100.0,1.1691203636170706,1.479269848156578,0.9409736374443302,1.4021621366375228,-0.846305297955122,0.6075207890444827
KAZ,Kazakhstan,Europe & Central Asia,Upper middle income,2014,7,10,5,4.094391091509614,71.415,66.0,55.5524361787178,5.06,100.0,0.4698932829933167,-0.10331904295204992,0.28037081150196347,-0.23768731170332266,-0.43223376819329706,0.6075207890444827
KAZ,Kazakhstan,Europe & Central Asia,Upper middle income,2015,7,10,5,4.008435049953408,72.024,70.82993359566,56.1106048930882,4.93,100.0,0.33172282558646815,-0.02698608883587457,0.44821321400128655,-0.21263102129075553,-0.4541155970018488,0.6075207890444827
KAZ,Kazakhstan,Europe & Central Asia,Upper middle income,2016,7,9,5,3.8736441316473087,72.549,74.5877264735738,56.7476265001667,4.96,100.0,0.11505250783498425,0.038818181953933065,0.5787982359756336,-0.1840350108460585,-0.4490659441998752,0.6075207890444827
KAZ,Kazakhstan,Europe & Central Asia,Upper middle income,2017,7,10,5,3.951487318138084,72.996,76.4267482325439,57.4586448748837,4.9,100.0,0.24018191687604656,0.0948458182263958,0.6427050835876649,-0.15211727266598882,-0.4591652498038221,0.6075207890444827
KAZ,Kazakhstan,Europe & Central Asia,Upper middle income,2018,7,10,5,3.976463938756822,73.369,78.9039190578816,58.2388038921695,4.85,100.0,0.2803307072680719,0.14159818585420206,0.7287879032561402,-0.1170957990473083,-0.46758133780711136,0.6075207890444827
KAZ,Kazakhstan,Europe & Central Asia,Upper middle income,2019,7,10,5,3.975759182035597,73.658,81.8776204746284,59.0832474269546,4.8,100.0,0.2791978426460018,0.17782187015563883,0.8321253881753758,-0.07918858228676941,-0.47599742581040044,0.6075207890444827
KAZ,Kazakhstan,Europe & Central Asia,Upper middle income,2020,6,9,5,3.9435691002154933,71.195,85.94259898,59.9871193541692,4.89,100.0,0.22745373893295145,-0.13089416594968495,0.9733852512639172,-0.03861361468113841,-0.46084846740448004,0.6075207890444827
KAZ,Kazakhstan,Europe & Central Asia,Upper middle income,2021,6,9,5,3.999287217427891,70.131,90.9239507,61.030254280267,5.568,100.0,0.3170180976645171,-0.26425748808369276,1.146489502868993,0.008212893102050464,-0.3467263140798795,0.6075207890444827
KAZ,Kazakhstan,Europe & Central Asia,Upper middle income,2022,6,9,5,4.051358604907164,73.503,92.29685266,61.444157327248,4.86,100.0,0.400720502935423,0.15839394258912426,1.194198474182695,0.026793072680012523,-0.46589812020645344,0.6075207890444827
KAZ,Kazakhstan,Europe & Central Asia,Upper middle income,2023,6,10,5,4.109896559614429,74.402,92.87846096,61.7560919499181,4.835,100.0,0.4948176231742059,0.271075922474908,1.2144096287363029,0.04079587200238715,-0.47010616420809803,0.6075207890444827
KEN,Kenya,Sub-Saharan Africa,Lower middle income,2014,8,2,3,3.1710871647034833,61.99,16.5,31.7931545274563,2.767,36.0,-1.0142761085080745,-1.2846623804642985,-1.4397768383915965,-1.3042455865064655,-0.8181955640241363,-1.8604072532992226
KEN,Kenya,Sub-Saharan Africa,Lower middle income,2015,8,2,3,3.1729295792612056,62.279,16.5878548475992,31.7338026039958,2.762,41.6,-1.0113145102589616,-1.2484386961628617,-1.4367238422374646,-1.306909904646274,-0.8190371728244651,-1.6444635495941484
KEN,Kenya,Sub-Saharan Africa,Lower middle income,2016,8,3,3,3.19148625492677,62.526,16.6,31.6502520105647,2.757,53.1,-0.9814854916322135,-1.2174793535246098,-1.4363017926342359,-1.310660505278761,-0.8198787816247941,-1.201007729485514
KEN,Kenya,Sub-Saharan Africa,Lower middle income,2017,8,3,3,3.222061798437343,62.725,17.82710075,31.5383650847102,3.542,55.8,-0.9323366853838897,-1.1925364013585689,-1.3936594800828193,-1.3156831287891846,-0.6877461999731548,-1.0968920151991388
KEN,Kenya,Sub-Saharan Africa,Lower middle income,2018,8,4,1,3.263979760135271,62.825,19.5,31.3940041639796,4.284,61.2,-0.8649554538089309,-1.1800022545414626,-1.3355254656707747,-1.3221635155627993,-0.5628514540043442,-0.8886605866263886
KEN,Kenya,Sub-Saharan Africa,Lower middle income,2019,8,4,1,3.29234648572231,62.939,22.6687733618171,31.1895566421135,5.014,69.7,-0.8193572226836313,-1.165713327169962,-1.2254091414005726,-1.3313412002844964,-0.43997656915632294,-0.5608888935026152
KEN,Kenya,Sub-Saharan Africa,Lower middle income,2020,8,4,1,3.2850314697829224,61.596,24.7227993,31.2063494632616,5.613,71.5,-0.8311157806626268,-1.3340469189236972,-1.154030800180659,-1.3305873676301392,-0.3391518348769192,-0.4914784173116986
KEN,Kenya,Sub-Saharan Africa,Lower middle income,2021,8,4,1,3.314153048257373,61.225,26.96290016,31.2879334021971,5.693,76.5,-0.7843041575890681,-1.3805486036151602,-1.0761862702846279,-1.3269250504591117,-0.3256860940716567,-0.2986715390035966
KEN,Kenya,Sub-Saharan Africa,Lower middle income,2022,8,4,1,3.324192476036214,63.549,29.40589905,31.4307820066946,5.565,76.0,-0.7681662305371523,-1.089255031585615,-0.9912909410053132,-1.3205125518235397,-0.34723127936007675,-0.3179522268344068
KEN,Kenya,Sub-Saharan Africa,Lower middle income,2023,8,4,1,3.2883807077911986,63.646,32.07040024,31.6330340816429,5.409,76.2,-0.8257320317231723,-1.077096909173022,-0.8986983054473922,-1.3114334210948224,-0.37348947393033893,-0.31023995170208263
KGZ,Kyrgyz Republic,Europe & Central Asia,Lower middle income,2014,8,5,1,3.1019279997006515,70.4024390243902,28.29999924,35.1455493029297,4.02,99.8,-1.1254463449372212,-0.23023492224770414,-1.0297214654333786,-1.1537560035018322,-0.6072883986617108,0.5998085139121585
KGZ,Kyrgyz Republic,Europe & Central Asia,Lower middle income,2015,8,5,1,3.0436184316665322,70.6512195121951,30.24699974,35.1008937681291,4.138,98.7,-1.219176343906541,-0.19905241065392612,-0.9620623071623364,-1.1557605982053432,-0.5874264309739484,0.5573910006843763
KGZ,Kyrgyz Republic,Europe & Central Asia,Lower middle income,2016,9,7,1,3.042683735646308,70.9512195121951,40.52619934,35.0515747230627,4.294,99.7,-1.2206788255740604,-0.16144997020260823,-0.6048554175718955,-1.157974538693656,-0.5611682364036864,0.5959523763459967
KGZ,Kyrgyz Republic,Europe & Central Asia,Lower middle income,2017,9,8,1,3.086854526368543,71.2,50.80530167,34.9980805726839,4.425,100.0,-1.1496762730179073,-0.13026745860882843,-0.24765190815846289,-1.1603759003836902,-0.5391180858350689,0.6075207890444827
KGZ,Kyrgyz Republic,Europe & Central Asia,Lower middle income,2018,9,8,1,3.1084027430762107,71.4,62.8,34.9408997219466,4.559,100.0,-1.1150384871811378,-0.10519916497461591,0.16916934726642008,-1.1629427586923424,-0.516562969986254,0.6075207890444827
KGZ,Kyrgyz Republic,Europe & Central Asia,Lower middle income,2019,9,8,1,3.1528993749832237,71.6,64.1,34.8805205758044,5.45,99.9,-1.0435121596264196,-0.08013087134040518,0.21434494211210944,-1.1656531890365232,-0.3665882817676418,0.6036646514783208
KGZ,Kyrgyz Republic,Europe & Central Asia,Lower middle income,2020,9,9,5,3.0897347731754463,71.8,72.0,34.8174315392111,5.945,99.9,-1.1450464062680035,-0.05506257770619266,0.4888735569436071,-1.1684852668331331,-0.2832690105350794,0.6036646514783208
KGZ,Kyrgyz Republic,Europe & Central Asia,Lower middle income,2021,9,9,5,3.130332901997969,71.9,77.11769867,34.7521210171204,5.149,99.7,-1.0797867464731523,-0.04252843088908551,0.6667159274499483,-1.1714170674990783,-0.4172531315474423,0.5959523763459967
KGZ,Kyrgyz Republic,Europe & Central Asia,Lower middle income,2022,9,10,5,3.2404794019840164,72.0487804878049,84.1937027,34.7003053497743,4.767,99.7,-0.9027312189116131,-0.023880066112412855,0.9126103052851376,-1.1737430817946115,-0.48155204389257117,0.5959523763459967
KGZ,Kyrgyz Republic,Europe & Central Asia,Lower middle income,2023,9,10,5,3.330052814396169,72.2487804878049,91.04440308,34.706439175362,3.498,100.0,-0.7587460011141349,0.0011882275217978784,1.1506752781898226,-1.1734677332999564,-0.6951523574160492,0.6075207890444827
KHM,Cambodia,East Asia & Pacific,Lower middle income,2014,9,3,3,3.155810757803366,69.117,14.0,27.8179557823331,0.692,56.1,-1.038832243140474,-0.39135373680914787,-1.5266529823256147,-1.4826929477453146,-1.1674632161606349,-1.0853236025006527
KHM,Cambodia,East Asia & Pacific,Lower middle income,2015,9,3,3,3.1895801683940563,69.398,6.43319107021405,30.0669222549819,0.393,62.7,-0.9845494397074619,-0.3561327842530808,-1.789603055007734,-1.3817364526641152,-1.217791422420304,-0.830818523133958
KHM,Cambodia,East Asia & Pacific,Lower middle income,2016,8,4,1,3.2240655125172553,69.635,32.3984517141849,32.4767436038024,0.716,68.8,-0.9291158054326766,-0.3264268562965383,-0.8872983666117703,-1.2735591542883746,-1.1634234939190562,-0.5955941315980737
KHM,Cambodia,East Asia & Pacific,Lower middle income,2017,8,5,1,3.2615849403711716,69.842,32.9002785437986,35.0127905056235,0.141,89.1,-0.8688050184959718,-0.3004811723851295,-0.8698596546599817,-1.159715568942327,-1.260208505956881,0.18720179433282017
KHM,Cambodia,East Asia & Pacific,Lower middle income,2018,9,9,5,3.3089214714281447,69.993,65.0,37.6404336372742,0.129,80.7,-0.7927136812289028,-0.2815546106912998,0.24562035392835618,-1.0417602129502026,-1.2622283670776706,-0.13671376122479084
KHM,Cambodia,East Asia & Pacific,Lower middle income,2019,9,8,1,3.3475011726348884,70.127,52.305878224498,39.5830241256026,0.119,84.0,-0.7306985527301142,-0.2647588539563776,-0.19550618626543023,-0.9545569889516132,-1.2639115846783282,-0.009461221541443642
KHM,Cambodia,East Asia & Pacific,Lower middle income,2020,9,8,1,3.3184263082191072,70.059,56.37590027,39.832658030922,0.172,86.4,-0.7774350850626754,-0.2732820737920095,-0.05407105784956667,-0.9433508796383002,-1.2549905313948417,0.08308608004644552
KHM,Cambodia,East Asia & Pacific,Lower middle income,2021,9,8,1,3.335939718646539,69.301,60.76269913,40.1091858128847,0.396,82.5,-0.7492830682212555,-0.368290906665673,0.09837220981881205,-0.930937499537239,-1.2172864571401065,-0.06730328503387424
KHM,Cambodia,East Asia & Pacific,Lower middle income,2022,9,9,5,3.3664286544613207,70.528,65.49079895,40.374616187368,0.245,92.3,-0.7002734799351102,-0.21449692521978092,0.2626758420175021,-0.9190222839829746,-1.2427030429100396,0.3105981964500055
KHM,Cambodia,East Asia & Pacific,Lower middle income,2023,9,9,5,3.385561328858462,70.668,68.92549896,40.6290788072508,0.256,95.0,-0.6695185693435064,-0.19694911967583234,0.3820332389930756,-0.9075994128352823,-1.240851503549316,0.4147139107363807
KOR,"Korea, Rep.",East Asia & Pacific,High income,2014,2,10,0,4.486672585392476,81.7219512195122,87.5568264944747,81.7315682816954,3.082,100.0,1.1004680798398523,1.1885693552691148,1.02948039601982,0.9374984696442743,-0.7651742096034148,0.6075207890444827
KOR,"Korea, Rep.",East Asia & Pacific,High income,2015,2,9,0,4.479601085723568,82.0243902439024,89.8962557995106,81.639489860678,3.546,100.0,1.0891009632752011,1.2264775066184053,1.1107766348309234,0.933365053352132,-0.6870729129328917,0.6075207890444827
KOR,"Korea, Rep.",East Asia & Pacific,High income,2016,2,10,0,4.489002582003095,82.2756097560976,92.8430256796075,81.5559241797057,3.65,100.0,1.1042134442332912,1.2579657291101682,1.2131782365284147,0.9296137754373036,-0.6695674498860503,0.6075207890444827
KOR,"Korea, Rep.",East Asia & Pacific,High income,2017,2,10,0,4.522404904520299,82.6268292682927,95.0694218761004,81.471030429984,3.653,100.0,1.1579061701557078,1.3019880984190262,1.2905465230966817,0.9258028802859369,-0.6690624846058529,0.6075207890444827
KOR,"Korea, Rep.",East Asia & Pacific,High income,2018,2,10,0,4.548560777967802,82.6268292682927,96.0228595797887,81.3823523035196,3.824,100.0,1.1999505562475683,1.3019880984190262,1.3236789195677794,0.9218221038061217,-0.6402794636346042,0.6075207890444827
KOR,"Korea, Rep.",East Asia & Pacific,High income,2019,2,10,0,4.529262768686986,83.2268292682927,96.157579184239,81.2901063535619,3.746,100.0,1.1689298772924024,1.3771929793216637,1.3283604874665627,0.9176811671107887,-0.6534085609197352,0.6075207890444827
KOR,"Korea, Rep.",East Asia & Pacific,High income,2020,2,11,0,4.526930497023752,83.4268292682927,96.50506052,81.1759595622913,3.931,100.0,1.1651808558545622,1.402261272955876,1.3404356228825458,0.9125570978498218,-0.6222690353075654,0.6075207890444827
KOR,"Korea, Rep.",East Asia & Pacific,High income,2021,2,11,0,4.57424504468948,83.5268292682927,97.57132698,81.1616526507785,3.639,100.0,1.2412368558123659,1.4147954197729815,1.377488870262936,0.9119148581102196,-0.6714189892467739,0.6075207890444827
KOR,"Korea, Rep.",East Asia & Pacific,High income,2022,2,10,0,4.541858760259009,82.6804878048781,97.16855335,81.1624941626873,2.857,100.0,1.189177365258227,1.308713738174551,1.3634923023218533,0.9119526337257805,-0.8030466056182157,0.6075207890444827
KOR,"Korea, Rep.",East Asia & Pacific,High income,2023,2,11,0,4.552352976626684,83.4292682926829,97.41597478,81.1645551720421,2.675,100.0,1.206046344441034,1.4025669838538488,1.3720903102278694,0.9120451527932372,-0.8336811659501883,0.6075207890444827
KWT,Kuwait,"Middle East, North Africa, Afghanistan & Pakistan",High income,2014,0,11,0,4.647077500339869,79.0803414634146,78.69999695,100.0,2.9,100.0,1.3583117411733676,0.8574661101048427,0.7217015166978802,1.7575715384695452,-0.7958087699353871,0.6075207890444827
KWT,Kuwait,"Middle East, North Africa, Afghanistan & Pakistan",High income,2015,0,11,0,4.475412751976054,79.3765609756098,82.0,100.0,2.2,100.0,1.0823684058052512,0.8945946986643055,0.8363781326796799,1.7575715384695452,-0.9136340019814349,0.6075207890444827
KWT,Kuwait,"Middle East, North Africa, Afghanistan & Pakistan",High income,2016,0,11,0,4.436539334692006,79.6775853658537,85.59999847,100.0,2.16,100.0,1.0198811419682812,0.9323255376927738,0.961479726776466,1.7575715384695452,-0.9203668723840662,0.6075207890444827
KWT,Kuwait,"Middle East, North Africa, Afghanistan & Pakistan",High income,2017,0,11,0,4.4631110570762775,79.9160731707317,97.9999893344615,100.0,2.23,100.0,1.0625939864577734,0.9622179492970765,1.3923850832250533,1.7575715384695452,-0.9085843491794614,0.6075207890444827
KWT,Kuwait,"Middle East, North Africa, Afghanistan & Pakistan",High income,2018,0,11,0,4.506071365381872,80.1063658536585,99.5988495907557,100.0,2.202,100.0,1.1316507431610447,0.9860695135573312,1.4479462087275317,1.7575715384695452,-0.9132973584613033,0.6075207890444827
KWT,Kuwait,"Middle East, North Africa, Afghanistan & Pakistan",High income,2019,0,11,0,4.501167120234146,81.969756097561,99.5426764518489,100.0,2.213,100.0,1.1237673904259897,1.2196295825037016,1.4459941664471745,1.7575715384695452,-0.9114458191005798,0.6075207890444827
KWT,Kuwait,"Middle East, North Africa, Afghanistan & Pakistan",High income,2020,0,11,0,4.402021819496874,78.7609756097561,99.10587017,100.0,3.489,100.0,0.9643957941473182,0.8174363251235827,1.4308149482818993,1.7575715384695452,-0.6966672532566413,0.6075207890444827
KWT,Kuwait,"Middle East, North Africa, Afghanistan & Pakistan",High income,2021,0,11,0,4.531716874074917,78.7365853658537,99.7,100.0,2.97,100.0,1.1728747409440545,0.8143792161438053,1.4514612317325286,1.7575715384695452,-0.7840262467307823,0.6075207890444827
KWT,Kuwait,"Middle East, North Africa, Afghanistan & Pakistan",High income,2022,0,11,0,4.601862006763735,80.5878048780488,99.74729919,100.0,2.133,100.0,1.2856298759294247,1.0464137877092543,1.4531049002278897,1.7575715384695452,-0.9249115599058423,0.6075207890444827
KWT,Kuwait,"Middle East, North Africa, Afghanistan & Pakistan",High income,2023,0,11,0,4.532446685255882,83.1878048780488,99.74731125,100.0,2.08,100.0,1.1740478794793907,1.3723016049540115,1.4531053193184078,1.7575715384695452,-0.9338326131893288,0.6075207890444827
LAO,Lao PDR,East Asia & Pacific,Lower middle income,2014,8,4,1,3.296893049318099,66.35,14.26000023,32.6638235172635,1.733,82.5,-0.8120488269003208,-0.7381735792384744,-1.5176178553638715,-1.265161104520704,-0.9922402639321553,-0.06730328503387424
LAO,Lao PDR,East Asia & Pacific,Lower middle income,2015,8,5,1,3.326543410434335,66.688,18.20000076,33.1240204432199,2.006,89.7,-0.764387209595274,-0.6958081629966548,-1.3807010341061163,-1.244502784685024,-0.9462884234341966,0.21033861972979273
LAO,Lao PDR,East Asia & Pacific,Lower middle income,2016,8,5,1,3.3623357173002026,67.014,21.87000084,33.8267455533474,2.634,89.0,-0.7068526916978969,-0.6549468443728899,-1.2531668520309411,-1.212957332590994,-0.8405823581128853,0.18334565676665834
LAO,Lao PDR,East Asia & Pacific,Lower middle income,2017,8,5,1,3.3860404572726126,67.345,25.51040077,34.5115346444216,3.268,93.6,-0.6687483920419314,-0.6134588184082683,-1.1266612887125131,-1.182217031503594,-0.7338663622311793,0.3607279848101119
LAO,Lao PDR,East Asia & Pacific,Lower middle income,2018,8,6,1,3.405706137928498,67.594,36.27130127,35.2050070032013,2.897,92.9,-0.6371366979452004,-0.5822487928336748,-0.7527150724334539,-1.1510869370226242,-0.7963137352155845,0.3337350218469781
LAO,Lao PDR,East Asia & Pacific,Lower middle income,2019,9,8,1,3.4131858617652444,67.911,47.03229904,35.9072880879451,2.531,98.4,-0.6251133794548487,-0.5425155474234475,-0.3787654759773866,-1.119561417305093,-0.8579194993996608,0.5458225879858902
LAO,Lao PDR,East Asia & Pacific,Lower middle income,2020,9,8,1,3.412255079553079,68.339,54.0,36.6185033569111,2.349,99.3,-0.626609569852553,-0.4888693990462339,-0.13663467938132381,-1.0876348405080307,-0.8885540597316333,0.5805278260813483
LAO,Lao PDR,East Asia & Pacific,Lower middle income,2021,9,9,5,3.40244212317487,67.807,62.0,37.338778268357,2.08,100.0,-0.64238345434913,-0.5555510601132378,0.14136898120753436,-1.0553015747884869,-0.9338326131893288,0.6075207890444827
LAO,Lao PDR,East Asia & Pacific,Lower middle income,2022,9,9,5,3.3109914614601315,68.715,64.54000092,38.0682382805397,1.209,100.0,-0.789386265675917,-0.44174100701391444,0.2296351754149177,-1.0225559883035453,-1.0804408662066254,0.6075207890444827
LAO,Lao PDR,East Asia & Pacific,Lower middle income,2023,9,9,5,3.315329928578704,68.964,64.39800262,38.8070088517156,1.186,96.5,-0.7824123755878566,-0.41053098143932093,0.22470066951524345,-0.9893924492103142,-1.0843122666881384,0.4725559742288113
LBN,Lebanon,"Middle East, North Africa, Afghanistan & Pakistan",Lower middle income,2014,3,6,5,3.879534045121431,78.148,73.0,88.4182574811842,8.84,99.7,0.12452027791923254,0.7406050622437012,0.5236240145172144,1.237665107736757,0.20402248485536081,0.5959523763459967
LBN,Lebanon,"Middle East, North Africa, Afghanistan & Pakistan",Lower middle income,2015,2,6,0,3.887285827426116,78.275,74.0,88.6246882038608,9.312,99.7,0.13698091811816795,0.7565234287014271,0.5583744720908217,1.2469318186868599,0.28347035560641004,0.5959523763459967
LBN,Lebanon,"Middle East, North Africa, Afghanistan & Pakistan",Lower middle income,2016,2,6,0,3.9078954844229696,78.306,76.11000061,88.835892633396,9.794,99.8,0.1701100115791724,0.760409014214729,0.6316979587689121,1.2564128221659312,0.3646014439581174,0.5998085139121585
LBN,Lebanon,"Middle East, North Africa, Afghanistan & Pakistan",Lower middle income,2017,2,6,0,3.9349128960771393,78.192,78.18080139,89.0519233886895,10.258,99.9,0.2135392814550399,0.7461200868432275,0.703659233417695,1.2661104802455063,0.44270274062864023,0.6036646514783208
LBN,Lebanon,"Middle East, North Africa, Afghanistan & Pakistan",Lower middle income,2018,2,6,0,3.962584140477577,78.263,80.90000153,89.272833088641,10.755,99.7,0.2580195579615503,0.7550193310833743,0.7981526825169118,1.27602715499712,0.5263586553813344,0.5959523763459967
LBN,Lebanon,"Middle East, North Africa, Afghanistan & Pakistan",Lower middle income,2019,2,6,0,3.949676841725639,78.208,81.48120117,89.4986743521503,11.301,100.0,0.23727165775402487,0.7481255503339651,0.8183496359485279,1.2861652084923132,0.6182623363772516,0.6075207890444827
LBN,Lebanon,"Middle East, North Africa, Afghanistan & Pakistan",Lower middle income,2020,2,5,5,3.7451678635310333,76.299,82.0664978,89.729499798117,13.252,100.0,-0.09146729473111047,0.508848687595411,0.8386889616573179,1.2965270028026155,0.9466580902655933,0.6075207890444827
LBN,Lebanon,"Middle East, North Africa, Afghanistan & Pakistan",Lower middle income,2021,2,5,5,3.606958669293775,73.65,82.65599823,89.965362045441,12.715,100.0,-0.3136323367672415,0.1768191384102709,0.8591743713396561,1.3071148999995712,0.856269305110268,0.6075207890444827
LBN,Lebanon,"Middle East, North Africa, Afghanistan & Pakistan",Lower middle income,2022,2,5,5,3.562811144971817,78.003,81.46479797,90.206313713022,11.105,100.0,-0.3845974896350157,0.7224305493588978,0.8177796172428565,1.3179312621547161,0.5852712714043582,0.6075207890444827
LBN,Lebanon,"Middle East, North Africa, Afghanistan & Pakistan",Lower middle income,2023,2,5,5,3.541295224641813,77.817,81.7059021,90.4524074197598,10.985,100.0,-0.4191833605023015,0.6991170362790796,0.826158096083243,1.3289784513395893,0.5650726601964642,0.6075207890444827
LBR,Liberia,Sub-Saharan Africa,Low income,2014,8,0,3,2.849243995928482,59.21,5.409999847,50.2198153156642,2.079,9.4,-1.5316244767880798,-1.6331116619798476,-1.8251594181997213,-0.4770695872855355,-0.9340009349493945,-2.886139845898325
LBR,Liberia,Sub-Saharan Africa,Low income,2015,7,1,3,2.8404762683122566,59.248,10.0,50.7434382961363,2.557,15.2,-1.5457182032233572,-1.6283486861893477,-1.665654812620044,-0.453564060860247,-0.8535431336379505,-2.662483867060927
LBR,Liberia,Sub-Saharan Africa,Low income,2016,7,1,3,2.8540709508535778,60.483,15.69999981,51.2687310234384,3.081,17.7,-1.5238653645976163,-1.4735519729980877,-1.4675772110530694,-0.4299835792101117,-0.7653425313634806,-2.5660804279068756
LBR,Liberia,Sub-Saharan Africa,Low income,2017,7,1,3,2.844644334973208,60.777,16.29999924,51.7957569553849,3.067,24.2,-1.5390182241803565,-1.4367015813557953,-1.4467269563166658,-0.40632529370283343,-0.7676990360044015,-2.3154314861063434
LBR,Liberia,Sub-Saharan Africa,Low income,2018,7,1,3,2.8402335569519632,60.999,17.27770042,52.3245795497906,3.058,22.8,-1.5461083507809044,-1.4088757754218197,-1.41275139294141,-0.3825863557060984,-0.7692139318449935,-2.369417412032612
LBR,Liberia,Sub-Saharan Africa,Low income,2019,7,1,3,2.8183342430191094,61.232,19.89579964,52.85526226447,3.071,23.1,-1.5813105095613318,-1.379671213337963,-1.3217712470733058,-0.3587639165876052,-0.7670257489641384,-2.357848999334126
LBR,Liberia,Sub-Saharan Africa,Low income,2020,7,1,3,2.7901358220081094,61.267,22.91069984,53.3878685572381,4.102,27.6,-1.6266381986766232,-1.3752842619519754,-1.2170020855845456,-0.33485512771503073,-0.5934860143363165,-2.184322808856834
LBR,Liberia,Sub-Saharan Africa,Low income,2021,7,2,3,2.824754425465439,61.166,26.38229942,53.9224618859098,3.844,29.8,-1.5709903560365246,-1.3879437502372534,-1.0963624116672028,-0.31085714045605645,-0.6369130284332886,-2.0994877824012694
LBR,Liberia,Sub-Saharan Africa,Low income,2022,7,2,3,2.8719330493747135,61.934,30.38010025,54.4591057083,2.956,31.8,-1.4951528473826665,-1.2916815026818784,-0.9574370035365558,-0.2867671061783631,-0.7863827513717034,-2.0223650310780283
LBR,Liberia,Sub-Saharan Africa,Low income,2023,7,2,3,2.9026524702666485,62.163,31.22410011,54.997863482224,2.905,32.5,-1.4457727647373215,-1.2629783064707056,-0.9281076222094955,-0.26258217624961455,-0.7949671611350584,-1.995372068114894
LBY,Libya,"Middle East, North Africa, Afghanistan & Pakistan",Upper middle income,2014,0,0,4,3.9506773534122592,71.3,17.76000023,88.0142059326172,19.295,75.5,0.2388799351348626,-0.11773331179172306,-1.395991253856246,1.2195271636315206,1.963826486343117,-0.337232914665217
LBY,Libya,"Middle East, North Africa, Afghanistan & Pakistan",Upper middle income,2015,0,0,4,3.872650863893832,71.644,25.0,87.8159103393555,19.69,73.8,0.11345587474973935,-0.07461584674087711,-1.1443979490159348,1.210625640052038,2.030313581569101,-0.4027872532899718
LBY,Libya,"Middle East, North Africa, Afghanistan & Pakistan",Upper middle income,2016,0,0,4,3.876552845376728,71.799,35.0,87.8160056703177,19.559,72.2,0.11972813387805466,-0.05518791917436254,-0.796893373279862,1.210629919475468,2.0082634310004837,-0.4644854543485642
LBY,Libya,"Middle East, North Africa, Afghanistan & Pakistan",Upper middle income,2017,0,0,4,3.9985135777407232,72.721,47.5,87.8166729870528,19.053,70.6,0.31577450678354135,0.06037691447935515,-0.3625126536097711,1.2106598754394648,1.9230926204071974,-0.5261836554071572
LBY,Libya,"Middle East, North Africa, Afghanistan & Pakistan",Upper middle income,2018,0,0,4,4.0490856000974516,73.151,47.5,87.818484275334,18.865,67.0,0.39706675028976907,0.11427374579291037,-0.3625126536097711,1.210741184484609,1.89144812951483,-0.6650046077889904
LBY,Libya,"Middle East, North Africa, Afghanistan & Pakistan",Upper middle income,2019,0,0,4,3.998398625669915,72.941,71.40409851,87.8220115209342,19.087,68.5,0.31558972651776945,0.08795203747698839,0.4681657074973126,1.2108995231514665,1.928815560249434,-0.6071625442965598
LBY,Libya,"Middle East, North Africa, Afghanistan & Pakistan",Upper middle income,2020,0,0,4,3.822843725569836,72.388,74.35810089,87.8278267096263,19.651,69.4,0.03339314780514492,0.018638205578392103,0.5708186418758378,1.2111605679806046,2.0237490329265353,-0.5724573062011012
LBY,Libya,"Middle East, North Africa, Afghanistan & Pakistan",Upper middle income,2021,0,0,4,3.693360006192644,72.062,77.438797,87.8365018271835,19.779,70.2,-0.17474608719427018,-0.022223113045374672,0.6778742413435694,1.2115499955126037,2.0452942182149556,-0.541608205671805
LBY,Libya,"Middle East, North Africa, Afghanistan & Pakistan",Upper middle income,2022,0,0,4,3.7771829217437447,74.462,80.64720154,87.8486088593786,19.238,70.0,-0.04000453356772314,0.278596410565172,0.7893677671898085,1.212093482288026,1.954232146019367,-0.5493204808041292
LBY,Libya,"Middle East, North Africa, Afghanistan & Pakistan",Upper middle income,2023,0,0,4,3.780066255340279,69.339,82.10469818,87.8647197919848,18.713,73.2,-0.03536970494280152,-0.3635279308751731,0.8400164423418037,1.2128167048474516,1.8658632219848315,-0.4259240786869438
LCA,St. Lucia,Latin America & Caribbean,Upper middle income,2014,2,2,4,4.001942238191231,72.676,53.17969894,19.3915445904726,21.583,98.1,0.3212859237143645,0.0547365484116572,-0.16514051656443884,-1.8609560078616734,2.348946673373627,0.5342541752874037
LCA,St. Lucia,Latin America & Caribbean,Upper middle income,2015,2,2,4,4.014309896121071,72.932,57.26330185,20.0204288176073,20.84,99.0,0.3411663756556046,0.0868239642634488,-0.023233446893024777,-1.8327252858142296,2.2238836056447506,0.5689594133828623
LCA,St. Lucia,Latin America & Caribbean,Upper middle income,2016,2,2,4,4.026865168243187,72.552,58.22259903,20.8164880000551,19.932,99.8,0.36134840894346804,0.03919420635844626,0.010102569061046325,-1.7969900510232553,2.07104744750502,0.5998085139121585
LCA,St. Lucia,Latin America & Caribbean,Upper middle income,2017,2,2,4,4.054349195370627,72.522,59.16009903,21.783720356472,19.136,99.9,0.4055277421331833,0.03543396231331429,0.04268112303630314,-1.7535708227597182,1.9370633264926571,0.6036646514783208
LCA,St. Lucia,Latin America & Caribbean,Upper middle income,2018,2,2,4,4.066053650074567,72.655,60.11259842,22.9261241055144,19.329,100.0,0.42434212482068245,0.05210437758006482,0.07578091267738495,-1.7022881202945697,1.9695494261853534,0.6075207890444827
LCA,St. Lucia,Latin America & Caribbean,Upper middle income,2019,2,2,4,4.071663322635887,72.249,61.08050156,24.2476974658382,15.613,100.0,0.43335942028552105,0.0012157415026133975,0.10941598967931636,-1.6429624628987827,1.3440657657809056,0.6075207890444827
LCA,St. Lucia,Latin America & Caribbean,Upper middle income,2020,2,2,4,3.9248514925750992,72.308,62.06399918,25.7524386560998,25.224,100.0,0.19736602941989687,0.008610888124707452,0.14359298199687012,-1.575414369843308,2.9618062017731415,0.6075207890444827
LCA,St. Lucia,Latin America & Caribbean,Upper middle income,2021,2,2,4,4.019495649249838,69.119,63.06330109,27.4443458949551,20.514,100.0,0.349502239765078,-0.39110305387280636,0.17831918062354984,-1.4994643603991193,2.1690107118633053,0.6075207890444827
LCA,St. Lucia,Latin America & Caribbean,Upper middle income,2022,2,2,4,4.1173980617936845,72.67,66.95159912,29.097678526676,15.934,100.0,0.5068759493672347,0.053984499602630805,0.3134393163486054,-1.4252459717606583,1.3980970507620216,0.6075207890444827
LCA,St. Lucia,Latin America & Caribbean,Upper middle income,2023,9,11,5,4.132092104035906,72.697,67.44390106,29.0976313248036,12.094,100.0,0.5304959590955298,0.05736871924324958,0.3305470340279801,-1.4252480906608982,0.751741492109417,0.6075207890444827
LKA,Sri Lanka,South Asia,Lower middle income,2014,9,6,1,3.599014024183195,75.757,10.5000026214106,18.6153877203724,4.157,92.7,-0.3264029952223097,0.4409136118466959,-1.6482794927380224,-1.8957978243989473,-0.5842283175326985,0.3260227467146539
LKA,Sri Lanka,South Asia,Lower middle income,2015,9,7,1,3.608281629741107,75.99,15.26249981,18.796256612131,4.519,94.3,-0.31150573755641703,0.47011817393055183,-1.4827805362415225,-1.8876785884729168,-0.5232958403888853,0.38772094777324634
LKA,Sri Lanka,South Asia,Lower middle income,2016,9,7,1,3.6179635222119537,76.136,22.19,18.9747679368162,4.242,97.5,-0.2959425323757079,0.48841802828352676,-1.2420467347977713,-1.8796651841417735,-0.5699209679271071,0.5111173498904317
LKA,Sri Lanka,South Asia,Lower middle income,2017,9,7,1,3.643342932266199,76.239,25.07550049,19.1507693078088,4.046,97.5,-0.2551462761449222,0.5013281995051472,-1.1417742724414033,-1.8717644520672878,-0.6029120329000004,0.5111173498904317
LKA,Sri Lanka,South Asia,Lower middle income,2018,9,7,1,3.639343124429393,76.485,28.33620071,19.3241083384127,4.318,99.6,-0.26157578672201914,0.5321622006752275,-1.0284634477860413,-1.8639832329146824,-0.5571285141621076,0.5920962387798343
LKA,Sri Lanka,South Asia,Lower middle income,2019,9,7,1,3.6108674389088975,76.698,32.02090073,19.4946326418437,4.67,99.8,-0.30734916602273615,0.5588599333956626,-0.9004184360695614,-1.856328367353134,-0.49787925461895216,0.5998085139121585
LKA,Sri Lanka,South Asia,Lower middle income,2020,9,7,1,3.585190071485382,76.928,36.18473435,19.6621898312161,5.364,100.0,-0.3486243752771193,0.5876884710750071,-0.7557233125141919,-1.8488066960563754,-0.3810639531332991,0.6075207890444827
LKA,Sri Lanka,South Asia,Lower middle income,2021,9,7,1,3.6017300628248843,76.278,44.45308724,19.8266275195269,4.981,100.0,-0.32203708568689327,0.5062165167638187,-0.46839426620663366,-1.8414250597034063,-0.44553118723849383,0.6075207890444827
LKA,Sri Lanka,South Asia,Lower middle income,2022,9,7,1,3.5240891514878867,77.3,48.3,19.9877933196367,4.528,100.0,-0.4468413465474028,0.6343154972346418,-0.3347122875508854,-1.8341902989793484,-0.5217809445482934,0.6075207890444827
LKA,Sri Lanka,South Asia,Lower middle income,2023,9,7,1,3.5796567373275834,77.483,51.2,20.1455348442463,4.528,100.0,-0.35751896020362545,0.6572529859099467,-0.2339359605874241,-1.8271092545764973,-0.5217809445482934,0.6075207890444827
LSO,Lesotho,Sub-Saharan Africa,Lower middle income,2014,6,0,3,3.06949708027954,50.786,22.0,32.6404409096604,16.066,27.8,-1.1775775842243343,-2.688988189852864,-1.2486493217367567,-1.2662107538321443,1.420315523090705,-2.17661053372451
LSO,Lesotho,Sub-Saharan Africa,Lower middle income,2015,6,0,3,3.04968251326621,51.83,25.0,34.0903875831861,16.223,31.8,-1.2094286064210722,-2.5581316970822767,-1.1443979490159348,-1.2011223961380464,1.4467420394210329,-2.0223650310780283
LSO,Lesotho,Sub-Saharan Africa,Lower middle income,2016,6,0,3,2.9967269450947147,52.908,32.4538569477365,35.5077950709441,16.138,35.1,-1.2945522922496084,-2.423013594393873,-0.8853730093938798,-1.137494728137572,1.4324346898154416,-1.8951124913946809
LSO,Lesotho,Sub-Saharan Africa,Lower middle income,2017,6,0,3,3.0291266692658336,53.874,39.0,36.5283648068846,16.379,33.7,-1.2424711979189444,-2.301933736140628,-0.657891542985433,-1.0916811756548854,1.4730002339912953,-1.9490984173209494
LSO,Lesotho,Sub-Saharan Africa,Lower middle income,2018,5,0,2,3.0684291829735884,54.638,40.79999924,37.569092747415,16.614,47.0,-1.1792941809469788,-2.206172854457938,-0.5953407457632877,-1.0449627178713525,1.512555847606754,-1.4362321210213982
LSO,Lesotho,Sub-Saharan Africa,Lower middle income,2019,5,0,2,3.0342501660998242,55.249,42.301733569273,38.6040920446259,16.876,44.6,-1.2342354079935542,-2.129589217405419,-0.5431547906670567,-0.9985014198801687,1.5566561487439892,-1.5287794226092872
LSO,Lesotho,Sub-Saharan Africa,Lower middle income,2020,5,0,2,2.9631182026957927,55.133,43.65750122,39.6329305425532,18.385,47.5,-1.3485768288156796,-2.144128827713262,-0.4960412444407988,-0.9523166812375283,1.810653684683255,-1.4169514331905881
LSO,Lesotho,Sub-Saharan Africa,Lower middle income,2021,5,0,2,3.027996062655515,54.209,45.05670166,40.6551760851997,18.214,50.4,-1.2442885970181434,-2.2599443443033223,-0.44741838891360614,-0.9064279015011104,1.7818706637120056,-1.305123443771889
LSO,Lesotho,Sub-Saharan Africa,Lower middle income,2022,5,0,2,3.0128902768508765,56.812,48.06959915,41.6703965165322,16.623,50.0,-1.268570465940085,-1.9336805026540518,-0.34271882251373326,-0.8608544802302108,1.5140707434473462,-1.320547994036537
LSO,Lesotho,Sub-Saharan Africa,Lower middle income,2023,5,0,2,2.9620296181696464,57.375,48.98590088,42.6781596804785,16.348,57.3,-1.3503266793111253,-1.8631132560737445,-0.3108769181207453,-0.8156158169858759,1.4677822594292556,-1.0390499517067082
LTU,Lithuania,Europe & Central Asia,High income,2014,1,5,0,4.2160646356636535,74.5170731707317,72.1335378644566,67.1514937628023,10.698,100.0,0.6654780138127669,0.2854993626415191,0.49351405883687627,0.28299639531298937,0.5167643150575848,0.6075207890444827
LTU,Lithuania,Europe & Central Asia,High income,2015,6,10,5,4.154418007621372,74.3219512195122,71.3780590101754,67.2282485961914,9.12,100.0,0.5663838414895539,0.2610424908032642,0.46726082296342025,0.28644193309834315,0.2511525776737798,0.6075207890444827
LTU,Lithuania,Europe & Central Asia,High income,2016,6,10,5,4.174184007030145,74.6707317073171,74.3766455618662,67.1894226074219,7.862,100.0,0.598156793453935,0.30475914921414937,0.5714630777087404,0.28469902772740874,0.03940380351102557,0.6075207890444827
LTU,Lithuania,Europe & Central Asia,High income,2017,5,10,0,4.225313185824667,75.4804878048781,77.6152565124514,67.1012954711914,7.073,100.0,0.6803446407881585,0.4062551673429129,0.6840062901444712,0.2807429852947727,-0.09340206518087676,0.6075207890444827
LTU,Lithuania,Europe & Central Asia,High income,2018,5,10,0,4.284368270740207,75.6804878048781,79.7225827680518,67.1464742010457,6.147,100.0,0.7752730244974634,0.4313234609771254,0.7572368417834616,0.28277106631500176,-0.24926801500179138,0.6075207890444827
LTU,Lithuania,Europe & Central Asia,High income,2019,5,10,0,4.292450892806616,76.2829268292683,81.5818683764046,67.245735168457,6.255,100.0,0.7882654746818074,0.5068340527777355,0.8218478674337444,0.2872269083607087,-0.23108926491468693,0.6075207890444827
LTU,Lithuania,Europe & Central Asia,High income,2020,5,10,0,4.310239621375592,75.0292682926829,83.05554724,67.4254608154297,8.487,100.0,0.8168600530100163,0.3496986512169373,0.873058882260238,0.2952948238299839,0.14460490355213962,0.6075207890444827
LTU,Lithuania,Europe & Central Asia,High income,2021,5,10,0,4.377860778870776,74.0365853658537,86.93054425,68.1912117004395,7.112,100.0,0.9255580117844515,0.22527431573981915,1.007716801454098,0.329669513891443,-0.0868375165383113,0.6075207890444827
LTU,Lithuania,Europe & Central Asia,High income,2022,5,10,0,4.39942767957663,75.6439024390244,87.72420219,68.2866452426813,5.955,100.0,0.9602258313050535,0.42673779750744767,1.0352967780260247,0.33395354215735523,-0.28158579293442165,0.6075207890444827
LTU,Lithuania,Europe & Central Asia,High income,2023,4,10,0,4.44382612176454,77.290243902439,88.50287484,68.575454583199,6.841,100.0,1.0315943233178433,0.6330926536427265,1.0623560089135782,0.34691824355240936,-0.13245271351613833,0.6075207890444827
LUX,Luxembourg,Europe & Central Asia,High income,2014,0,9,0,5.092294919208698,82.2292682926829,94.6702052774766,90.4577807676859,6.044,100.0,2.073978648314244,1.2521572220485755,1.2766735636235254,1.3292196618600969,-0.26660515628856707,0.6075207890444827
LUX,Luxembourg,Europe & Central Asia,High income,2015,0,9,0,5.023096054933708,82.2926829268293,96.3767141704759,90.9893679353068,6.796,100.0,1.9627445970968225,1.2601057053960156,1.3359755285086814,1.3530827020280278,-0.14002719271909853,0.6075207890444827
LUX,Luxembourg,Europe & Central Asia,High income,2016,0,9,0,5.028974835156906,82.6853658536585,98.1366986657616,91.5357090052649,6.669,100.0,1.9721944709826793,1.309325159970496,1.3971357950423133,1.3776080474312073,-0.16140405624745302,0.6075207890444827
LUX,Luxembourg,Europe & Central Asia,High income,2017,0,9,0,5.042154849496107,82.0951219512195,97.3629603241751,92.0963768119916,5.523,100.0,1.993380749188446,1.2353431226597755,1.3702480336299387,1.4027765225331614,-0.35430079328283975,0.6075207890444827
LUX,Luxembourg,Europe & Central Asia,High income,2018,0,9,0,5.06791391419032,82.2951219512195,97.061298705829,92.6709441899184,5.589,100.0,2.034787283118288,1.2604114162939881,1.3597651543600167,1.4285689517974205,-0.34319155711849797,0.6075207890444827
LUX,Luxembourg,Europe & Central Asia,High income,2019,0,9,0,5.051911002855968,82.6390243902439,97.120635693272,93.2589839734767,5.592,100.0,2.0090633253966805,1.3035166529089157,1.3618271418247005,1.4549661596875108,-0.34268659183830075,0.6075207890444827
LUX,Luxembourg,Europe & Central Asia,High income,2020,0,9,0,5.067665986673025,82.1439024390244,98.45962893,93.8600689970981,6.766,100.0,2.034388750823778,1.241457340619343,1.4083577694889635,1.4819489706669666,-0.14507684552107206,0.6075207890444827
LUX,Luxembourg,Europe & Central Asia,High income,2021,0,9,0,5.130223782977805,82.5975609756098,98.66086333,94.5861743396533,5.571,100.0,2.1349475850058286,1.298319567643291,1.415350756968514,1.514543965450401,-0.3462213487996822,0.6075207890444827
LUX,Luxembourg,Europe & Central Asia,High income,2022,0,9,0,5.0924387140218546,82.9463414634147,98.24203749,94.7605400940185,4.588,100.0,2.0742097919866005,1.3420362260541763,1.4007963673848636,1.5223712744107551,-0.5116816389443463,0.6075207890444827
LUX,Luxembourg,Europe & Central Asia,High income,2023,0,9,0,5.12460404624772,83.309756097561,99.34785707,94.8015300320787,5.184,100.0,2.1259141118439198,1.3875871498529235,1.439224103783718,1.5242113198407254,-0.4113618699451399,0.6075207890444827
LVA,Latvia,Europe & Central Asia,High income,2014,1,5,0,4.181438092839563,74.1243902439024,75.8261041383556,67.8686035364944,10.846,100.0,0.6098174089989215,0.23627990806702423,0.6218324264757367,0.31518757744971493,0.5416759355473205,0.6075207890444827
LVA,Latvia,Europe & Central Asia,High income,2015,6,10,5,4.12456862456354,74.4804878048781,79.2005829239344,67.8965395668259,9.873,100.0,0.5184023053957116,0.28091369917185205,0.7390971083470307,0.3164416306973062,0.37789886300331405,0.6075207890444827
LVA,Latvia,Europe & Central Asia,High income,2016,5,10,0,4.141089855453458,74.580487804878,79.8420977843089,67.9307110858472,9.643,100.0,0.5449594384099344,0.29344784598894674,0.7613900432853133,0.31797559611384163,0.3391848581881843,0.6075207890444827
LVA,Latvia,Europe & Central Asia,High income,2017,5,10,0,4.179910563005378,74.6292682926829,80.1140770037369,67.9706866054779,8.715,100.0,0.6073619737314201,0.29956206394851226,0.7708414456109485,0.3197701041245422,0.182982264847138,0.6075207890444827
LVA,Latvia,Europe & Central Asia,High income,2018,5,10,0,4.236843755212562,74.7829268292683,83.5771748630956,68.0160346376376,7.412,100.0,0.6988795106779633,0.3188218505211443,0.8911856808458436,0.3218057851546296,-0.03634098851857658,0.6075207890444827
LVA,Latvia,Europe & Central Asia,High income,2019,5,10,0,4.237919942595504,75.3878048780488,86.13545644343,68.066323694246,6.312,100.0,0.7006094333252186,0.3946381532197377,0.980087136364595,0.3240632696293286,-0.22149492459093725,0.6075207890444827
LVA,Latvia,Europe & Central Asia,High income,2020,5,10,0,4.244629168750106,75.1853658536585,88.89796078,68.1211222872228,8.098,100.0,0.7113942115658644,0.36926414868754015,1.076085426109477,0.32652318797386665,0.07912773888655035,0.6075207890444827
LVA,Latvia,Europe & Central Asia,High income,2021,5,10,0,4.306679927106005,72.9804878048781,91.17964988,68.1808791463693,7.513,100.0,0.8111380051288825,0.09290149691526087,1.155375166375189,0.32920568374686343,-0.019340490751932553,0.6075207890444827
LVA,Latvia,Europe & Central Asia,High income,2022,5,10,0,4.305804856087112,74.2780487804878,91.03009059,68.2570218109034,6.815,100.0,0.8097313679599878,0.25553969463965454,1.1501779126133052,0.33262374116612387,-0.13682907927784865,0.6075207890444827
LVA,Latvia,Europe & Central Asia,High income,2023,5,10,0,4.356222178095732,75.4268292682927,92.18791291,68.3586316343061,6.465,100.0,0.8907749376386158,0.39952952758738974,1.1904127680222405,0.3371850237647364,-0.1957416953008726,0.6075207890444827
MAC,"Macao SAR, China",East Asia & Pacific,High income,2014,0,10,0,4.946232695157693,83.0219512195122,69.7809492200465,100.0,1.67,100.0,1.8391902152778945,1.3515132638914935,0.4117605269611527,1.7575715384695452,-1.0028445348162995,0.6075207890444827
MAC,"Macao SAR, China",East Asia & Pacific,High income,2015,0,11,0,4.844495569648069,83.2243902439024,77.6001318608868,100.0,1.81,100.0,1.6756523776527066,1.3768872684236786,0.6834807015819604,1.7575715384695452,-0.97927948840709,0.6075207890444827
MAC,"Macao SAR, China",East Asia & Pacific,High income,2016,0,11,0,4.838292809942207,83.2756097560976,81.6429854646415,100.0,1.939,100.0,1.665681721370409,1.3833071972812292,0.823971714215543,1.7575715384695452,-0.9575659813586042,0.6075207890444827
MAC,"Macao SAR, China",East Asia & Pacific,High income,2017,0,10,0,4.889699320820898,83.5268292682927,83.1740890688259,100.0,1.981,100.0,1.7483153675132974,1.4147954197729815,0.8771782650535501,1.7575715384695452,-0.9504964674358413,0.6075207890444827
MAC,"Macao SAR, China",East Asia & Pacific,High income,2018,0,10,0,4.9221454277968295,83.6780487804878,83.7940896091516,100.0,1.803,100.0,1.8004710201093341,1.4337494954476266,0.8987235675257521,1.7575715384695452,-0.9804577407275505,0.6075207890444827
MAC,"Macao SAR, China",East Asia & Pacific,High income,2019,0,10,0,4.913192135835978,83.9292682926829,86.4679257062588,100.0,1.73,100.0,1.786079007365017,1.4652377179393792,0.9916405953770555,1.7575715384695452,-0.9927452292123526,0.6075207890444827
MAC,"Macao SAR, China",East Asia & Pacific,High income,2020,0,11,0,4.566834071876355,84.1292682926829,87.46230316,100.0,2.542,100.0,1.2293240514895927,1.4903060115735898,1.0261956668954408,1.7575715384695452,-0.8560679600389374,0.6075207890444827
MAC,"Macao SAR, China",East Asia & Pacific,High income,2021,0,11,0,4.652100224794339,83.7292682926829,88.46810492,100.0,2.221,100.0,1.3663855440467674,1.4401694243051666,1.0611477382837804,1.7575715384695452,-0.9100992450200535,0.6075207890444827
MAC,"Macao SAR, China",East Asia & Pacific,High income,2022,0,11,0,4.565929138076574,83.0804878048781,89.48549652,100.0,2.446,100.0,1.227869411248198,1.358850325442976,1.0965025619153246,1.7575715384695452,-0.8722268490052525,0.6075207890444827
MAC,"Macao SAR, China",East Asia & Pacific,High income,2023,0,10,0,4.8274750103134405,83.1804878048781,89.82640076,100.0,2.206,100.0,1.6482925966994586,1.3713844722600814,1.1083491402441075,1.7575715384695452,-0.9126240714210403,0.6075207890444827
MAR,Morocco,"Middle East, North Africa, Afghanistan & Pakistan",Lower middle income,2014,4,4,5,3.535978194015687,72.522,56.7746379160074,60.3030486171654,9.7,97.3,-0.4277302472639219,0.03543396231331429,-0.040214742198986575,-0.024431495261582455,0.3487791985119337,0.5034050747581075
MAR,Morocco,"Middle East, North Africa, Afghanistan & Pakistan",Lower middle income,2015,4,4,5,3.4977929252554523,72.894,57.0799993486116,60.6417124737154,9.46,97.3,-0.4891113434065952,0.08206098847294889,-0.029603292690658353,-0.009228815993669145,0.3083819760961461,0.5034050747581075
MAR,Morocco,"Middle East, North Africa, Afghanistan & Pakistan",Lower middle income,2016,4,4,5,3.497047952136001,73.228,58.271236420398,60.9657656537179,9.3,97.8,-0.4903088540737551,0.12392503884208182,0.01179274063256298,0.0053179874695403195,0.2814504944856209,0.5226857625889177
MAR,Morocco,"Middle East, North Africa, Afghanistan & Pakistan",Lower middle income,2017,3,4,5,3.518056585951499,73.608,61.7622120123071,61.2761057031842,9.22,100.0,-0.4565384233835255,0.17155479674708612,0.1331057398296989,0.01924920612418859,0.2679847536803583,0.6075207890444827
MAR,Morocco,"Middle East, North Africa, Afghanistan & Pakistan",Lower middle income,2018,3,4,5,3.5442786878818033,73.946,64.8038651924043,61.5695822753314,9.272,98.1,-0.4143875779946062,0.21392021298890393,0.23880457961829427,0.03242342035670675,0.2767374852037789,0.5342541752874037
MAR,Morocco,"Middle East, North Africa, Afghanistan & Pakistan",Lower middle income,2019,3,5,5,3.5450716744831077,74.245,84.1203630467602,61.8430450233765,9.191,99.6,-0.4131128878223269,0.25139731197205195,0.910061718776765,0.04469921055352107,0.2631034226384506,0.5920962387798343
MAR,Morocco,"Middle East, North Africa, Afghanistan & Pakistan",Lower middle income,2020,2,4,4,3.5142860709711363,73.133,84.12036305,62.0933436005366,11.189,100.0,-0.4625993560424058,0.1120175993658312,0.9100617188893492,0.05593515710106265,0.5994102992498839,0.6075207890444827
MAR,Morocco,"Middle East, North Africa, Afghanistan & Pakistan",Lower middle income,2021,2,4,4,3.578173300123649,73.385,88.13031937,62.3173276600289,10.551,100.0,-0.3599035185580014,0.14360364934493972,1.0494095358595275,0.0659898403857667,0.4920210163279147,0.6075207890444827
MAR,Morocco,"Middle East, North Africa, Afghanistan & Pakistan",Lower middle income,2022,6,9,5,3.5394697595614586,75.161,89.9,62.5118468550703,9.413,100.0,-0.4221177132315145,0.3662100968167432,1.1109067475111776,0.07472184079405504,0.30047085337305424,0.6075207890444827
MAR,Morocco,"Middle East, North Africa, Afghanistan & Pakistan",Lower middle income,2023,6,9,5,3.581349496070361,75.313,91.0,62.673750838878,8.896,100.0,-0.35479792692272333,0.3852619999787446,1.1491322508421453,0.0819897387123629,0.21344850341904478,0.6075207890444827
MDA,Moldova,Europe & Central Asia,Upper middle income,2014,9,9,5,3.5171902990379706,70.241,66.9999982002077,39.6298484802246,1.45,99.8,-0.45793094049949234,-0.25046992658487616,0.31512120653196474,-0.9524550355500986,-1.0398753220307717,0.5998085139121585
MDA,Moldova,Europe & Central Asia,Upper middle income,2015,9,9,5,3.439261838124139,70.118,69.0000044661932,39.6954040527344,1.781,99.9,-0.5831974243269857,-0.2658869271699172,0.3846223394250427,-0.9495122345283313,-0.9841608194489978,0.6036646514783208
MDA,Moldova,Europe & Central Asia,Upper middle income,2016,9,9,5,3.454400882887365,70.179,70.9999991066624,39.7373237609863,1.591,99.9,-0.558862093130168,-0.2582410976114816,0.4541230683261095,-0.9476304515531706,-1.0161419538614964,0.6036646514783208
MDA,Moldova,Europe & Central Asia,Upper middle income,2017,9,9,5,3.538230193328364,70.375,71.76709747,39.9736557006836,1.622,100.0,-0.424110260006726,-0.23367416984995396,0.48078008745605616,-0.9370214697841006,-1.010923979299457,0.6075207890444827
MDA,Moldova,Europe & Central Asia,Upper middle income,2018,9,9,5,3.618722541672524,70.236,72.54239655,40.3258094787598,1.239,100.0,-0.2947224428491428,-0.2510966339257309,0.5077220852424533,-0.9212132255988047,-1.075391213404652,0.6075207890444827
MDA,Moldova,Europe & Central Asia,Upper middle income,2019,9,9,5,3.643978858884109,70.181,73.32610321,40.772289276123,1.502,100.0,-0.2541240528074696,-0.25799041467514006,0.5349562502809365,-0.901170670045158,-1.0311225905073511,0.6075207890444827
MDA,Moldova,Europe & Central Asia,Upper middle income,2020,9,9,5,3.6410553690947336,69.914,74.11830139,41.3368530273438,1.206,100.0,-0.2588234307000416,-0.2914565866768128,0.5624854995249153,-0.8758273053190414,-1.0809458314868228,0.6075207890444827
MDA,Moldova,Europe & Central Asia,Upper middle income,2021,9,9,5,3.722190009799699,68.991,74.91899872,41.8115425109863,0.794,100.0,-0.12840315756060197,-0.40714676179870213,0.5903100981203812,-0.8545184120548354,-1.150294396633925,0.6075207890444827
MDA,Moldova,Europe & Central Asia,Upper middle income,2022,9,9,5,3.759236824672634,71.546,74.91899872,42.4048843383789,0.909,100.0,-0.0688520746607089,-0.08689931062164094,0.5903100981203812,-0.827883194497288,-1.13093739422636,0.6075207890444827
MDA,Moldova,Europe & Central Asia,Upper middle income,2023,9,10,5,3.832482467610837,71.198,76.50330353,43.0011825561523,1.57,100.0,0.048886990617355734,-0.13051814154517175,0.6453654152039479,-0.8011152640627068,-1.019676710822878,0.6075207890444827
MDG,Madagascar,Sub-Saharan Africa,Low income,2014,9,0,3,2.7038800049056775,63.261,3.700000048,28.9185894345838,1.385,23.0,-1.765290531744467,-1.1253533744188802,-1.8845826936657477,-1.4332853121709257,-1.0508162364350477,-2.3617051369002877
MDG,Madagascar,Sub-Saharan Africa,Low income,2015,9,0,3,2.648672268156726,63.362,4.173999786,29.1731079210354,1.785,23.8,-1.854034476915692,-1.112693886133603,-1.8681109858804776,-1.4218599331632693,-0.9834875324087347,-2.330856036370992
MDG,Madagascar,Sub-Saharan Africa,Low income,2016,9,0,3,2.657027837589441,63.431,4.713699818,29.4239466316878,1.949,22.9,-1.8406032761587563,-1.1040453248298006,-1.8493561628159871,-1.4105997399295622,-0.9558827637579463,-2.36556127446645
MDG,Madagascar,Sub-Saharan Africa,Low income,2017,8,1,3,2.691847552578418,63.433,6.406000137,29.671033028335,2.123,24.1,-1.784632155808163,-1.103794641893458,-1.7905479523787757,-1.399507988722456,-0.9265947775065001,-2.3192876236725053
MDG,Madagascar,Sub-Saharan Africa,Low income,2018,8,2,3,2.6993669292003974,63.491,7.747799873,29.9181125346909,2.303,36.5,-1.7725450972551706,-1.0965248367395366,-1.7439197975806304,-1.388416546821721,-0.8962968606946593,-1.8411265654684124
MDG,Madagascar,Sub-Saharan Africa,Low income,2019,8,1,3,2.698812620180485,63.504,9.379400253,30.3046972370204,2.479,31.0,-1.7734361239874332,-1.094895397653313,-1.6872209377983587,-1.3710626924740268,-0.8666722309230815,-2.0532141316073247
MDG,Madagascar,Sub-Saharan Africa,Low income,2020,8,1,3,2.65395656099104,62.706,11.35470009,30.7019474167548,3.292,32.0,-1.8455402146768773,-1.1949178892538188,-1.618578364617537,-1.3532300629955063,-0.7298266399896004,-2.014652755945704
MDG,Madagascar,Sub-Saharan Africa,Low income,2021,8,2,3,2.6843690486012672,62.516,13.74590015,31.1137123216036,3.498,35.1,-1.7966535134292692,-1.218732768206321,-1.5354830683824998,-1.334745864988758,-0.6951523574160492,-1.8951124913946809
MDG,Madagascar,Sub-Saharan Africa,Low income,2022,8,2,3,2.702012010571894,63.068,17.81170082,31.5397813465886,3.186,36.1,-1.7682932483291238,-1.1495442777758955,-1.3941946346969207,-1.315619552547787,-0.7476687465565733,-1.8565511157330605
MDG,Madagascar,Sub-Saharan Africa,Low income,2023,8,2,3,2.706477469705072,63.632,18.24080086,31.9799438860946,3.044,39.4,-1.7611152243090276,-1.0788516897274172,-1.3792832119620675,-1.2958605797951925,-0.7715704364859144,-1.7292985760497133
MDV,Maldives,South Asia,Upper middle income,2014,8,11,5,3.9512925405472807,78.187,49.27999878,38.1938859868107,7.461,100.0,0.23986882068959292,0.7454933795023727,-0.3006568815243084,-1.0169156409731686,-0.028093222275353175,0.6075207890444827
MDV,Maldives,South Asia,Upper middle income,2015,8,11,5,3.9842980241111925,78.607,54.4620018,38.5771510715291,6.611,99.8,0.2929236459048503,0.7981367961342185,-0.12057990543149352,-0.9997108048358841,-0.17116671833126837,0.5998085139121585
MDV,Maldives,South Asia,Upper middle income,2016,8,11,5,3.9977273703477114,78.913,59.47750092,38.9560872317815,5.771,100.0,0.314510713882631,0.8364912853945627,0.05371098394853088,-0.982700294868809,-0.31255699678652565,0.6075207890444827
MDV,Maldives,South Asia,Upper middle income,2017,8,11,5,4.021587377261885,79.228,64.95500183,39.32787719143,5.377,99.8,0.35286459813992577,0.8759738478684467,0.24405664693088122,-0.9660105790864812,-0.37887577025244396,0.5998085139121585
MDV,Maldives,South Asia,Upper middle income,2018,8,11,5,4.0577909681618305,79.433,70.93689728,39.6923354428279,4.962,100.0,0.4110602365598841,0.9016688488435156,0.4519302509758605,-0.9496499849593405,-0.4487293006797437,0.6075207890444827
MDV,Maldives,South Asia,Upper middle income,2019,8,11,5,4.06967817372062,79.707,77.46970367,40.0492764783282,4.562,100.0,0.4301683829985863,0.9360124111223846,0.6789482622681462,-0.9336268399578399,-0.5160580047060566,0.6075207890444827
MDV,Maldives,South Asia,Upper middle income,2020,8,11,5,3.8688729061847917,78.713,79.09780121,40.3985147902839,5.42,100.0,0.10738297824041704,0.8114229917603503,0.7355253967576105,-0.917949471552434,-0.3716379345696153,0.6075207890444827
MDV,Maldives,South Asia,Upper middle income,2021,8,11,5,4.007583238924862,78.052,81.95760345,40.7398648710483,5.016,100.0,0.3303535778022795,0.7285722812992806,0.8349048331676373,-0.902626207213562,-0.4396399256361914,0.6075207890444827
MDV,Maldives,South Asia,Upper middle income,2022,7,11,5,4.071367142378325,80.76,83.91189054,41.0641769690663,4.303,100.0,0.43288332388878903,1.0679969771065132,0.902817203775331,-0.8880677808757226,-0.5596533405630943,0.6075207890444827
MDV,Maldives,South Asia,Upper middle income,2023,7,11,5,4.099943368607833,81.041,84.55290222,41.5096832933973,4.019,100.0,0.4788183178416097,1.1032179296625801,0.9250926529653579,-0.8680689246953577,-0.6074567204217766,0.6075207890444827
MEX,Mexico,Latin America & Caribbean,Upper middle income,2014,4,6,5,4.056576238498713,74.404,44.3856962723411,76.9741367091766,4.819,99.2,0.409107613449979,0.2713266054112496,-0.4707361331691087,0.7239365410911758,-0.47279931236915057,0.5766716885151865
MEX,Mexico,Latin America & Caribbean,Upper middle income,2015,4,7,5,4.000921403074267,74.431,57.4310429923633,77.1903854182753,4.311,99.0,0.3196449773364929,0.27471082505186833,-0.017404365441980343,0.733643983154874,-0.558306766482568,0.5689594133828623
MEX,Mexico,Latin America & Caribbean,Upper middle income,2016,4,7,5,3.958942303496693,74.376,59.5404459967255,77.4405087351486,3.853,99.5,0.25216546937929696,0.2678170443024609,0.055898354166748,0.7448720622377389,-0.6353981325926964,0.5882401012136725
MEX,Mexico,Latin America & Caribbean,Upper middle income,2017,5,7,5,3.984494826349021,74.261,53.0317886110982,77.7206924598541,3.419,100.0,0.29323999662001987,0.2534027754627878,-0.1702804681736392,0.7574495582427143,-0.708449776461246,0.6075207890444827
MEX,Mexico,Latin America & Caribbean,Upper middle income,2018,5,7,5,4.0036670208969,74.301,56.6595667981289,78.0271223924494,3.275,99.5,0.32405843407029955,0.258416434189631,-0.04421351619877095,0.7712052510727425,-0.7326881099107186,0.5882401012136725
MEX,Mexico,Latin America & Caribbean,Upper middle income,2019,4,8,5,4.0157601344528615,74.53,69.6321092705209,78.355984332992,3.477,99.6,0.3434975683213519,0.28711963040080385,0.40658827060990566,0.7859679206307635,-0.6986871143774306,0.5920962387798343
MEX,Mexico,Latin America & Caribbean,Upper middle income,2020,5,8,5,3.946514690377716,70.449,71.49017499,78.677960602824,4.44,99.4,0.23218864217743468,-0.22439890120529568,0.4711569045636382,0.8004214912361418,-0.5365932594340821,0.5843839636475107
MEX,Mexico,Latin America & Caribbean,Upper middle income,2021,5,8,5,4.013429260734433,69.75,75.62650476,78.9324007418057,4.019,100.0,0.3397507940166938,-0.31201258745686694,0.6148962567464721,0.8118433532122835,-0.6074567204217766,0.6075207890444827
MEX,Mexico,Latin America & Caribbean,Upper middle income,2022,4,8,5,4.0571255253329275,73.973,78.63217894,79.199683215791,3.256,100.0,0.40999056724539484,0.21730443262952268,0.7193448098186489,0.8238417098344731,-0.7358862233519685,0.6075207890444827
MEX,Mexico,Latin America & Caribbean,Upper middle income,2023,4,8,5,4.14179330337328,75.069,81.18318755,79.4734935748046,2.765,99.7,0.5460901991928181,0.3546786817450058,0.8079935262903606,0.8361331043479634,-0.8185322075442677,0.5959523763459967
MKD,North Macedonia,Europe & Central Asia,Upper middle income,2014,1,1,4,3.7727166413344824,75.4512195121951,68.0584815397496,58.8033670608162,28.215,99.8,-0.04718387775205836,0.40258663656716537,0.35190398691508545,-0.09175246047304422,3.4652565861298967,0.5998085139121585
MKD,North Macedonia,Europe & Central Asia,Upper middle income,2015,1,1,4,3.7212075178161386,75.4024390243902,70.3802030766689,59.0700383784659,26.395,99.9,-0.1299824690820424,0.39647241860759985,0.43258487268153034,-0.0797815387647759,3.1589109828101725,0.6036646514783208
MKD,North Macedonia,Europe & Central Asia,Upper middle income,2016,1,1,4,3.7480706140616746,75.4,72.1568144676058,59.3823070989891,24.312,100.0,-0.08680125426094257,0.3961667077096273,0.4943229314470702,-0.06576374173182034,2.808296756593148,0.6075207890444827
MKD,North Macedonia,Europe & Central Asia,Upper middle income,2017,1,2,4,3.774903453480239,75.9536585365854,74.5168241807954,59.7437719356273,22.857,100.0,-0.04366867592363954,0.4655630815506808,0.5763343488585664,-0.049537522512504525,2.563388595697434,0.6075207890444827
MKD,North Macedonia,Europe & Central Asia,Upper middle income,2018,0,2,4,3.8269806418067467,76.6487804878049,79.1677551850871,60.1580316016216,21.208,99.8,0.04004305394739097,0.5526906874744661,0.73795632940098,-0.03094133424517327,2.2858260133489585,0.5998085139121585
MKD,North Macedonia,Europe & Central Asia,Upper middle income,2019,0,3,4,3.827295479787556,76.6024390243903,81.4128827618364,60.6286848102132,17.414,100.0,0.04054914179217613,0.5468821804128856,0.8159755400041422,-0.009813630068167248,1.6472132556593801,0.6075207890444827
MKD,North Macedonia,Europe & Central Asia,Upper middle income,2020,0,3,4,3.8234479170859914,74.3951219512195,81.40553811,61.1593302746435,16.575,100.0,0.034364358398805694,0.2702138177426071,0.8157203099921083,0.014007136880182122,1.5059912989641882,0.6075207890444827
MKD,North Macedonia,Europe & Central Asia,Upper middle income,2021,1,4,4,3.8820007334091535,73.2463414634146,81.873703,61.6841975628139,15.801,100.0,0.1284853680144048,0.12622398479487362,0.8319892541395062,0.03756852049389509,1.3757102566732728,0.6075207890444827
MKD,North Macedonia,Europe & Central Asia,Upper middle income,2022,1,4,4,3.8811698833094628,74.4248780487805,83.85030365,61.9530566607267,14.476,100.0,0.12714981397733655,0.2739434906979448,0.9006770311672956,0.0496376520376841,1.1526839245861111,0.6075207890444827
MKD,North Macedonia,Europe & Central Asia,Upper middle income,2023,0,4,4,3.938237365173306,75.3160975609756,88.5,62.2518322545779,13.174,100.0,0.21888321548615616,0.3856502528191762,1.062256106908127,0.06304974027370606,0.9335289929804621,0.6075207890444827
MLI,Mali,Sub-Saharan Africa,Low income,2014,8,1,3,2.97676941093746,57.482,7.0,25.2656728660325,1.476,34.2,-1.3266331276777679,-1.849701718979441,-1.7699061853408657,-1.597265370597778,-1.0354989562690615,-1.9298177294901393
MLI,Mali,Sub-Saharan Africa,Low income,2015,8,1,3,2.9233061366451696,57.852,10.32999992,25.847015486705,1.404,37.6,-1.4125729281815318,-1.8033253757561487,-1.6541871644007902,-1.5711687995113757,-1.0476181229937978,-1.79870905224063
MLI,Mali,Sub-Saharan Africa,Low income,2016,8,2,3,2.9407497993405545,58.286,14.0,26.4468586077195,1.367,38.8,-1.3845330276715007,-1.7489271785699079,-1.5266529823256147,-1.5442417377553737,-1.0538460281162316,-1.7524354014466856
MLI,Mali,Sub-Saharan Africa,Low income,2017,8,1,3,2.965699011175382,58.562,18.89999962,27.0646702892896,1.498,34.8,-1.3444282956625897,-1.7143329333546955,-1.3563757534201129,-1.5165080641990585,-1.0317958775476141,-1.9066809040931672
MLI,Mali,Sub-Saharan Africa,Low income,2018,8,2,3,2.9984246929671086,58.873,21.39999962,27.6999185916288,1.62,50.9,-1.2918232391680193,-1.6753517367534956,-1.2694996094860946,-1.4879916577117205,-1.0112606228195888,-1.2858427559410788
MLI,Mali,Sub-Saharan Africa,Low income,2019,8,2,3,2.9876436196488427,59.217,24.96030045,28.3520715749509,3.29,47.9,-1.3091533279523837,-1.6322342717026506,-1.1457775265439012,-1.4587163971626367,-0.730163283509732,-1.40152688292594
MLI,Mali,Sub-Saharan Africa,Low income,2020,7,2,3,2.979203598943207,58.858,29.11300087,29.0205972994693,3.528,50.6,-1.3227202803190583,-1.6772318587760615,-1.00146928678279,-1.4287061614211027,-0.6901027046140756,-1.2974111686395648
MLI,Mali,Sub-Saharan Africa,Low income,2021,7,3,3,3.0116860654131488,59.116,33.95650101,29.7049638253978,4.006,53.4,-1.270506181477388,-1.6448937599879276,-0.8331554406599592,-1.397984829356395,-0.6096449033026317,-1.1894393167870279
MLI,Mali,Sub-Saharan Africa,Low income,2022,8,3,3,2.9898563852026605,60.035,35.19919968,30.4015705681899,2.387,53.0,-1.3055964071918436,-1.529704950738723,-0.7899710932513458,-1.366714031833393,-0.8821578328491335,-1.204863867051676
MLI,Mali,Sub-Saharan Africa,Low income,2023,7,3,3,3.0186811069650683,60.439,36.03879929,31.0031889023235,2.947,54.5,-1.2592619678850643,-1.479066997597614,-0.7607946226252237,-1.3397072804525318,-0.7878976472122954,-1.1470218035592454
MLT,Malta,"Middle East, North Africa, Afghanistan & Pakistan",High income,2014,2,8,0,4.438139930793797,81.8951219512195,73.1141157845193,94.412512773898,5.737,100.0,1.0224540279633099,1.2102748290255632,0.5275895902456312,1.5067482676388997,-0.3182799366287622,0.6075207890444827
MLT,Malta,"Middle East, North Africa, Afghanistan & Pakistan",High income,2015,2,8,0,4.407045393893625,81.7975609756098,75.9600189752747,94.4387696268011,5.389,100.0,0.9724709632645764,1.1980463931064427,0.6264860283345706,1.507926942320447,-0.3768559091316545,0.6075207890444827
MLT,Malta,"Middle East, North Africa, Afghanistan & Pakistan",High income,2016,2,8,0,4.422574691687909,82.3536585365854,78.0751488032182,94.4800033569336,4.694,100.0,0.9974336085957978,1.2677484778454706,0.6999877576831921,1.5097779316188324,-0.4938395323773734,0.6075207890444827
MLT,Malta,"Middle East, North Africa, Afghanistan & Pakistan",High income,2017,2,9,0,4.481689723606821,82.1951219512195,81.0119110762945,94.5691806330314,4.008,100.0,1.0924583544074762,1.2478772694768827,0.8020415904575005,1.5137811150122773,-0.6093082597825001,0.6075207890444827
MLT,Malta,"Middle East, North Africa, Afghanistan & Pakistan",High income,2018,0,10,0,4.5235158361726535,82.2487804878049,81.6580442928014,94.7242373261706,3.956,100.0,1.1596919426479548,1.2546029092324058,0.8244950153846222,1.5207416368646898,-0.6180609913059208,0.6075207890444827
MLT,Malta,"Middle East, North Africa, Afghanistan & Pakistan",High income,2019,0,10,0,4.510838702721593,82.6585365853659,85.7785963798031,94.9332032524644,4.08,100.0,1.139314022773697,1.3059623400927463,0.9676860858638137,1.5301221535449456,-0.5971890930577638,0.6075207890444827
MLT,Malta,"Middle East, North Africa, Afghanistan & Pakistan",High income,2020,1,9,0,4.502747074309084,82.0975609756098,86.85876183,95.1841082280263,4.856,100.0,1.1263070952944745,1.2356488335577607,1.0052223295133575,1.541385321421935,-0.46657140724671664,0.6075207890444827
MLT,Malta,"Middle East, North Africa, Afghanistan & Pakistan",High income,2021,0,10,0,4.580888909196051,82.2585365853659,87.46977742,95.5145343617045,3.754,100.0,1.2519165681537228,1.2558257528243228,1.026455400850465,1.556218207881151,-0.6520619868392089,0.6075207890444827
MLT,Malta,"Middle East, North Africa, Afghanistan & Pakistan",High income,2022,0,11,0,4.551924131928491,82.2975609756098,91.54062209,95.6003155132879,3.471,100.0,1.20535699594344,1.2607171271919733,1.1679191158440452,1.560068938656025,-0.6996970449378254,0.6075207890444827
MLT,Malta,"Middle East, North Africa, Afghanistan & Pakistan",High income,2023,0,10,0,4.611784953894595,83.3560975609756,92.07266941,95.6272277147965,3.479,100.0,1.3015805655967523,1.393395656914504,1.1864080036648568,1.5612770320501554,-0.6983504708572991,0.6075207890444827
MMR,Myanmar,East Asia & Pacific,Lower middle income,2014,9,3,3,3.1115986670243636,64.994,7.400000095,29.6164342116462,0.763,52.0,-1.1099011836739139,-0.9081366100784322,-1.756005999010129,-1.4019589390747704,-1.1555123711959643,-1.2434252427132964
MMR,Myanmar,East Asia & Pacific,Lower middle income,2015,9,3,3,3.066971502323207,65.288,10.89999962,29.7166821191682,0.766,60.5,-1.181637336803971,-0.8712862184361406,-1.6343794140089711,-1.3974587931162914,-1.155007405915767,-0.9156535495895229
MMR,Myanmar,East Asia & Pacific,Lower middle income,2016,9,3,3,3.0896215393057833,65.64,16.0,29.8129165582094,1.058,55.6,-1.1452284246029807,-0.8271660216399268,-1.4571520671784002,-1.3931388124541244,-1.1058574519765585,-1.1046042903314628
MMR,Myanmar,East Asia & Pacific,Lower middle income,2017,8,4,1,3.104767815911085,65.909,23.621081950267,29.9051727703437,1.356,69.8,-1.1208814685464157,-0.7934491667019107,-1.1923159822006628,-1.3889974150879036,-1.0556975674769553,-0.5570327559364534
MMR,Myanmar,East Asia & Pacific,Lower middle income,2018,8,4,1,3.1133459882892263,66.232,29.37899971,29.993574050729,0.767,66.1,-1.1070924436012928,-0.752963872482659,-0.9922257053787412,-1.3850290662766032,-1.1548390841557012,-0.699709845884449
MMR,Myanmar,East Asia & Pacific,Lower middle income,2019,8,4,1,3.154116340601833,66.457,36.54050064,30.0782436945232,0.407,68.3,-1.041555942318975,-0.724762042144171,-0.7433602711474273,-1.3812282312791972,-1.2154349177793828,-0.614874819428884
MMR,Myanmar,East Asia & Pacific,Lower middle income,2020,8,4,1,3.1732494656098744,66.612,45.4477005,30.1593049968842,1.476,70.4,-1.0108003073906864,-0.7053341145776564,-0.43383100031285643,-1.37758937535466,-1.0354989562690615,-0.5338959305394808
MNE,Montenegro,Europe & Central Asia,Upper middle income,2014,0,3,4,3.865824636692105,76.3390243902439,63.8868840056697,64.7232143772459,18.054,97.7,0.10248302260636849,0.513865403431233,0.2069390637928774,0.1739905124662928,1.7549391821014804,0.5188296250227559
MNE,Montenegro,Europe & Central Asia,Upper middle income,2015,0,3,4,3.807602877794768,76.6024390243903,68.1197860085679,64.8181652937171,17.555,99.5,0.008894172861396665,0.5468821804128856,0.35403434525782856,0.17825287557764258,1.6709466238286552,0.5882401012136725
MNE,Montenegro,Europe & Central Asia,Upper middle income,2016,0,3,4,3.8431091014386487,76.5414634146342,69.8816468416779,64.9101692293409,17.732,99.6,0.06596882489102628,0.5392394079634287,0.4152598153894182,0.18238294820754478,1.7007395753602985,0.5920962387798343
MNE,Montenegro,Europe & Central Asia,Upper middle income,2017,0,3,4,3.8850377194974635,76.6853658536585,71.2723325399382,64.9992438680584,16.082,100.0,0.13336718608516404,0.5572763509441313,0.46358677974503515,0.18638152419118406,1.4230086712517578,0.6075207890444827
MNE,Montenegro,Europe & Central Asia,Upper middle income,2018,0,4,4,3.9381989533609882,77.8853658536585,71.5171004874886,65.0854068937869,15.19,100.0,0.2188214702314695,0.7076861127494046,0.47209257792176423,0.19024939736267465,1.2728656612730795,0.6075207890444827
MNE,Montenegro,Europe & Central Asia,Upper middle income,2019,0,4,4,3.9419595955489557,76.6829268292683,73.4766657478691,65.1686759904159,15.128,100.0,0.2248665328221565,0.5569706400461588,0.5401883673653315,0.1939873615548849,1.2624297121490011,0.6075207890444827
MNE,Montenegro,Europe & Central Asia,Upper middle income,2020,0,3,4,3.877287033865448,75.9317073170732,77.60879306,65.2490688418027,17.878,99.9,0.12090830873804959,0.46281168346887774,0.6837816822142799,0.19759621059923502,1.725314552329903,0.6036646514783208
MNE,Montenegro,Europe & Central Asia,Upper middle income,2021,0,3,4,3.9692833298159873,73.8243902439024,82.21969752,65.3266031317675,16.543,99.8,0.2687882024731522,0.19867746761570634,0.8440127220274665,0.20107673832548284,1.5006050026420832,0.5998085139121585
MNE,Montenegro,Europe & Central Asia,Upper middle income,2022,0,4,4,4.00106460740871,76.1878048780488,88.22192026,65.4012965440866,14.851,100.0,0.31987517184096775,0.494911327756586,1.0525927087011775,0.20442973856141364,1.2158045846107794,0.6075207890444827
MNE,Montenegro,Europe & Central Asia,Upper middle income,2023,0,4,4,4.088486130880253,77.5878048780488,88.5515976,65.4731667624849,13.146,100.0,0.4604013252861351,0.6703893831960718,1.0640491471178268,0.20765600513250476,0.9288159836986204,0.6075207890444827
MNG,Mongolia,East Asia & Pacific,Upper middle income,2014,6,5,1,3.6155544593505273,70.5831707317073,19.9424474349209,67.9941357229626,4.798,86.0,-0.29981499219887786,-0.20758174470751717,-1.3201502148550046,0.3208227390761049,-0.47633406933053196,0.06766152978179715
MNG,Mongolia,East Asia & Pacific,Upper middle income,2015,6,5,1,3.5842092055274937,70.810243902439,22.5000041337688,67.9999999906095,4.861,88.0,-0.35020107303567777,-0.179120060105748,-1.2312739492995957,0.3210859870680377,-0.46572979844638773,0.14478428110503794
MNG,Mongolia,East Asia & Pacific,Upper middle income,2016,5,4,1,3.558696604936055,70.2239024390244,22.2657705007562,67.9776754820979,7.235,90.8,-0.39121142704380535,-0.25261295997970207,-1.2394136752259117,0.3200838360083613,-0.06613394005022001,0.25275613295757493
MNG,Mongolia,East Asia & Pacific,Upper middle income,2017,6,5,1,3.561812743822238,70.5434146341463,23.71430016,67.9260583223672,6.359,93.6,-0.38620237442281397,-0.2125648323445644,-1.1890766067582483,0.3177667327541185,-0.21358380186784554,0.3607279848101119
MNG,Mongolia,East Asia & Pacific,Upper middle income,2018,5,5,5,3.6135926794014104,70.8270731707317,47.1300018848989,67.8683444833372,5.377,98.1,-0.30296846492742163,-0.17701065490969678,-0.37537025741090646,0.31517594850855035,-0.37887577025244396,0.5342541752874037
MNG,Mongolia,East Asia & Pacific,Upper middle income,2019,4,4,5,3.638244196134653,71.0531707317073,51.079994082603,67.8277299551557,9.024,98.9,-0.26334226435864005,-0.14867125466711875,-0.23810622112851043,0.31335275529315715,0.23499368870746465,0.5651032758167005
MNG,Mongolia,East Asia & Pacific,Upper middle income,2020,4,5,5,3.602195896718101,71.3490243902439,62.50002848,68.0894771770775,6.413,99.5,-0.32128827872770704,-0.11158852274236154,0.1587451996873696,0.325102633490026,-0.20449442682429322,0.5882401012136725
MNG,Mongolia,East Asia & Pacific,Upper middle income,2021,6,8,5,3.654909291737088,71.6451219512195,81.60682285,69.2153244018555,7.871,100.0,-0.23655387531199487,-0.07447521972781011,0.822715046809693,0.37564211070891634,0.04091869935161767,0.6075207890444827
MNG,Mongolia,East Asia & Pacific,Upper middle income,2022,6,8,5,3.6984063478865767,71.9007317073171,81.07720184,69.783805847168,5.954,100.0,-0.16663432067433315,-0.04243671761968857,0.804310474371597,0.4011613414024043,-0.28175411469448747,0.6075207890444827
MNG,Mongolia,East Asia & Pacific,Upper middle income,2023,6,9,5,3.766311034830396,72.1224390243902,83.74320221,70.4464492797852,5.178,100.0,-0.057480601107556054,-0.014647596993479702,0.8969552071205035,0.4309075200401035,-0.4123718005055347,0.6075207890444827
MOZ,Mozambique,Sub-Saharan Africa,Low income,2014,8,0,3,2.843321671911596,57.965,6.0,31.8972245802342,3.377,24.8,-1.5411443453570577,-1.789161789852818,-1.804656642914473,-1.2995738637844287,-0.715519290384009,-2.2922946607093713
MOZ,Mozambique,Sub-Saharan Africa,Low income,2015,8,0,3,2.785731033647978,58.711,6.5,32.1372836259918,3.426,24.0,-1.6337186971672588,-1.6956570545972074,-1.7872814141276694,-1.2887975715777777,-0.7072715241407855,-2.3231437612386676
MOZ,Mozambique,Sub-Saharan Africa,Low income,2016,8,1,3,2.6449206101485565,59.455,7.0,32.3819234395234,3.65,26.2,-1.8600650978428308,-1.602403002277938,-1.7699061853408657,-1.2778156479111349,-0.6695674498860503,-2.2383087347831023
MOZ,Mozambique,Sub-Saharan Africa,Low income,2017,8,1,3,2.6729642543309255,60.148,7.7963266079129,32.6274411492675,3.935,24.3,-1.814986205494128,-1.5155413648353924,-1.7422334713378538,-1.2667943153312258,-0.6215957482673022,-2.3115753485401815
MOZ,Mozambique,Sub-Saharan Africa,Low income,2018,8,1,3,2.7139164470138106,60.79,10.89999962,32.9902559073541,4.21,31.1,-1.7491574040234639,-1.4350721422695718,-1.6343794140089711,-1.2505074979039228,-0.5753072642492121,-2.0493579940411624
MOZ,Mozambique,Sub-Saharan Africa,Low income,2019,8,1,3,2.7152447967071636,61.306,12.47929955,33.4177241517032,4.462,29.7,-1.7470221418428897,-1.3703959446933047,-1.5794980187955052,-1.2313183742629774,-0.5328901807126349,-2.103343919967431
MOZ,Mozambique,Sub-Saharan Africa,Low income,2020,8,1,3,2.665049641652506,61.39,14.28740025,33.9044006416285,5.019,30.6,-1.8277085881699309,-1.3598672613669351,-1.5166656921313457,-1.2094713822073728,-0.43913496035599403,-2.0686386818719726
MOZ,Mozambique,Sub-Saharan Africa,Low income,2021,7,1,3,2.707491680474872,60.268,16.35759926,34.4499259401554,5.413,31.5,-1.7594849262702497,-1.5005003886548653,-1.4447253292654167,-1.1849826569252502,-0.37281618689007573,-2.0339334437765144
MOZ,Mozambique,Sub-Saharan Africa,Low income,2022,7,1,3,2.762116891000792,63.011,18.96220016,35.0536638047945,6.789,33.2,-1.6716773657117932,-1.1566887414616454,-1.3542142561937878,-1.1578807594523262,-0.14120544503955912,-1.9683791051517596
MOZ,Mozambique,Sub-Saharan Africa,Low income,2023,7,2,3,2.7937905925396556,63.611,19.94560051,35.7149783148407,6.661,36.0,-1.620763319995401,-1.0814838605590096,-1.320040644053242,-1.128194236379365,-0.1627506303279793,-1.8604072532992226
MRT,Mauritania,Sub-Saharan Africa,Lower middle income,2014,6,1,3,3.233759556652219,66.207,11.80000019,50.4694791226856,10.026,38.8,-0.9135330670003318,-0.7560974091869361,-1.603103982384964,-0.4658621356796327,0.40365209229337884,-1.7524354014466856
MRT,Mauritania,Sub-Saharan Africa,Lower middle income,2015,5,2,2,3.191716143443347,66.498,17.60000038,51.6680350049622,10.104,39.5,-0.9811159562172163,-0.719623041949156,-1.4015513218554547,-0.4120587542129957,0.41678118957850974,-1.7254424384835512
MRT,Mauritania,Sub-Saharan Africa,Lower middle income,2016,5,2,2,3.1947267909575925,66.823,19.23279953,52.9185627319946,10.287,41.2,-0.9762764762155448,-0.6788870647935628,-1.3448108042671576,-0.3559223476198126,0.4475840716705482,-1.6598880998587964
MRT,Mauritania,Sub-Saharan Africa,Lower middle income,2017,5,2,2,3.2081736058870924,67.088,21.01720047,54.1970448502004,10.336,42.9,-0.9546613281021996,-0.6456715757282315,-1.2828020551073829,-0.2985310635576597,0.45583183791377146,-1.594333761234042
MRT,Mauritania,Sub-Saharan Africa,Lower middle income,2018,5,2,2,3.236268966155258,67.419,22.96699905,55.1305077000081,10.411,43.6,-0.9094993044796454,-0.6041835497636101,-1.215045662276013,-0.2566277543037425,0.46845596991870503,-1.5673407982709076
MRT,Mauritania,Sub-Saharan Africa,Lower middle income,2019,5,2,2,3.247254420005798,67.64,25.0977993,56.0596215779146,10.416,44.9,-0.8918406832138158,-0.5764830852978051,-1.1409993785905563,-0.21491967115287863,0.4692975787190341,-1.5172110099108012
MRT,Mauritania,Sub-Saharan Africa,Lower middle income,2020,5,2,2,3.254249404990865,66.794,29.90649986,56.9836701058893,11.051,45.4,-0.8805965605501546,-0.6825219673705231,-0.9738948337960948,-0.17343897243912954,0.576181896360806,-1.4979303220799909
MRT,Mauritania,Sub-Saharan Africa,Lower middle income,2021,5,2,2,3.289541949846231,66.762,35.63660049,57.901535141641,11.131,47.7,-0.823865387529245,-0.6865328943519966,-0.7747712149607795,-0.13223585176391014,0.5896476371660685,-1.409239158058264
MRT,Mauritania,Sub-Saharan Africa,Lower middle income,2022,4,2,2,3.2923341488844313,68.281,42.46450043,58.8120996197226,10.52,49.0,-0.8193770535937316,-0.4961392042001545,-0.5374985677789738,-0.09136045438891521,0.48680304176587536,-1.3591093696981575
MRT,Mauritania,Sub-Saharan Africa,Lower middle income,2023,4,2,2,3.3295568968307223,68.484,44.95629883,59.7142464747058,10.37,50.3,-0.7595431662186849,-0.47069488616143057,-0.45090743319779125,-0.05086292557499688,0.4615547777560079,-1.3089795813380511
MUS,Mauritius,Sub-Saharan Africa,Upper middle income,2014,8,7,1,4.020789214679072,74.1943902439024,44.8032753683379,39.7887571971735,7.467,99.5,0.35158158781097454,0.2450538108389994,-0.4562250685100466,-0.9453215956806654,-0.02708329171495859,0.5882401012136725
MUS,Mauritius,Sub-Saharan Africa,Upper middle income,2015,8,7,1,3.9836508100336476,74.3531707317073,50.1393184766711,39.6709610617726,7.41,99.6,0.2918832784854636,0.2649555902973815,-0.27079512886297424,-0.9506094846326865,-0.03667763203870811,0.5920962387798343
MUS,Mauritius,Sub-Saharan Africa,Upper middle income,2016,9,11,5,4.00411159575972,74.3948780487805,52.19129944,39.5578893260494,6.814,99.7,0.3247730680975911,0.27018324665281285,-0.19948785145496348,-0.9556852944636429,-0.1369974010379145,0.5959523763459967
MUS,Mauritius,Sub-Saharan Africa,Upper middle income,2017,8,11,5,4.040867400711038,74.5146341463415,55.4032403002657,39.4499348663789,6.752,99.6,0.3838563656824355,0.2851936517435465,-0.08787143686136467,-0.9605313888849093,-0.14743335016199305,0.5920962387798343
MUS,Mauritius,Sub-Saharan Africa,Upper middle income,2018,8,11,5,4.072571474972244,74.4163414634146,58.596169704299,39.3474905591359,6.426,99.8,0.4348192341792014,0.27287350255501497,0.023084320929017698,-0.9651301316078693,-0.20230624394343807,0.5998085139121585
MUS,Mauritius,Sub-Saharan Africa,Upper middle income,2019,8,11,5,4.063267790924837,74.2358536585366,61.7299551453346,39.2509492806955,6.331,100.0,0.41986398196975244,0.25025089610463475,0.13198479894251344,-0.9694638863438932,-0.21829681114968738,0.6075207890444827
MUS,Mauritius,Sub-Saharan Africa,Upper middle income,2020,9,11,5,3.9607488527986656,74.1770731707317,67.73290684,39.1607039074325,8.626,99.5,0.25506941584847387,0.24288326346335798,0.34059011712439724,-0.9735150168043649,0.16800162820128328,0.5882401012136725
MUS,Mauritius,Sub-Saharan Africa,Upper middle income,2021,9,11,5,3.962734423345263,73.680243902439,71.59999847,39.077147315722,7.719,99.6,0.2582611308887429,0.1806099535451971,0.4749733207459642,-0.9772658867006544,0.015333791821618706,0.5920962387798343
MUS,Mauritius,Sub-Saharan Africa,Upper middle income,2022,9,11,5,4.010575618375259,73.5146341463415,75.5,39.0000125885784,6.322,100.0,0.33516369271579466,0.1598521835724857,0.6105001584512325,-0.980728477982547,-0.21981170699027947,0.6075207890444827
MUS,Mauritius,Sub-Saharan Africa,Upper middle income,2023,9,11,5,4.051922700105169,73.4121951219512,79.5,39.0039901092226,5.571,100.0,0.40162726050729614,0.14701232585739352,0.7495019887456617,-0.9805499263908559,-0.3462213487996822,0.6075207890444827
MWI,Malawi,Sub-Saharan Africa,Low income,2014,9,0,3,2.7238769090355546,61.651,5.829999924,15.766154187056,4.967,11.9,-1.7331464108621746,-1.327153138174288,-1.810564223343021,-2.0237004119607165,-0.4478876918794148,-2.789736406744274
MWI,Malawi,Sub-Saharan Africa,Low income,2015,9,0,3,2.7320762575570567,62.324,6.0,15.8338504946918,4.953,10.8,-1.7199663281694029,-1.2427983300951646,-1.804656642914473,-2.0206615129677936,-0.45024419652033565,-2.8321539199720567
MWI,Malawi,Sub-Saharan Africa,Low income,2016,9,0,3,2.6537006811566943,63.163,6.300000191,15.899632938282,5.011,11.0,-1.8459515299621396,-1.137636838299645,-1.7942314990050534,-2.0177085276638724,-0.44048153443652033,-2.8244416448397325
MWI,Malawi,Sub-Saharan Africa,Low income,2017,9,0,3,2.695279965858775,63.914,7.0,15.9634281867266,5.046,12.7,-1.7791147063727306,-1.0435053957031777,-1.7699061853408657,-2.0148447478947524,-0.4345902728342179,-2.758887306214978
MWI,Malawi,Sub-Saharan Africa,Low income,2018,9,1,3,2.7268922317273363,64.464,8.798299789,16.0221486554255,5.021,18.0,-1.7282994157236153,-0.9745675882090945,-1.7074144448185944,-2.012208775868729,-0.4387983168358625,-2.55451201520839
MWI,Malawi,Sub-Saharan Africa,Low income,2019,9,0,3,2.7640932570317136,64.995,11.05860043,16.1383746619001,4.964,11.2,-1.668500446515052,-0.9080112686102605,-1.6288679632899266,-2.006991370276577,-0.448392657159612,-2.8167293697074083
MWI,Malawi,Sub-Saharan Africa,Low income,2020,9,1,3,2.779962441637715,65.216,13.89949989,16.2961471756409,5.72,11.5,-1.6429914484738708,-0.8803108041444574,-1.5301454071343126,-1.9999089347662506,-0.3211414065498806,-2.805160957008922
MWI,Malawi,Sub-Saharan Africa,Low income,2021,9,1,3,2.790599680951134,64.782,15.30300045,16.4881925800694,5.652,14.2,-1.6258925663607369,-0.9347090013306975,-1.4813731204694986,-1.9912879832476993,-0.33258728623435374,-2.701045242722547
MWI,Malawi,Sub-Saharan Africa,Low income,2022,9,1,3,2.7812308468985063,66.037,16.84830093,16.7146031979436,5.02,14.0,-1.640952544263209,-0.777405458776015,-1.4276732217007837,-1.9811243713363016,-0.4389666385959284,-2.7087575178548713
MWI,Malawi,Sub-Saharan Africa,Low income,2023,9,1,3,2.8015510350230177,67.353,17.98810346,16.9748746665356,5.009,15.6,-1.6082887589500956,-0.6124560866629004,-1.3880645622397283,-1.969440739962403,-0.44081817795665185,-2.647059316796279
MYS,Malaysia,East Asia & Pacific,Upper middle income,2014,5,7,5,4.041917892734472,75.345,63.6654258813225,72.9802206910773,2.88,99.7,0.38554498419897315,0.3892729269602181,0.19924329263841936,0.5446489582215794,-0.7991752051367028,0.5959523763459967
MYS,Malaysia,East Asia & Pacific,Upper middle income,2015,5,8,5,3.984467893912477,75.288,71.0640678111957,73.4387869957006,3.1,99.9,0.2931967039437984,0.38212846327446737,0.45634948512478984,0.5652340791827555,-0.7621444179222308,0.6036646514783208
MYS,Malaysia,East Asia & Pacific,Upper middle income,2016,5,8,5,3.976649529606726,75.371,78.7883099275229,73.8588978909614,3.44,99.9,0.28062903618314905,0.3925318051326652,0.7247704330764888,0.5840929301468619,-0.7049150194998647,0.6036646514783208
MYS,Malaysia,East Asia & Pacific,Upper middle income,2017,5,8,5,3.993989132800578,75.542,80.1404790103961,74.2354806421432,3.41,100.0,0.3085016657409117,0.4139651961899174,0.7717589274232175,0.6009977951725163,-0.709964672301838,0.6075207890444827
MYS,Malaysia,East Asia & Pacific,Upper middle income,2018,5,9,5,4.0374982898667096,75.734,81.2010486181174,74.5634625145296,3.3,100.0,0.3784406720559339,0.43803075807876024,0.8086142065801936,0.615720958318342,-0.7284800659090742,0.6075207890444827
MYS,Malaysia,East Asia & Pacific,Upper middle income,2019,5,9,5,4.038230264861724,75.9,84.1871450078281,74.8377707734042,3.33,100.0,0.37961728882469703,0.4588374417951577,0.9123824224815369,0.6280347036429617,-0.7234304131071007,0.6075207890444827
MYS,Malaysia,East Asia & Pacific,Upper middle income,2020,5,9,5,3.9981514607090576,76.057,89.55501192,75.0511895575672,4.54,100.0,0.3151924199983171,0.4785160522980138,1.098918253873737,0.6376151098853947,-0.5197610834275038,0.6075207890444827
MYS,Malaysia,East Asia & Pacific,Upper middle income,2021,5,9,5,4.0375501446184385,73.917,96.7514278,75.5088628191907,4.64,100.0,0.3785240262290135,0.21028531041194362,1.3489969985937107,0.6581601419913956,-0.5029289074209257,0.6075207890444827
MYS,Malaysia,East Asia & Pacific,Upper middle income,2022,4,9,0,4.070206666559876,75.444,97.3986404,75.9741357073003,3.93,100.0,0.43101791138558837,0.4016817323091536,1.371487932591115,0.6790463226486511,-0.6224373570676311,0.6075207890444827
MYS,Malaysia,East Asia & Pacific,Upper middle income,2023,4,9,0,4.056372688543353,76.657,97.69272633,76.4434752105739,3.858,100.0,0.40878041608341703,0.5537209332006495,1.3817075532245746,0.7001150543660455,-0.6345565237923675,0.6075207890444827
NAM,Namibia,Sub-Saharan Africa,Lower middle income,2014,4,0,2,3.7306469018037194,59.311,14.84000015,44.8214248210559,18.521,48.4,-0.11480908534321482,-1.6204521736945707,-1.497462592751216,-0.7194042730371735,1.8335454440522012,-1.3822461950951297
NAM,Namibia,Sub-Saharan Africa,Lower middle income,2015,4,0,2,3.6788921037378395,60.008,25.68790054,45.5103554445325,20.791,51.6,-0.1980025874205032,-1.533089170379341,-1.1204930904858033,-0.688478057841806,2.215635839401527,-1.2588497929779445
NAM,Namibia,Sub-Saharan Africa,Lower middle income,2016,3,0,2,3.6430268356577598,60.81,31.0333004,46.1751725648784,23.352,49.7,-0.255654387176818,-1.4325653129061502,-0.9347379994369069,-0.6586343019848999,2.6467078669299964,-1.332116406735023
NAM,Namibia,Sub-Saharan Africa,Lower middle income,2017,3,0,2,3.711297643868485,61.661,36.83739853,46.8135799686288,21.748,52.5,-0.14591214419738827,-1.3258997234925776,-0.7330429336172886,-0.6299760828872099,2.3767197637844815,-1.224144554882486
NAM,Namibia,Sub-Saharan Africa,Lower middle income,2018,3,1,2,3.7249806681769506,62.579,42.8207016,47.4232814423189,19.877,52.3,-0.12391730016803049,-1.210836255711544,-0.5251204141332195,-0.6026064779694904,2.061789750701402,-1.2318568300148103
NAM,Namibia,Sub-Saharan Africa,Lower middle income,2019,3,1,2,3.6750374883431323,63.546,49.77590179,48.0019807724839,19.929,53.3,-0.2041987076997964,-1.0896310559901283,-0.2834240250146793,-0.5766285646524967,2.0705424822248224,-1.19329545435319
NAM,Namibia,Sub-Saharan Africa,Lower middle income,2020,3,1,2,3.5886738543583463,64.071,57.8608017,48.547381745659,21.003,52.3,-0.3430243515399993,-1.0238267852003216,-0.0024700537053628773,-0.5521454203569826,2.251320052535473,-1.2318568300148103
NAM,Namibia,Sub-Saharan Africa,Lower middle income,2021,3,1,2,3.6447177451055084,60.85,60.25999832,49.0571881483796,20.931,55.2,-0.2529363265542122,-1.4275516541793078,0.08090312664868902,-0.5292601225036946,2.239200885810737,-1.120028840596111
NAM,Namibia,Sub-Saharan Africa,Lower middle income,2022,3,1,2,3.6384691975707293,64.19,62.99720001,49.5291037671807,19.615,56.2,-0.2629805847049824,-1.0089111504879653,0.1760221378474401,-0.5080757485133962,2.017689449564167,-1.0814674649344906
NAM,Namibia,Sub-Saharan Africa,Lower middle income,2023,3,1,2,3.6219657100916933,67.385,63.69549942,49.9545837830821,19.154,56.7,-0.2895091959870123,-0.6084451596814251,0.20028836186832,-0.4889758767923623,1.9400931181738414,-1.0621867771036804
NCL,New Caledonia,East Asia & Pacific,High income,2014,0,5,0,4.5776865666442985,77.053,70.0,66.7846387072769,14.59,100.0,1.2467689470308994,0.6033561545963897,0.41937264179639255,0.26652820823279566,1.1718726052336101,0.6075207890444827
NCL,New Caledonia,East Asia & Pacific,High income,2015,0,5,0,4.489377960000602,77.206,74.00175279141,66.8278045547803,13.621,100.0,1.1048168474226074,0.6225333992265628,0.5584353823943502,0.26846593061512203,1.008768819729867,0.6075207890444827
NCL,New Caledonia,East Asia & Pacific,High income,2017,0,5,0,4.509937515333261,77.504,82.0058408035186,66.9683393293094,11.676,100.0,1.1378654047196233,0.6598851567415391,0.8365811032745485,0.274774561022037,0.68138299640192,0.6075207890444827
NER,Niger,Sub-Saharan Africa,Low income,2014,9,0,3,2.7522865890515766,58.693,1.24867568902241,16.2450424611665,0.524,15.7,-1.6874791324309175,-1.6979132010242866,-1.9697673368015485,-2.0022030342640456,-1.1957412718516864,-2.6432031792301167
NER,Niger,Sub-Saharan Africa,Low income,2015,9,0,3,2.6863346374334807,58.85,2.476200104,16.3035606587493,0.556,16.6,-1.7934939180930516,-1.6782345905214295,-1.9271103016983027,-1.9995761422235119,-1.1903549755295812,-2.6084979411346585
NER,Niger,Sub-Saharan Africa,Low income,2016,9,0,3,2.7013144794496293,59.228,4.322800159,16.3898280543236,0.55,17.0,-1.769414498126973,-1.6308555155527684,-1.8629401048316045,-1.995703583871538,-1.191364906089976,-2.59307339087001
NER,Niger,Sub-Saharan Africa,Low income,2017,9,0,3,2.717507512171809,59.524,10.2243115586561,16.5036987906896,0.556,17.6,-1.7433849288550494,-1.5937544409741347,-1.6578598833176954,-1.9905919067631253,-1.1903549755295812,-2.569936565473038
NER,Niger,Sub-Saharan Africa,Low income,2018,9,0,3,2.7623544363792494,59.765,10.74180031,16.6449011799221,0.536,17.6,-1.6712955222368946,-1.563547147144909,-1.6398769124193,-1.9842533070163648,-1.193721410730897,-2.569936565473038
NER,Niger,Sub-Saharan Africa,Low income,2019,9,0,3,2.7494977005324093,60.031,11.28549957,16.813146499685,0.531,18.5,-1.6919621448564965,-1.530206316611407,-1.6209831143518685,-1.9767007454270085,-1.194563019531226,-2.5352313273775797
NER,Niger,Sub-Saharan Africa,Low income,2020,9,0,3,2.7630628048903665,59.89,11.85680008,17.0081420003794,0.591,18.7,-1.6701568518255816,-1.5478794636235265,-1.6011301602173333,-1.967947363575333,-1.184463713927279,-2.5275190522452555
NER,Niger,Sub-Saharan Africa,Low income,2021,9,0,3,2.784419311630026,59.542,12.45689964,17.2295936666686,0.806,18.6,-1.6358272311100712,-1.5914982945470555,-1.5802764259176127,-1.9580063598608057,-1.1482745355131356,-2.531375189811418
NER,Niger,Sub-Saharan Africa,Low income,2022,9,0,3,2.7851483528318695,60.398,13.08749962,17.477207007512,0.403,19.5,-1.6346553302814215,-1.4842059977926272,-1.5583627880667053,-1.9468909540373238,-1.2161082048196459,-2.496669951715959
NER,Niger,Sub-Saharan Africa,Low income,2023,9,0,3,2.805049392905433,61.183,12.98079967,17.7506873295237,0.407,20.1,-1.6026653065430871,-1.3858129452783448,-1.5620706601522865,-1.9346143749421003,-1.2154349177793828,-2.473533126318987
NGA,Nigeria,Sub-Saharan Africa,Lower middle income,2014,6,3,1,3.4897787248711842,51.94,21.0,54.9232435340404,3.9,54.2,-0.5019938088249263,-2.54434413558346,-1.2833997793103638,-0.26593187866775864,-0.6274870098696047,-1.1585902162577313
NGA,Nigeria,Sub-Saharan Africa,Lower middle income,2015,6,3,1,3.412583779982969,51.939,22.51420021,55.7325682057138,4.134,52.5,-0.6260811987465144,-2.544469477051631,-1.2307806291548118,-0.22960115376430748,-0.5880997180142115,-1.224144554882486
NGA,Nigeria,Sub-Saharan Africa,Lower middle income,2016,6,3,1,3.3160569301011145,52.189,24.13750076,56.541038793347,4.499,59.3,-0.78124375345184,-2.5131341100088656,-1.1743701922628231,-0.19330876884157694,-0.5266622755902011,-0.9619272003834676
NGA,Nigeria,Sub-Saharan Africa,Lower middle income,2017,6,3,1,3.273311599751115,52.397,25.87789917,57.3486345560101,4.83,54.4,-0.8499549427939443,-2.4870630846292854,-1.1138905511549448,-0.15705565496350862,-0.47094777300842694,-1.1508779411254073
NGA,Nigeria,Sub-Saharan Africa,Lower middle income,2018,6,3,1,3.313419929381599,52.669,27.74370003,58.1553347527729,5.069,56.5,-0.7854826130945262,-2.452970205286757,-1.0490531175287148,-0.1208427431940566,-0.43071887235270495,-1.0698990522360046
NGA,Nigeria,Sub-Saharan Africa,Lower middle income,2019,6,3,1,3.5037652052865758,53.009,29.74410057,58.9611186427056,5.206,55.4,-0.4795111727993606,-2.4103541061085956,-0.9795382834332237,-0.0846709645971581,-0.4076587912236927,-1.112316565463787
NGA,Nigeria,Sub-Saharan Africa,Lower middle income,2020,6,3,1,3.4467211255523758,53.072,31.88879967,59.7659654848781,5.714,55.4,-0.5712069564409713,-2.4024575936138186,-0.9050090083505199,-0.04854125023676272,-0.32215133711027516,-1.112316565463787
NGA,Nigeria,Sub-Saharan Africa,Lower middle income,2021,6,3,1,3.4452129740750315,53.455,35.50979996,60.5698545383604,5.404,59.5,-0.5736312418744415,-2.354451811304303,-0.7791775913988552,-0.01245453117681626,-0.37433108273066784,-0.9542149252511434
NGA,Nigeria,Sub-Saharan Africa,Lower middle income,2022,6,3,1,3.462272255144315,54.079,39.14720154,61.3727650622225,3.827,60.5,-0.5462092174803375,-2.2762387351655606,-0.6527762221148934,0.023588261518735484,-0.6397744983544068,-0.9156535495895229
NGA,Nigeria,Sub-Saharan Africa,Lower middle income,2023,6,3,1,3.3301628323212626,54.462,40.06399918,62.1746763155343,3.074,61.2,-0.75856915226491,-2.228232952856044,-0.6209170846224898,0.05958619678594289,-0.766520783683941,-0.8886605866263886
NIC,Nicaragua,Latin America & Caribbean,Lower middle income,2014,7,5,1,3.291894853133072,72.792,17.60000038,57.6222653742564,4.52,81.9,-0.8200832016876097,0.06927615871950021,-1.4015513218554547,-0.14477232006620736,-0.5231275186288196,-0.09044011043084625
NIC,Nicaragua,Latin America & Caribbean,Lower middle income,2015,7,5,1,3.316904270911214,72.899,19.70429993,57.8149881864705,4.7,83.2,-0.7798816913420535,0.08268769581380363,-1.3284259496210187,-0.13612095959465173,-0.49282960181697866,-0.04031032207073985
NIC,Nicaragua,Latin America & Caribbean,Lower middle income,2016,6,5,1,3.328723446517818,73.18,24.57180023,58.0043880782023,3.9,83.9,-0.7608828999811404,0.11790864836987246,-1.1592780869563482,-0.12761876559996752,-0.6274870098696047,-0.013317359107605464
NIC,Nicaragua,Latin America & Caribbean,Lower middle income,2017,6,5,1,3.3389768987682222,73.389,30.39999962,58.1892567408822,3.3,84.6,-0.7444009382506056,0.14410501521762278,-0.9567454913236294,-0.11931997926344655,-0.7284800659090742,0.013675603855528375
NIC,Nicaragua,Latin America & Caribbean,Lower middle income,2018,6,5,1,3.3085997305968275,73.879,33.9129982,58.3683858659405,5.2,85.2,-0.7932308650943382,0.2055223346214437,-0.8346671832131969,-0.11127884176638607,-0.4086687217840874,0.036812429252500944
NIC,Nicaragua,Latin America & Caribbean,Lower middle income,2019,6,5,1,3.2919502991472176,73.764,39.01079941,58.5405671448072,5.457,85.7,-0.8199940747222771,0.1911080657817706,-0.657516258546408,-0.10354959429009669,-0.3654100294471814,0.05609311708331114
NIC,Nicaragua,Latin America & Caribbean,Lower middle income,2020,5,4,1,3.287453941905714,70.766,44.87490082,58.7045922689128,6.18,86.0,-0.8272217660570031,-0.1846656557950685,-0.45373605129087236,-0.09618647801586579,-0.24371339691962066,0.06766152978179715
NIC,Nicaragua,Latin America & Caribbean,Lower middle income,2021,5,4,1,3.3300860790165663,70.478,51.62039948,58.8592529296875,6.076,86.3,-0.7586925297381554,-0.22076399862833537,-0.21932688629371752,-0.08924373412499473,-0.26121885996646205,0.07922994248028316
NIC,Nicaragua,Latin America & Caribbean,Lower middle income,2022,6,7,5,3.3660287452510143,74.463,59.38000107,58.9954376220703,4.969,86.5,-0.7009163159418512,0.2787217520333418,0.05032281954767286,-0.08313037966022782,-0.44755104835928317,0.08694221761260734
NIC,Nicaragua,Latin America & Caribbean,Lower middle income,2023,6,7,5,3.416548134348873,74.947,60.30120087,59.1250953674316,4.698,88.3,-0.6197086780237956,0.33938702262813636,0.0823349341143885,-0.07731002097947323,-0.4931662453371102,0.15635269380352396
NLD,Netherlands,Europe & Central Asia,High income,2014,0,8,0,4.728006398194639,81.7073170731707,91.6666666666667,89.8364787097165,7.419,100.0,1.488401291966767,1.18673508988124,1.1722992225578845,1.301329304701748,-0.03516273619811616,0.6075207890444827
NLD,Netherlands,Europe & Central Asia,High income,2015,0,8,0,4.660806811510276,81.509756097561,91.7241379310345,90.2787737214621,6.872,100.0,1.380380989244262,1.1619725071450127,1.1742963752919997,1.321184004503094,-0.12723473895409912,0.6075207890444827
NLD,Netherlands,Europe & Central Asia,High income,2016,1,9,0,4.670324994633097,81.5609756097561,90.4109589041096,90.5803239452777,6.007,100.0,1.3956810390366008,1.1683924360025526,1.128662803230295,1.3347206463595276,-0.272833061411001,0.6075207890444827
NLD,Netherlands,Europe & Central Asia,High income,2017,1,9,0,4.694725220768734,81.7609756097561,93.1972789115646,91.1219700676602,4.837,100.0,1.4349033013110568,1.193460729636765,1.2254886984358528,1.3590352347516148,-0.4697695206879665,0.6075207890444827
NLD,Netherlands,Europe & Central Asia,High income,2018,0,10,0,4.732032316681534,81.8121951219512,91.8918918918919,92.6062472401044,3.832,100.0,1.4948727742354475,1.199880658494305,1.180125902191579,1.4256646944974114,-0.6389328895540779,0.6075207890444827
NLD,Netherlands,Europe & Central Asia,High income,2019,0,10,0,4.7287992187892876,82.1121951219512,93.2885906040269,93.8898028856479,3.379,100.0,1.4896757152908398,1.237483098945623,1.228661821530738,1.4832837300818489,-0.7151826468638774,0.6075207890444827
NLD,Netherlands,Europe & Central Asia,High income,2020,0,10,0,4.7280933524578055,81.3585365853659,91.33333333,94.2532277765935,3.82,100.0,1.4885410670203607,1.1430184314703675,1.1607157365841796,1.4995979364790313,-0.6409527506748673,0.6075207890444827
NLD,Netherlands,Europe & Central Asia,High income,2021,0,10,0,4.779177780311633,81.309756097561,92.05298013,94.6294783220315,4.209,100.0,1.5706569792371312,1.136904213510802,1.1857237921755617,1.5164878887312192,-0.575475586009278,0.6075207890444827
NLD,Netherlands,Europe & Central Asia,High income,2022,0,10,0,4.771758802760276,81.6146341463415,92.51968504,94.9856177734136,3.526,100.0,1.5587313076589233,1.1751180757580775,1.201942001349911,1.532475050482604,-0.6904393481342074,0.6075207890444827
NLD,Netherlands,Europe & Central Asia,High income,2023,0,10,0,4.802880426052305,81.8634146341464,97.00680272,95.3221682092129,3.535,100.0,1.6087579125100948,1.2063005873518555,1.3578713939165339,1.5475828579264075,-0.6889244522936152,0.6075207890444827
NOR,Norway,Europe & Central Asia,High income,2014,2,11,0,4.989746492441932,82.1,96.3005098242892,80.6117159535579,3.486,100.0,1.9091366805341001,1.2359545444557332,1.3333273926095954,0.8872281043754996,-0.6971722185368385,0.6075207890444827
NOR,Norway,Europe & Central Asia,High income,2015,2,11,0,4.87395945623102,82.3048780487805,96.810325691365,81.2378240971353,4.296,100.0,1.7230142455615238,1.2616342598859034,1.351043727268765,0.915334207550494,-0.5608315928835548,0.6075207890444827
NOR,Norway,Europe & Central Asia,High income,2016,2,11,0,4.850446260534234,82.4073170731707,97.2982036675068,81.6800003051758,4.68,100.0,1.6852178446837878,1.274474117600983,1.367997710179778,0.935183574232909,-0.4961960370182944,0.6075207890444827
NOR,Norway,Europe & Central Asia,High income,2017,2,11,0,4.881566317101318,82.609756097561,96.3576012951191,81.9699745912375,4.164,100.0,1.735241931095321,1.2998481221331806,1.3353113473444849,0.9482005702355144,-0.5830500652122381,0.6075207890444827
NOR,Norway,Europe & Central Asia,High income,2018,2,11,0,4.917992794450011,82.7585365853659,96.4916579887094,82.2452112401723,3.801,100.0,1.7937958494222601,1.3184964869098532,1.339969878787553,0.9605559911509824,-0.6441508641161171,0.6075207890444827
NOR,Norway,Europe & Central Asia,High income,2019,2,11,0,4.8832672061189495,82.9585365853659,98.0000043853142,82.4935894878281,3.684,100.0,1.7379760334261125,1.3435647805440658,1.3923856062490712,0.9717057337739603,-0.6638445100438136,0.6075207890444827
NOR,Norway,Europe & Central Asia,High income,2020,2,11,0,4.834675089507999,83.209756097561,94.60755647,82.7029885700532,4.424,100.0,1.659866399048502,1.3750530030358163,1.274496488897273,0.9811056948991105,-0.5392864075951346,0.6075207890444827
NOR,Norway,Europe & Central Asia,High income,2021,2,11,0,4.968823211091987,83.1634146341463,99.0000036,82.8612877226956,4.359,100.0,1.8755034500800931,1.3692444959742236,1.4271360365326506,0.9882117713210848,-0.5502273219994105,0.6075207890444827
NOR,Norway,Europe & Central Asia,High income,2022,2,11,0,5.038499037615085,82.509756097561,98.99997764,82.9563661816034,3.231,100.0,1.9875041965849398,1.2873139753160736,1.427135134410772,0.9924798598345382,-0.7400942673536132,0.6075207890444827
NOR,Norway,Europe & Central Asia,High income,2023,2,11,0,4.941994244546014,83.0121951219512,99.00000258,83.0718560702166,3.574,100.0,1.8323770972106885,1.3502904202995765,1.427136001087184,0.997664220968199,-0.6823599036510498,0.6075207890444827
NPL,Nepal,South Asia,Lower middle income,2014,4,3,1,2.914583896311905,67.812,15.43999958,64.5640847098488,10.62,84.9,-1.426593535862396,-0.5549243527723831,-1.4766123380148126,0.16684715409291231,0.5036352177724536,0.025244016554014932
NPL,Nepal,South Asia,Lower middle income,2015,4,3,1,2.9422777953922887,67.374,17.58160019,64.9510094249155,10.643,82.0,-1.38207684298033,-0.609823915831308,-1.4021907368773958,0.18421627167136082,0.5075066182539668,-0.08658397286468443
NPL,Nepal,South Asia,Lower middle income,2016,4,3,1,2.943126572360641,68.444,20.70000076,65.2895168835553,10.714,90.7,-1.3807124723109694,-0.475708544888272,-1.2938248901720981,0.19941193020995504,0.5194574632186373,0.2488999953914131
NPL,Nepal,South Asia,Lower middle income,2017,4,3,1,3.0146397009913515,68.74,24.3,65.5768928085184,10.66,86.6,-1.265758345589825,-0.438607470309639,-1.1687232693174598,0.21231228533211122,0.5103680881750849,0.09079835517876916
NPL,Nepal,South Asia,Lower middle income,2018,4,3,1,3.0715868929912817,69.036,28.60000038,65.8104229225551,10.593,93.9,-1.1742183046082857,-0.40150639573100416,-1.0192962885457746,0.22279549266124993,0.4990905302506775,0.3722963975085985
NPL,Nepal,South Asia,Lower middle income,2019,4,3,1,3.080317229528528,69.299,33.33660126,65.9873929484157,10.477,89.9,-1.160184682644921,-0.36854158960201455,-0.8546972406222237,0.23073970782079053,0.4795652060830468,0.2180508948621169
NPL,Nepal,South Asia,Lower middle income,2020,4,3,1,3.0622867801750053,69.106,36.96530151,66.1050886088505,13.037,89.9,-1.189167816224871,-0.3927324929590308,-0.7285982465372606,0.2360230864341537,0.9104689118514501,0.2180508948621169
NPL,Nepal,South Asia,Lower middle income,2021,4,3,1,3.0978646774234377,68.385,40.98910141,66.144235274522,12.241,89.9,-1.1319779521107198,-0.4831036915103643,-0.5887693588276254,0.23778038704684643,0.7764847908390871,0.2180508948621169
NPL,Nepal,South Asia,Lower middle income,2022,4,3,1,3.1417352361013107,70.087,45.45080185,66.2992968721053,10.661,91.3,-1.0614580090157129,-0.26977251268321906,-0.4337232269812607,0.2447411290606051,0.5105364099351507,0.27203682078838515
NPL,Nepal,South Asia,Lower middle income,2023,4,4,5,3.1406119086068776,70.354,45.80680084,66.5432933453944,10.437,94.0,-1.063263707264649,-0.23630634068154632,-0.4213520991830185,0.25569417307216336,0.4728323356804154,0.3761525350747603
NZL,New Zealand,East Asia & Pacific,High income,2014,2,9,0,4.649512697765124,81.4568292682927,84.0,85.5076659530411,5.428,100.0,1.362226211128379,1.1553385806588847,0.9058790478268944,1.1070081491435615,-0.37029136048908906,0.6075207890444827
NZL,New Zealand,East Asia & Pacific,High income,2015,2,9,0,4.587322196276534,81.6124390243903,85.19999695,85.1518763760531,5.415,100.0,1.26225778678649,1.174842935949899,0.9475794909263275,1.0910366933144195,-0.3724795433699442,0.6075207890444827
NZL,New Zealand,East Asia & Pacific,High income,2016,2,9,0,4.603292933735301,81.6585365853659,86.5,84.691365594,5.147,100.0,1.2879300264551772,1.1806208719216853,0.9927551917609125,1.0703642844241148,-0.4175897750675739,0.6075207890444827
NZL,New Zealand,East Asia & Pacific,High income,2017,2,9,0,4.632967052745809,81.8585365853659,87.69999695,84.1701025874108,4.736,100.0,1.3356298335030174,1.205689165555898,1.0344556348603458,1.0469646976358093,-0.48677001845461054,0.6075207890444827
NZL,New Zealand,East Asia & Pacific,High income,2018,2,9,0,4.636057168854418,81.7073170731707,89.0,83.8017846685577,4.335,100.0,1.3405970556835258,1.18673508988124,1.0796313356949307,1.0304308423670756,-0.5542670442409893,0.6075207890444827
NZL,New Zealand,East Asia & Pacific,High income,2019,2,10,0,4.632009929479497,82.0560975609756,89.86370087,83.804965871667,4.109,100.0,1.3340913010496047,1.2304517482921253,1.1096453361341536,1.0305736471264892,-0.5923077620158561,0.6075207890444827
NZL,New Zealand,East Asia & Pacific,High income,2020,2,9,0,4.623226365583731,82.2560975609756,90.92099762,83.8138977095908,4.595,100.0,1.3199721185096938,1.255520041926338,1.1463868819877412,1.030974598880278,-0.5105033866238858,0.6075207890444827
NZL,New Zealand,East Asia & Pacific,High income,2021,2,10,0,4.698539189215092,82.2073170731707,91.99060059,83.8299382585905,3.776,100.0,1.441034083455369,1.2494058239667705,1.1835560746173306,1.0316946619073986,-0.6483589081177618,0.6075207890444827
NZL,New Zealand,East Asia & Pacific,High income,2022,2,10,0,4.691078918565282,81.9585365853658,93.07289886,83.8547305017812,3.299,100.0,1.4290420350850503,1.2182233123729926,1.221166434730954,1.0328075900048932,-0.7286483876691401,0.6075207890444827
NZL,New Zealand,East Asia & Pacific,High income,2023,2,10,0,4.690868770921271,81.7585365853659,93.32610321,83.8898991461229,3.734,100.0,1.4287042322317516,1.1931550187387925,1.2299654017530819,1.0343863165500307,-0.6554284220405245,0.6075207890444827
OMN,Oman,"Middle East, North Africa, Afghanistan & Pakistan",High income,2014,3,9,0,4.364750747856612,79.03,70.22000122,76.8892576748951,3.453,100.0,0.9044842286151729,0.8511562371705774,0.4270177848581444,0.7201263065184724,-0.7027268366190096,0.6075207890444827
OMN,Oman,"Middle East, North Africa, Afghanistan & Pakistan",High income,2015,3,9,0,4.274349723270928,79.346,73.52999878,77.3025363037955,3.403,100.0,0.7591686616007929,0.8907641411126329,0.542041714635668,0.7386784558604799,-0.7111429246222984,0.6075207890444827
OMN,Oman,"Middle East, North Africa, Afghanistan & Pakistan",High income,2016,3,9,0,4.233254825742591,79.581,76.8453904741456,77.7521362304688,3.266,100.0,0.693110468531664,0.9202193861328322,0.6572530930429648,0.7588610745601001,-0.7342030057513108,0.6075207890444827
OMN,Oman,"Middle East, North Africa, Afghanistan & Pakistan",High income,2017,3,9,0,4.250909312605505,79.748,80.18560028,78.3142260040136,2.523,100.0,0.721489259376016,0.9411514113173995,0.773326912188255,0.7840933819991847,-0.8592660734801872,0.6075207890444827
OMN,Oman,"Middle East, North Africa, Afghanistan & Pakistan",High income,2018,3,9,0,4.298891518809374,79.864,85.5,78.9655839720276,1.8,100.0,0.7986184903009095,0.9556910216252426,0.9580047341873053,0.8133329541731776,-0.9809627060077479,0.6075207890444827
OMN,Oman,"Middle East, North Africa, Afghanistan & Pakistan",High income,2019,3,9,0,4.28285282383225,79.946,90.25939941,79.5780017545962,2.045,100.0,0.7728370119885424,0.9659690220152687,1.1233960414603619,0.8408244946676459,-0.9397238747916312,0.6075207890444827
OMN,Oman,"Middle East, North Africa, Afghanistan & Pakistan",High income,2020,3,9,0,4.224917802466751,77.763,95.23229321,80.0176378922722,2.94,100.0,0.6797090798848741,0.6923485969978439,1.2962063764753162,0.8605598371507778,-0.7890758995327559,0.6075207890444827
OMN,Oman,"Middle East, North Africa, Afghanistan & Pakistan",High income,2021,3,9,0,4.287879180027131,75.969,95.23880005,80.1239942103569,1.9,100.0,0.7809166527207463,0.46748600309895944,1.2964324921426744,0.8653341907190306,-0.9641305300011696,0.6075207890444827
OMN,Oman,"Middle East, North Africa, Afghanistan & Pakistan",High income,2022,3,9,0,4.3659292236406495,77.911,95.24530029,80.0117053152301,3.3,100.0,0.906378575250678,0.7108991342871605,1.2966583784570131,0.8602935227382448,-0.7284800659090742,0.6075207890444827
OMN,Oman,"Middle East, North Africa, Afghanistan & Pakistan",High income,2023,3,9,0,4.322792567056862,80.031,95.25170135,79.5702973228932,3.176,100.0,0.8370383466492157,0.9766230468098099,1.2968808182209692,0.8404786413920248,-0.7493519641572312,0.6075207890444827
PAK,Pakistan,"Middle East, North Africa, Afghanistan & Pakistan",Lower middle income,2014,8,5,1,3.102644081201611,65.374,10.0,35.6595549759128,1.827,90.1,-1.1242952762428413,-0.8605068521734296,-1.665654812620044,-1.1306821996780212,-0.9764180184859718,0.22576316999444054
PAK,Pakistan,"Middle East, North Africa, Afghanistan & Pakistan",Lower middle income,2015,8,5,1,3.140027038664956,65.641,11.0,35.9017325715342,3.566,91.0,-1.064203859299756,-0.8270406801717551,-1.6309043550464366,-1.1198108054004834,-0.683706477731576,0.26046840808989913
PAK,Pakistan,"Middle East, North Africa, Afghanistan & Pakistan",Lower middle income,2016,8,5,1,3.153720867348879,65.943,12.385446763381,36.1597184900333,2.285,91.8,-1.0421916477244775,-0.7891875567840957,-1.5827594460750738,-1.1082297727667254,-0.8993266523758434,0.29131750861919536
PAK,Pakistan,"Middle East, North Africa, Afghanistan & Pakistan",Lower middle income,2017,8,5,1,3.1816248413474537,66.223,13.77999973,36.4351548223399,3.204,92.7,-0.9973372688925857,-0.7540919456961985,-1.5342980923744318,-1.095865388030058,-0.7446389548753892,0.3260227467146539
PAK,Pakistan,"Middle East, North Africa, Afghanistan & Pakistan",Lower middle income,2018,8,5,1,3.195716531371337,66.481,15.34000015,36.7478511550359,4.083,93.4,-0.974685513169722,-0.7217538469080654,-1.4800873639644123,-1.0818283954124885,-0.5966841277775664,0.3530157096777883
PAK,Pakistan,"Middle East, North Africa, Afghanistan & Pakistan",Lower middle income,2019,8,5,1,3.143145040890949,66.729,17.070901719916,37.1091631735769,4.83,93.9,-1.0591918114441168,-0.6906691628016417,-1.4199377423949562,-1.0656090362240649,-0.47094777300842694,0.3722963975085985
PAK,Pakistan,"Middle East, North Africa, Afghanistan & Pakistan",Lower middle income,2020,9,5,1,3.106665862421238,65.701,18.935,37.5080192948099,5.994,94.5,-1.1178304444445695,-0.819520192081493,-1.3551594741998627,-1.0477043157530928,-0.2750212442918562,0.39543322290557054
PAN,Panama,Latin America & Caribbean,High income,2014,5,6,5,4.121007974473078,77.365,44.9238152577893,65.4531164770096,4.391,90.8,0.5126787210756597,0.6424626926657604,-0.4520362521957384,0.20675594433943345,-0.5448410256773054,0.25275613295757493
PAN,Panama,Latin America & Caribbean,High income,2015,5,6,5,4.1486845351467085,77.583,51.2054249948687,65.5287232947981,4.335,91.6,0.5571675432513925,0.6697871327270521,-0.23374743953340238,0.21014994750533192,-0.5542670442409893,0.28360523348687117
PAN,Panama,Latin America & Caribbean,High income,2016,5,7,5,4.171210291919332,77.772,54.0,65.5971555296656,4.717,92.4,0.5933766806239364,0.6934766702113835,-0.13663467938132381,0.21322188239934545,-0.4899681318958604,0.3144543340161679
PAN,Panama,Latin America & Caribbean,High income,2017,7,11,5,4.195751074822596,77.901,59.9506309038683,65.6577712475758,5.338,93.7,0.6328248815587006,0.7096457196054492,0.07015246737974788,0.215942932491229,-0.38544031889500946,0.3645841223762743
PAN,Panama,Latin America & Caribbean,High income,2018,6,11,5,4.208208219187499,78.266,61.8055313202468,65.7099285144924,5.161,93.8,0.6528491789055764,0.7553953554878875,0.13461110560237535,0.21828428125073882,-0.41523327042665303,0.3684402599424361
PAN,Panama,Latin America & Caribbean,High income,2019,6,11,5,4.216902037569155,78.514,63.6284147731451,65.752985396379,6.256,93.9,0.6668240995819779,0.7864800395943093,0.19795713969394857,0.2202171121476248,-0.23092094315462108,0.3722963975085985
PAN,Panama,Latin America & Caribbean,High income,2020,0,4,4,4.123543307841173,76.33,64.82430267,65.7862999591993,14.663,95.3,0.5167541550394196,0.5127342731087129,0.23951479131639491,0.2217126086516425,1.1841600937184122,0.4262823234348667
PAN,Panama,Latin America & Caribbean,High income,2021,1,5,0,4.190606391147251,77.004,66.04270172,65.8092302689169,10.177,95.3,0.6245550347420454,0.5972144226560088,0.2818547158111434,0.22274195423254375,0.42906867806331195,0.4262823234348667
PAN,Panama,Latin America & Caribbean,High income,2022,6,11,5,4.240014962233697,79.324,67.2838974,65.8211343914956,8.086,95.0,0.7039770828405372,0.888006628812869,0.3249868336295282,0.22327633236008737,0.07710787776576088,0.4147139107363807
PAN,Panama,Latin America & Caribbean,High income,2023,6,11,5,4.274093009787985,79.594,68.54851592,65.8601271176084,6.544,97.0,0.7587560062630343,0.9218488252190549,0.36893290585558614,0.22502672259928577,-0.18244427625567583,0.4918366620596215
PER,Peru,Latin America & Caribbean,Upper middle income,2014,5,6,5,3.82393919066951,75.26,40.2446560091704,79.9945465682649,3.208,92.9,0.035154058512000194,0.37861890216567873,-0.6146391771450217,0.8595232636104809,-0.7439656678351261,0.3337350218469781
PER,Peru,Latin America & Caribbean,Upper middle income,2015,5,6,5,3.7946073394998114,75.732,40.8526009090468,80.698277662669,3.272,93.9,-0.01199556842907744,0.4377800751424187,-0.5935128136947758,0.8911138745131939,-0.733193075190916,0.3722963975085985
PER,Peru,Latin America & Caribbean,Upper middle income,2016,5,7,5,3.7935833821721303,75.951,45.4617406869459,81.4192362241943,3.741,94.2,-0.013641533619764846,0.46522985667188027,-0.43334309739206744,0.9234778294033934,-0.6542501697200641,0.3838648102070845
PER,Peru,Latin America & Caribbean,Upper middle income,2017,4,7,5,3.8284128414117613,75.958,50.4504121848143,82.1931650502403,3.691,94.8,0.042345250173974766,0.4661072469490783,-0.2599844801567279,0.9582196286565801,-0.6626662577233532,0.4070016356040565
PER,Peru,Latin America & Caribbean,Upper middle income,2018,4,7,5,3.843761536144869,76.018,55.0543342443197,82.6854929960921,3.492,95.2,0.06701758423538995,0.47362773503934225,-0.09999608195569089,0.9803203155490724,-0.696162287976444,0.4224261858687049
PER,Peru,Latin America & Caribbean,Upper middle income,2019,4,7,5,3.847388047032886,76.275,59.9505036049006,83.1033003087105,3.379,95.6,0.07284703681506188,0.5058404923593055,0.0701480436823715,0.9990757582887634,-0.7151826468638774,0.43785073613335274
PER,Peru,Latin America & Caribbean,Upper middle income,2020,4,7,5,3.7876960153265626,73.832,65.25179796,83.5267437189637,7.179,96.2,-0.02310521011354668,0.19963128561740245,0.2543704482544572,1.0180842064289635,-0.07555995861390384,0.4609875615303253
PER,Peru,Latin America & Caribbean,Upper middle income,2021,4,7,5,3.8341791710962636,71.596,71.10782643,83.9480118272361,5.097,95.6,0.05161436489403074,-0.08063223721308825,0.4578701171510285,1.0369950048859,-0.42600586307086297,0.43785073613335274
PER,Peru,Latin America & Caribbean,Upper middle income,2022,4,8,5,3.866324582995809,76.834,74.67495213,84.3663554951194,4.291,96.2,0.10328666372584067,0.5759063730669282,0.5818293674486023,1.055774524706472,-0.5616732016838837,0.4609875615303253
PER,Peru,Latin America & Caribbean,Upper middle income,2023,4,8,5,3.8969416770600267,77.74,79.48484477,84.7810255849745,4.899,96.2,0.15250226061387614,0.6894657432299082,0.7489753375685282,1.0743891369721104,-0.459333571563888,0.4609875615303253
PHL,Philippines,East Asia & Pacific,Lower middle income,2014,7,5,1,3.4574031581165703,69.311,34.70000076,50.2392400212368,3.6,89.8,-0.5540360711988385,-0.36703749198396174,-0.8073184841415963,-0.4761976088828141,-0.6779835378893395,0.21419475729595455
PHL,Philippines,East Asia & Pacific,Lower middle income,2015,7,6,1,3.463871822972306,69.45,36.90000153,51.1549047745227,3.068,89.1,-0.5436379843890338,-0.34961502790818483,-0.7308674507218083,-0.4350932592691633,-0.7675307142443357,0.18720179433282017
PHL,Philippines,East Asia & Pacific,Lower middle income,2016,7,6,1,3.4749727986789978,69.49,39.20000076,51.9114748151175,2.695,92.0,-0.5257936669532086,-0.3446013691813434,-0.6509414250603637,-0.40113069890607705,-0.8303147307488725,0.2990297837515195
PHL,Philippines,East Asia & Pacific,Lower middle income,2017,7,6,1,3.482605102304363,69.966,41.59999847,52.6010482354344,2.552,93.0,-0.5135250833389304,-0.2849388303319186,-0.567540406462254,-0.37017562844904406,-0.8543847424382796,0.33759115941313994
PHL,Philippines,East Asia & Pacific,Lower middle income,2018,7,6,1,3.5008551323012393,69.761,44.09999847,53.2088897464754,2.338,94.2,-0.4841889837849715,-0.3106338313069858,-0.48066426252823585,-0.34288951757728686,-0.890405599092357,0.3838648102070845
PHL,Philippines,East Asia & Pacific,Lower middle income,2019,7,6,1,3.5315797507714968,69.68,43.0266118680279,53.7157859948017,2.237,95.3,-0.43480054626705195,-0.32078649022884037,-0.5179649381001459,-0.32013485705957806,-0.907406096859001,0.4262823234348667
PHL,Philippines,East Asia & Pacific,Lower middle income,2020,7,7,1,3.508876894871532,70.097,53.76490021,54.1077719895977,2.522,96.4,-0.47129436249390494,-0.2685190980015096,-0.1448045046592828,-0.3025385377561104,-0.8594343952402529,0.46869983666264947
PHL,Philippines,East Asia & Pacific,Lower middle income,2021,7,8,5,3.542126252483901,66.675,66.90779877,54.4504102510776,3.398,97.5,-0.4178475207523516,-0.6974376020828793,0.3119172341442213,-0.2871574467614614,-0.7119845334226276,0.5111173498904317
PHL,Philippines,East Asia & Pacific,Lower middle income,2022,8,9,5,3.5499920944737515,69.472,75.21114422,54.7902343568327,2.598,94.8,-0.4052035347572895,-0.3468575156084226,0.6004622879234511,-0.2719026837054649,-0.8466419414752535,0.4070016356040565
PHL,Philippines,East Asia & Pacific,Lower middle income,2023,8,9,5,3.5802499545597986,69.833,77.86699677,55.1242716168851,2.2,98.0,-0.35656539027610384,-0.3016092455986691,0.692754379283983,-0.2569076931568956,-0.9136340019814349,0.5303980377212419
PNG,Papua New Guinea,East Asia & Pacific,Lower middle income,2014,9,1,3,3.4350755989650392,64.198,6.5,13.1316404025265,2.54,18.1,-0.5899266148405934,-1.0079084187425973,-1.7872814141276694,-2.1419641927524093,-0.8564046035590689,-2.550655877642228
PNG,Papua New Guinea,East Asia & Pacific,Lower middle income,2015,9,1,3,3.395255841113163,64.473,7.900000095,13.2341359836319,2.507,18.4,-0.6539350784298114,-0.9734395149955549,-1.7386307702233257,-2.137363148336872,-0.8619592216412397,-2.5390874649437416
PNG,Papua New Guinea,East Asia & Pacific,Lower middle income,2016,9,1,3,3.364812580875954,64.7,9.601499557,13.3653651942392,2.478,13.5,-0.7028712452864522,-0.9449870017207236,-1.679502885357579,-2.131472246308625,-0.8668405526831474,-2.7280382056856816
PNG,Papua New Guinea,East Asia & Pacific,Lower middle income,2017,9,1,3,3.3940601682796427,64.923,11.20919991,13.5249644881888,2.58,19.2,-0.6558570685462174,-0.9170358543185771,-1.6236345624495792,-2.1243078063178373,-0.8496717331564375,-2.5082383644144453
PNG,Papua New Guinea,East Asia & Pacific,Lower middle income,2018,9,1,3,3.409318988515375,65.114,12.35789967,13.7125720532162,2.65,16.6,-0.6313292036830894,-0.8930956338979043,-1.5837167201748863,-2.115886070179825,-0.8378892099518327,-2.6084979411346585
PNG,Papua New Guinea,East Asia & Pacific,Lower middle income,2019,9,1,3,3.4109075428849405,65.331,13.62419987,13.9278267446947,2.651,23.6,-0.6287756742291422,-0.8658965353047843,-1.539712208799336,-2.1062232497395277,-0.837720888191767,-2.3385683115033156
PNG,Papua New Guinea,East Asia & Pacific,Lower middle income,2020,9,1,3,3.3855368069929015,65.075,15.02040005,14.1703677185729,2.903,20.5,-0.6695579871356663,-0.8979839511565758,-1.491193613679983,-2.095335543349008,-0.7953038046551897,-2.4581085760543386
PNG,Papua New Guinea,East Asia & Pacific,Lower middle income,2021,9,1,3,3.41623741131608,64.358,16.55960083,14.4398342822353,3.03,20.9,-0.620208151275362,-0.9878537838352263,-1.4377056822773298,-2.083239142562343,-0.7739269411268356,-2.4426840257896907
PNG,Papua New Guinea,East Asia & Pacific,Lower middle income,2022,9,1,3,3.4916823489680455,65.274,18.25659943,14.7358658260841,2.689,19.0,-0.4989338190041755,-0.873040998990535,-1.3787342044255588,-2.069950235206934,-0.8313246613092673,-2.5159506395467695
PNG,Papua New Guinea,East Asia & Pacific,Lower middle income,2023,9,1,3,3.4721811479897133,66.134,18.56130028,15.0581017891206,2.649,20.5,-0.5302811194425878,-0.7652473363634228,-1.368145710464992,-2.0554850069285577,-0.8380575317118986,-2.4581085760543386
POL,Poland,Europe & Central Asia,High income,2014,6,11,5,4.154189085984505,77.6024390243903,66.5987360557248,60.4340063344328,8.971,100.0,0.5660158602900538,0.6722236485839465,0.3011771634042171,-0.018552780616459354,0.22607263542397835,0.6075207890444827
POL,Poland,Europe & Central Asia,High income,2015,6,11,5,4.101661925755064,77.4512195121951,67.9969871556415,60.3362886805635,7.475,100.0,0.4815808208933287,0.653269572909287,0.34976702892912226,-0.022939343049550455,-0.025736717634432332,0.6075207890444827
POL,Poland,Europe & Central Asia,High income,2016,6,11,5,4.0956578253830465,77.8512195121951,73.3007040962669,60.2402284228997,6.141,100.0,0.47192950052423294,0.703406160177712,0.5340736194567471,-0.027251504679471166,-0.25027794556218613,0.6075207890444827
POL,Poland,Europe & Central Asia,High income,2017,6,11,5,4.14343140721916,77.7536585365854,75.9853659493832,60.145888199417,4.867,100.0,0.5487233771936592,0.6911777242585917,0.6273668472829469,-0.03148645367663098,-0.464719867885993,0.6075207890444827
POL,Poland,Europe & Central Asia,High income,2018,6,11,5,4.194742169656328,77.6024390243903,77.5417345350006,60.0533306480907,3.835,100.0,0.6312031120381463,0.6722236485839465,0.6814513677863397,-0.035641378211453426,-0.6384279242738805,0.6075207890444827
POL,Poland,Europe & Central Asia,High income,2019,6,11,5,4.200700658511101,77.9048780487805,80.4359068768673,59.9626184068963,3.267,100.0,0.6407811139518255,0.7101317999332369,0.7820251809630863,-0.039713466454352475,-0.734034683991245,0.6075207890444827
POL,Poland,Europe & Central Asia,High income,2020,6,11,5,4.208197547798633,76.4,83.18488715,59.8738141138092,3.155,100.0,0.6528320251295988,0.5215081758806881,0.877553503315267,-0.04369990657574624,-0.7528867211186128,0.6075207890444827
POL,Poland,Europe & Central Asia,High income,2021,6,10,5,4.270341294045536,75.3512195121951,85.37490906,59.8096513205543,3.268,100.0,0.7527252925306462,0.39005248975006,0.9536577667839924,-0.04658018549515813,-0.7338663622311793,0.6075207890444827
POL,Poland,Europe & Central Asia,High income,2022,6,11,5,4.276259824454637,77.1560975609756,86.94113479,59.8315488048321,2.811,100.0,0.7622390630463242,0.6162785542539267,1.00808482756505,-0.04559720362741213,-0.8107894065812418,0.6075207890444827
POL,Poland,Europe & Central Asia,High income,2023,6,11,5,4.345280902491878,78.2585365853659,86.414744,59.8859561370214,2.743,100.0,0.8731873309104687,0.7544598801400797,0.9897925067500171,-0.043154849047496634,-0.822235286265715,0.6075207890444827
PRI,Puerto Rico (US),Latin America & Caribbean,High income,2014,1,6,0,4.456002938791199,80.039,76.1338597201667,93.7813071818968,13.9,100.0,1.051168007120311,0.9776257785551778,0.6325270737645039,1.4784133391199163,1.0557305907882202,0.6075207890444827
PRI,Puerto Rico (US),Latin America & Caribbean,High income,2015,1,7,0,4.466007688602952,80.677,63.4663353848474,93.7987161428303,12.0,100.0,1.067250190905229,1.0575936352483153,0.19232480678735295,1.4791948303961207,0.7359192466632335,0.6075207890444827
PRI,Puerto Rico (US),Latin America & Caribbean,High income,2016,1,7,0,4.476803943556968,80.355,68.6438071976518,93.8232738004303,11.8,100.0,1.0846046834838796,1.0172336824972334,0.3722443213567597,1.4802972279057554,0.7022548946500771,0.6075207890444827
PRI,Puerto Rico (US),Latin America & Caribbean,High income,2017,1,7,0,4.481850637629139,79.07,68.7407731407209,93.8561953815964,10.8,100.0,1.0927170164359317,0.8561698958974189,0.3756139322474676,1.4817750833951462,0.5339331345842946,0.6075207890444827
PRI,Puerto Rico (US),Latin America & Caribbean,High income,2018,1,7,0,4.486854197252787,81.086,70.8563997424362,93.8986961132283,9.2,100.0,1.1007600127087382,1.1088582957302782,0.44913292471196975,1.4836829486106247,0.2646183184790424,0.6075207890444827
PRI,Puerto Rico (US),Latin America & Caribbean,High income,2019,1,8,0,4.5028438495050676,81.438,77.7364393708352,93.9519912222253,8.3,100.0,1.1264626570543304,1.152978492526492,0.6882174499233861,1.4860753752985028,0.1131287344198384,0.6075207890444827
PRI,Puerto Rico (US),Latin America & Caribbean,High income,2021,2,8,0,4.513471580867542,79.77,84.78666399,94.0550712597302,7.9,100.0,1.1435462555654363,0.9439089236171618,0.9332159814360738,1.4907026560631982,0.04580003039352534,0.6075207890444827
PRI,Puerto Rico (US),Latin America & Caribbean,High income,2022,2,8,0,4.5484346531311495,79.427,87.29178106,94.1110923054937,6.0,100.0,1.1997478162649542,0.9009168000344893,1.0202699458940285,1.4932174505253875,-0.2740113137314614,0.6075207890444827
PRT,Portugal,Europe & Central Asia,High income,2014,0,5,0,4.344798571666744,81.1219512195122,64.5924200648949,61.1394537361116,13.88,100.0,0.8724120058777699,1.1133644743664772,0.23145676468563264,0.013114875617539124,1.0523641555869048,0.6075207890444827
PRT,Portugal,Europe & Central Asia,High income,2015,0,5,0,4.283658047296519,81.1243902439025,68.6328614804299,61.137469211538,12.405,100.0,0.7741313723657595,1.1136701852644624,0.37186395267482736,0.013025789965178431,0.8040895594898753,0.6075207890444827
PRT,Portugal,Europe & Central Asia,High income,2016,0,5,0,4.300601589328671,81.1243902439025,70.423567088723,61.1343011242723,11.058,100.0,0.8013673514812447,1.1136701852644624,0.43409179194263764,0.01288357397825904,0.5773601486812664,0.6075207890444827
PRT,Portugal,Europe & Central Asia,High income,2017,5,11,0,4.331273074897776,81.4243902439025,73.7912139515729,61.1296726507436,8.878,100.0,0.8506703802585734,1.1512726257157802,0.5511190613729946,0.012675800998663193,0.2104187117378606,0.6075207890444827
PRT,Portugal,Europe & Central Asia,High income,2018,5,11,0,4.371827492085088,81.3243902439024,74.6609681487507,61.1233069673808,6.966,100.0,0.9158597755726302,1.1387384788986623,0.5813434177014885,0.012390044368263877,-0.11141249350791553,0.6075207890444827
PRT,Portugal,Europe & Central Asia,High income,2019,5,11,0,4.3681634216496334,81.6756097560976,75.3463779408712,61.114927250613,6.422,100.0,0.9099699477156016,1.1827608482075325,0.6051617216031072,0.01201387742894365,-0.20297953098370128,0.6075207890444827
PRT,Portugal,Europe & Central Asia,High income,2020,5,11,0,4.348293263651409,81.3292682926829,78.26166044,61.1042566768691,6.85,100.0,0.8780295655195953,1.13934990069462,0.7064691224041622,0.011534873522575506,-0.13093781767554638,0.6075207890444827
PRT,Portugal,Europe & Central Asia,High income,2021,5,11,0,4.392898247040661,81.3780487804878,82.30902804,61.0951249296597,6.712,100.0,0.9497300631918592,1.1454641186541872,0.8471169984727549,0.011124947806278398,-0.15416622056462437,0.6075207890444827
PRT,Portugal,Europe & Central Asia,High income,2022,5,11,0,4.391297216993369,81.6317073170732,84.49690644,61.1259255772782,6.138,100.0,0.9471564796490228,1.1772580520439229,0.9231467739881667,0.012507594220803674,-0.25078291084238347,0.6075207890444827
PRT,Portugal,Europe & Central Asia,High income,2023,4,11,0,4.4414534705360955,82.3292682926829,85.79012676,61.2048652633664,6.498,100.0,1.02778039355135,1.2646913688656807,0.9680867718516537,0.016051210422822128,-0.19018707721870173,0.6075207890444827
PRY,Paraguay,Latin America & Caribbean,Upper middle income,2014,5,6,5,3.8229688748713007,73.415,43.0073750122614,60.7101965948157,5.034,99.0,0.03359431965897227,0.14736389339007167,-0.5186334276403093,-0.0061545519176647795,-0.43661013395500736,0.5689594133828623
PRY,Paraguay,Latin America & Caribbean,Upper middle income,2015,5,6,5,3.7693284225831314,73.454,49.716304663966,61.3302768533263,4.556,99.3,-0.052630286476714506,0.15225221064874145,-0.28549505241443274,0.0216809584510354,-0.5170679352664513,0.5805278260813483
PRY,Paraguay,Latin America & Caribbean,Upper middle income,2016,6,7,5,3.7615639932750726,73.487,53.4041274791009,62.0827613208606,5.255,98.4,-0.06511125616278497,0.1563884790983866,-0.1573415221381064,0.05546011673071877,-0.39941102498046943,0.5458225879858902
PRY,Paraguay,Latin America & Caribbean,Upper middle income,2017,4,5,5,3.78903518313542,73.45,61.0757562215797,62.9526389826574,6.138,99.3,-0.020952558300545973,0.15175084477605838,0.10925108699786933,0.09450907586482314,-0.25078291084238347,0.5805278260813483
PRY,Paraguay,Latin America & Caribbean,Upper middle income,2018,6,8,5,3.7964667811161,73.627,64.9935430235756,63.9248988239553,6.217,99.6,-0.009006599951789995,0.17393628464233518,0.2453959710430662,0.13815398879677676,-0.2374854917971867,0.5920962387798343
PRY,Paraguay,Latin America & Caribbean,Upper middle income,2019,6,8,5,3.765011177433021,73.668,68.5176284222264,64.9845298299929,6.595,99.7,-0.05957006320826847,0.17907528483735008,0.3678595511746496,0.18572100847000692,-0.1738598664923209,0.5959523763459967
PRY,Paraguay,Latin America & Caribbean,Upper middle income,2020,6,8,5,3.729607949593963,72.72,73.95751114,66.116520986009,7.548,99.7,-0.11647915413008432,0.06025157301118349,0.5568979647640405,0.23653628782795175,-0.013449229149630143,0.5959523763459967
PRY,Paraguay,Latin America & Caribbean,Upper middle income,2021,6,8,5,3.776478300176178,68.108,77.01838621,67.3058612772421,7.311,100.0,-0.04113718093638706,-0.5178232781937483,0.663264774022188,0.289925979814035,-0.05334148628522061,0.6075207890444827
PRY,Paraguay,Latin America & Caribbean,Upper middle income,2022,6,8,5,3.7927855947900024,72.319,76.25916611,68.6396537819458,6.755,100.0,-0.01492394083054761,0.00998964427458858,0.6368815281481078,0.3498001567206674,-0.1469283848817957,0.6075207890444827
PRY,Paraguay,Latin America & Caribbean,Upper middle income,2023,5,8,5,3.7993398783879258,73.844,78.09481878,69.3466081733694,5.794,99.8,-0.004388225756847996,0.20113538323545524,0.7006712983768218,0.38153546198572513,-0.3086855963050127,0.5998085139121585
PSE,West Bank and Gaza,"Middle East, North Africa, Afghanistan & Pakistan",Lower middle income,2014,0,1,4,3.525318597843733,72.781,53.6651997924171,85.0433335176723,20.526,99.9,-0.4448650670181343,0.06789740256961908,-0.14826913979056836,1.0861641855729793,2.171030572984095,0.6036646514783208
PSE,West Bank and Gaza,"Middle East, North Africa, Afghanistan & Pakistan",Lower middle income,2015,0,1,4,3.5148337779792644,74.577,56.70000076,85.2182174537886,23.005,99.9,-0.46171894174612255,0.2930106794048433,-0.04280841752223637,1.0940147558020286,2.5883002161871698,0.6036646514783208
PSE,West Bank and Gaza,"Middle East, North Africa, Afghanistan & Pakistan",Lower middle income,2016,0,1,4,3.5474810358621927,74.917,59.90000153,85.3377390706351,23.939,100.0,-0.4092399481454936,0.33562677858300444,0.06839307347115908,1.0993801019154585,2.74551274008861,0.6075207890444827
PSE,West Bank and Gaza,"Middle East, North Africa, Afghanistan & Pakistan",Lower middle income,2017,0,1,4,3.55875181633136,75.216,63.29999924,85.3782255354,25.677,99.9,-0.39112267721767047,0.37310387756615065,0.186544549642876,1.1011975463418664,3.03805595908294,0.6036646514783208
PSE,West Bank and Gaza,"Middle East, North Africa, Afghanistan & Pakistan",Lower middle income,2018,0,1,4,3.55173426322189,75.38,64.3999937114499,85.5351131070872,26.256,100.0,-0.402403077122758,0.3936598783462048,0.2247698608541982,1.1082402566498972,3.1355142581610282,0.6075207890444827
PSE,West Bank and Gaza,"Middle East, North Africa, Afghanistan & Pakistan",Lower middle income,2019,0,1,4,3.5631081287398336,75.811,70.6225837001758,85.8136174183656,25.34,100.0,-0.3841201016314929,0.44768205112793347,0.44100771025537094,1.1207423634948048,2.981331525940772,0.6075207890444827
PSE,West Bank and Gaza,"Middle East, North Africa, Afghanistan & Pakistan",Lower middle income,2020,0,1,4,3.5096820840689706,74.998,76.18160248,86.0741183743925,25.895,100.0,-0.47000005719907095,0.34577943750486073,0.6341861565145379,1.1324362965994645,3.0747501027772812,0.6075207890444827
PSE,West Bank and Gaza,"Middle East, North Africa, Afghanistan & Pakistan",Lower middle income,2022,0,1,4,3.579778484500848,76.662,88.64690554,86.5961423216016,24.42,100.0,-0.35732325711733376,0.5543476405415061,1.0673611416432252,1.155870042144196,2.826475506680252,0.6075207890444827
PYF,French Polynesia,East Asia & Pacific,High income,2014,0,5,0,4.347498472083736,82.151,60.68,61.6824807401268,11.894,100.0,0.8767519739453413,1.2423469593324576,0.09549837721037276,0.03749145202565713,0.7180771400962606,0.6075207890444827
PYF,French Polynesia,East Asia & Pacific,High income,2015,0,5,0,4.282553224644241,82.339,64.560209747212,61.7374742154907,11.794,100.0,0.7723554198154221,1.2659111553486173,0.23033744140756074,0.039960118674357635,0.7012449640896824,0.6075207890444827
PYF,French Polynesia,East Asia & Pacific,High income,2016,0,5,0,4.294247427141611,82.555,68.440419493378,61.7744381369651,11.727,100.0,0.7911533225435673,1.2929849124735675,0.36517650556839987,0.041619435521405686,0.689967406165275,0.6075207890444827
PYF,French Polynesia,East Asia & Pacific,High income,2017,0,5,0,4.31862528340367,82.774,72.7038953132942,61.7896941062846,11.595,100.0,0.8303396262558501,1.320434694003029,0.5133342411644981,0.042304278630582295,0.6677489338365917,0.6075207890444827
QAT,Qatar,"Middle East, North Africa, Afghanistan & Pakistan",High income,2014,0,11,0,4.9815499312538,81.395,91.48999786,98.901627838826,0.2,100.0,1.8959610783539216,1.1475888093951356,1.1661599006872339,1.7082654216218862,-1.2502775221129998,0.6075207890444827
QAT,Qatar,"Middle East, North Africa, Afghanistan & Pakistan",High income,2015,0,11,0,4.838756200559395,81.785,92.8848264535481,98.9382407681154,0.17,100.0,1.66642660087365,1.1964719819818495,1.2146308325497812,1.7099089823688638,-1.2553271749149735,0.6075207890444827
QAT,Qatar,"Middle East, North Africa, Afghanistan & Pakistan",High income,2016,0,11,0,4.787131772728412,82.147,95.1246621661148,98.9855265345423,0.15,100.0,1.583442663065049,1.2418455934597745,1.2924661484511808,1.7120316486263403,-1.2586936101162889,0.6075207890444827
QAT,Qatar,"Middle East, North Africa, Afghanistan & Pakistan",High income,2017,0,11,0,4.801265624607104,82.458,97.3888491654164,99.0310125265978,0.14,100.0,1.6061621920666547,1.2808267900609736,1.3711476827091242,1.7140735227000816,-1.260376827716947,0.6075207890444827
QAT,Qatar,"Middle East, North Africa, Afghanistan & Pakistan",High income,2018,0,11,0,4.851502529871244,82.714,99.6528491261175,99.0755684762244,0.11,100.0,1.6869157499711553,1.3129142059127652,1.4498227172901164,1.7160736470078566,-1.2654264805189201,0.6075207890444827
QAT,Qatar,"Middle East, North Africa, Afghanistan & Pakistan",High income,2019,0,11,0,4.8250452928282925,82.945,99.6528042086389,99.1191696672067,0.1,100.0,1.6443869355008471,1.3418680850602795,1.4498211563871817,1.7180309120344688,-1.2671096981195782,0.6075207890444827
QAT,Qatar,"Middle East, North Africa, Afghanistan & Pakistan",High income,2020,0,11,0,4.713352488657262,80.409,99.65284913,99.1617913833034,0.14,100.0,1.464845793750228,1.024002121778471,1.449822717425035,1.7199442082635583,-1.260376827716947,0.6075207890444827
QAT,Qatar,"Middle East, North Africa, Afghanistan & Pakistan",High income,2021,0,11,0,4.8558336256900745,81.083,99.65280151,99.203408908243,0.14,100.0,1.6938777910275646,1.108482271325765,1.4498210626082453,1.7218124261774115,-1.260376827716947,0.6075207890444827
QAT,Qatar,"Middle East, North Africa, Afghanistan & Pakistan",High income,2022,0,11,0,4.947930812199727,81.857,98.03800201,99.243997525719,0.13,100.0,1.8419198617830186,1.205496567690166,1.393706041093613,1.72363445625674,-1.2620600453176047,0.6075207890444827
QAT,Qatar,"Middle East, North Africa, Afghanistan & Pakistan",High income,2023,0,11,0,4.912843443851972,82.368,98.15229797,99.2835325193835,0.13,100.0,1.7855185007380026,1.2695460579255775,1.397677878002428,1.7254091889804006,-1.2620600453176047,0.6075207890444827
ROU,Romania,Europe & Central Asia,High income,2014,8,11,5,4.001377613023727,74.909756097561,54.0783206550943,53.8267187624053,6.802,98.4,0.3203783142404398,0.33471881721601215,-0.13391300077933216,-0.31515506587855335,-0.13901726215870394,0.5458225879858902
ROU,Romania,Europe & Central Asia,High income,2015,8,11,5,3.953132070916673,74.9121951219512,55.7631556336233,53.7071839518893,6.812,98.8,0.24282578273613536,0.3350245281139847,-0.07536421433943073,-0.320521004258096,-0.13733404455804601,0.5612471382505381
ROU,Romania,Europe & Central Asia,High income,2016,8,11,5,3.9733375606679053,75.209756097561,59.5039512852713,53.5528171972639,5.901,99.1,0.275305195590805,0.37232125766733,0.05463014624469767,-0.3274505546509415,-0.29067516797797394,0.5728155509490241
ROU,Romania,Europe & Central Asia,High income,2017,8,11,5,4.030518044287457,75.209756097561,63.7472821822484,53.3648643239046,4.927,100.0,0.36722024232189604,0.37232125766733,0.20208783655087725,-0.3358877917398728,-0.4546205622820461,0.6075207890444827
ROU,Romania,Europe & Central Asia,High income,2018,7,11,5,4.093986402144854,75.3585365853659,70.6812779273268,53.1445711571868,4.187,99.8,0.46924276310403173,0.3909696224440027,0.4430473615057977,-0.345776790207677,-0.5791786647307251,0.5998085139121585
ROU,Romania,Europe & Central Asia,High income,2019,7,11,5,4.110913135906382,75.6073170731707,73.6574757545465,52.8931835224862,3.912,100.0,0.4964517236830846,0.42215213403777,0.5464715978312579,-0.3570616247371286,-0.6254671487488153,0.6075207890444827
ROU,Romania,Europe & Central Asia,High income,2020,7,10,5,4.114249824557904,74.2536585365854,78.45526895,52.611947245178,5.035,100.0,0.5018153000979374,0.25248258565987886,0.7131971067168066,-0.3696863700110229,-0.43644181219494155,0.6075207890444827
ROU,Romania,Europe & Central Asia,High income,2021,7,10,5,4.1734188120879265,72.809756097561,83.5904265,52.2321512130811,5.59,100.0,0.5969267771193348,0.07150173405678516,0.8916461812918708,-0.38673547977435785,-0.34302323535843227,0.6075207890444827
ROU,Romania,Europe & Central Asia,High income,2022,7,11,5,4.190431204778707,75.1536585365854,85.50309124,52.1634832477272,5.614,100.0,0.6242734305611762,0.3652899070138325,0.9581121561917753,-0.38981799665079764,-0.3389835131168535,0.6075207890444827
ROU,Romania,Europe & Central Asia,High income,2023,6,11,5,4.261130030223242,76.4048780487805,89.20335498,52.1645747011867,5.589,100.0,0.737918601661928,0.5221195976766457,1.0866980142998026,-0.38976900111566826,-0.34319155711849797,0.6075207890444827
RUS,Russian Federation,Europe & Central Asia,High income,2014,5,8,5,4.147845454607261,70.7436585365854,70.5175682574413,74.1776476748791,5.212,100.0,0.5558187591538747,-0.18746596762054518,0.4373583755680522,0.5984016632398542,-0.4066488606632981,0.6075207890444827
RUS,Russian Federation,Europe & Central Asia,High income,2015,5,8,5,3.967440974367503,71.1834146341463,70.0992412263947,74.275919065527,5.615,95.5,0.2658266992394717,-0.1323462927150854,0.4228213198237742,0.6028130830129926,-0.33881519135678767,0.4339945985671909
RUS,Russian Federation,Europe & Central Asia,High income,2016,5,8,5,3.9376762453832894,71.6512195121951,73.091434617897,74.3703138709243,5.591,99.4,0.21798124074833738,-0.07371094248286532,0.5268014093272029,0.6070504822017673,-0.34285491359836645,0.5843839636475107
RUS,Russian Federation,Europe & Central Asia,High income,2017,5,8,5,4.027712920933858,72.4514634146342,76.0081385339105,74.460036813029,5.238,100.0,0.36271113313268394,0.02659280314379145,0.6281582050154043,0.6110781606369178,-0.4022724949015876,0.6075207890444827
RUS,Russian Federation,Europe & Central Asia,High income,2018,5,9,5,4.0496787389678115,72.6621951219512,80.8647218726954,74.5442926137992,4.871,100.0,0.39802019425414503,0.053006224729097905,0.7969266982825369,0.6148604181491875,-0.4640465808457298,0.6075207890444827
RUS,Russian Federation,Europe & Central Asia,High income,2019,5,9,5,4.058718284177683,73.0839024390244,82.6421618670668,74.6222859951926,4.513,99.8,0.4125508552034527,0.10586363898953176,0.8586935513965732,0.6183615545693026,-0.52430577094928,0.5998085139121585
RUS,Russian Federation,Europe & Central Asia,High income,2020,5,9,5,4.004679289090973,71.3387804878049,84.99466978,74.6932216791674,5.62,99.9,0.32568560950626874,-0.11287250851386703,0.9404442778165335,0.6215458697280112,-0.33797358255645876,0.6036646514783208
RUS,Russian Federation,Europe & Central Asia,High income,2021,5,9,5,4.094297421425986,69.900243902439,88.21384578,74.7516840220252,4.749,100.0,0.4697427125614316,-0.2931807961414129,1.0523121168265084,0.6241702544402512,-0.4845818355737554,0.6075207890444827
RUS,Russian Federation,Europe & Central Asia,High income,2022,5,9,5,4.193670304331802,72.5456097560976,90.41799163,74.8544893625017,3.867,100.0,0.6294801369047303,0.03839324380574803,1.128907193672976,0.6287852040076904,-0.6330416279517755,0.6075207890444827
RUS,Russian Federation,Europe & Central Asia,High income,2023,5,9,5,4.151044473248056,73.2546341463415,92.24496346,74.9805047873279,3.076,100.0,0.5609610372398489,0.12726340184800924,1.1923953007395665,0.6344420582877982,-0.7661841401638093,0.6075207890444827
RWA,Rwanda,Sub-Saharan Africa,Low income,2014,9,1,3,2.8603125630703867,65.088,10.60000038,17.5020716539756,11.837,19.8,-1.5138322546574763,-0.8963545120703532,-1.6448045248707057,-1.9457747757443493,0.7084827997725109,-2.485101539017473
RWA,Rwanda,Sub-Saharan Africa,Low income,2015,9,1,3,2.8656952492416456,65.419,12.45600033,18.1953149858416,11.831,22.8,-1.505179829570241,-0.8548664861057317,-1.5803076773516134,-1.9146549623212643,0.7074728692121162,-2.369417412032612
RWA,Rwanda,Sub-Saharan Africa,Low income,2016,6,1,3,2.8630366870456534,65.733,14.63710022,19.1213951786548,11.788,29.4,-1.5094533483132442,-0.8155092651000176,-1.504513458160369,-1.8730830618204861,0.7002350335292876,-2.1149123326659174
RWA,Rwanda,Sub-Saharan Africa,Low income,2017,6,1,3,2.8798416095267694,66.14,17.2,20.2477568101111,11.875,34.1,-1.4824401938698286,-0.7644952875543963,-1.4154515180900713,-1.8225204927965737,0.7148790266550107,-1.9336738670563014
RWA,Rwanda,Sub-Saharan Africa,Low income,2018,6,1,3,2.8874898686459574,66.354,19.16659927,21.5418444579064,10.759,38.0,-1.470145962519339,-0.7376722133657895,-1.3471112935936496,-1.7644286738040862,0.5270319424215975,-1.7832845019759818
RWA,Rwanda,Sub-Saharan Africa,Low income,2019,6,1,3,2.9085125834452996,66.691,21.3579998,22.9711026997362,11.236,46.6,-1.436352897283087,-0.6954321385921416,-1.270959122449104,-1.7002690233976006,0.6073214219729758,-1.4516566712860464
RWA,Rwanda,Sub-Saharan Africa,Low income,2020,5,1,2,2.891371010671801,66.953,23.8,24.5029761132966,11.829,45.2,-1.463907201877702,-0.6625926739313236,-1.1860984981042635,-1.6315029601316668,0.7071362256919848,-1.5056425972123149
RWA,Rwanda,Sub-Saharan Africa,Low income,2021,5,1,2,2.9188398689910184,66.85,24.4416008,26.1049092762833,15.775,48.7,-1.4197522518626013,-0.675502845152944,-1.163802576724671,-1.5595919025608536,1.3713338909115624,-1.3706777823966436
RWA,Rwanda,Sub-Saharan Africa,Low income,2022,5,1,2,2.989213616383603,67.528,28.01679993,27.7806702737761,15.084,50.6,-1.3066296290588364,-0.5905213297329633,-1.0395627710404083,-1.4843667006922854,1.2550235547061066,-1.2974111686395648
RWA,Rwanda,Sub-Saharan Africa,Low income,2023,5,1,2,3.0115850191828444,67.785,28.80579948,28.8555310645477,12.352,63.9,-1.2706686087321524,-0.5583085724130018,-1.012144675652538,-1.4361160133404633,0.795168506206389,-0.7845448723400137
SAU,Saudi Arabia,"Middle East, North Africa, Afghanistan & Pakistan",High income,2014,3,8,0,4.444130475203561,77.116,64.713657369019,82.7822571294871,5.877,100.0,1.0320835577348957,0.6112526670911669,0.23566981647893598,0.9846640742826671,-0.2947148902195527,0.6075207890444827
SAU,Saudi Arabia,"Middle East, North Africa, Afghanistan & Pakistan",High income,2015,3,8,0,4.366537912468537,77.776,69.6162358014004,82.9562773406163,5.6,100.0,0.9073570150699745,0.6939780360840666,0.406036660294688,0.9924758717472161,-0.3413400177577745,0.6075207890444827
SAU,Saudi Arabia,"Middle East, North Africa, Afghanistan & Pakistan",High income,2016,3,8,0,4.347675784993385,78.354,74.8792746891625,83.129128630626,5.6,99.9,0.8770369964450596,0.7664254046869401,0.5889296698721098,1.0002351961399405,-0.3413400177577745,0.6036646514783208
SAU,Saudi Arabia,"Middle East, North Africa, Afghanistan & Pakistan",High income,2017,3,9,0,4.378929825912408,78.721,94.1755996113911,83.300690534822,5.89,100.0,0.9272764566553121,0.81242572350572,1.2594857904085557,1.0079366397798206,-0.29252670733869757,0.6075207890444827
SAU,Saudi Arabia,"Middle East, North Africa, Afghanistan & Pakistan",High income,2018,3,9,0,4.467757025992299,78.75,93.3100018480347,83.4708425884849,6.029,99.9,1.070062171806966,0.8160606260826803,1.2294058720572296,1.0155747949847058,-0.2691299826895538,0.6036646514783208
SAU,Saudi Arabia,"Middle East, North Africa, Afghanistan & Pakistan",High income,2019,3,9,0,4.470804226396451,78.313,95.7247355953812,83.6394643268678,5.636,100.0,1.0749604089294464,0.761286404491927,1.313318974695952,1.0231442540712106,-0.3352804343954062,0.6075207890444827
SAU,Saudi Arabia,"Middle East, North Africa, Afghanistan & Pakistan",High income,2020,2,8,0,4.386299710308993,77.596,97.8623325,83.8064352851942,7.66,100.0,0.939123213202912,0.6714165718132765,1.3876014452393814,1.0306396093546217,0.005402807977737512,0.6075207890444827
SAU,Saudi Arabia,"Middle East, North Africa, Afghanistan & Pakistan",High income,2021,3,9,0,4.504073295901006,77.089,100.0,83.9716349986538,6.621,100.0,1.128438936648045,0.6078684474505481,1.4618863690046107,1.0380554531487076,-0.16948350073061044,0.6075207890444827
SAU,Saudi Arabia,"Middle East, North Africa, Afghanistan & Pakistan",High income,2022,2,9,0,4.585576085600065,77.31,100.0,84.1349430023993,5.589,100.0,1.2594509926800757,0.635568911916353,1.4618863690046107,1.045386377765576,-0.34319155711849797,0.6075207890444827
SAU,Saudi Arabia,"Middle East, North Africa, Afghanistan & Pakistan",High income,2023,2,9,0,4.558190567566655,78.732,100.0,84.2962388315415,4.008,100.0,1.2154300084130698,0.8138044796556011,1.4618863690046107,1.0526269755154545,-0.6093082597825001,0.6075207890444827
SDN,Sudan,Sub-Saharan Africa,Low income,2015,5,1,2,3.1113901071279453,64.375,12.0,34.0914394628597,14.39,48.0,-1.1102364342946163,-0.9857229788763188,-1.5961538974728293,-1.201075177077031,1.1382082532204538,-1.3976707453597779
SDN,Sudan,Sub-Saharan Africa,Low income,2016,5,1,2,3.014191098658332,64.677,14.0999999446534,34.1881958841213,13.656,50.5,-1.2664794535936938,-0.9478698554886575,-1.5231779384915738,-1.196731764542443,1.0146600813321693,-1.301267306205727
SDN,Sudan,Sub-Saharan Africa,Low income,2017,5,1,2,2.9852044089753282,65.146,18.60000038,34.2872225663509,13.0,53.0,-1.3130742490228449,-0.8890847069164308,-1.3668008642818474,-1.1922864395991832,0.904241006729016,-1.204863867051676
SEN,Senegal,Sub-Saharan Africa,Lower middle income,2014,7,4,1,3.1457839928125457,66.001,17.70000076,45.6020905341588,5.849,61.0,-1.0549498153321473,-0.7819177516301733,-1.39807626289292,-0.6843600537553677,-0.2994278995013946,-0.8963728617587128
SEN,Senegal,Sub-Saharan Africa,Lower middle income,2015,6,2,3,3.08564947600679,66.451,21.70000076,46.2747669629858,6.757,60.5,-1.1516133370877184,-0.7255140909531973,-1.259074432598491,-0.6541634921774054,-0.14659174136166414,-0.9156535495895229
SEN,Senegal,Sub-Saharan Africa,Lower middle income,2016,7,4,1,3.102584472150008,66.724,25.66480064,47.0553579909929,4.455,64.5,-1.1243910951029985,-0.6912958701424965,-1.121295822580708,-0.6191226255225054,-0.5340684330330954,-0.7614080469430413
SEN,Senegal,Sub-Saharan Africa,Lower middle income,2017,7,4,1,3.1325174943991003,67.059,29.64310074,47.9338349639053,4.078,61.7,-1.076275112784036,-0.6493064783051918,-0.9830480737405802,-0.5796876418207155,-0.5975257365778953,-0.8693798987955783
SEN,Senegal,Sub-Saharan Africa,Lower middle income,2018,7,4,1,3.1621329221832424,67.379,35.29999924,48.9001692274485,3.453,66.0,-1.0286696492337084,-0.6091972084904514,-0.7864682624181276,-0.5363087291020694,-0.7027268366190096,-0.7035659834506107
SEN,Senegal,Sub-Saharan Africa,Lower middle income,2019,7,4,1,3.1556946498081264,67.668,43.37969971,49.9443321273477,2.863,70.4,-1.0390188815025996,-0.5729735241890147,-0.505694974027938,-0.48943607539661504,-0.8020366750578212,-0.5338959305394808
SEN,Senegal,Sub-Saharan Africa,Lower middle income,2020,6,4,1,3.164676137132829,67.496,53.30879974,51.0562950093282,3.432,64.3,-1.0245815459834142,-0.5945322567144387,-0.16065420469132022,-0.4395198687343952,-0.7062615935803908,-0.7691203220753655
SEN,Senegal,Sub-Saharan Africa,Lower middle income,2021,6,4,1,3.203605791164178,66.868,55.04040146,52.2260292191155,3.436,68.0,-0.9620038841132521,-0.6732466987258648,-0.10048025258607482,-0.38701029714544444,-0.7055883065401277,-0.62644323212737
SEN,Senegal,Sub-Saharan Africa,Lower middle income,2022,6,4,1,3.1970124828779314,67.788,56.82830048,53.4435061024348,2.837,67.9,-0.9726023296121574,-0.5579325480084887,-0.03834994354567064,-0.33235754865981015,-0.8064130408195315,-0.6302993696935318
SEN,Senegal,Sub-Saharan Africa,Lower middle income,2023,6,4,1,3.2299463494614775,68.683,59.18740082,54.6992276190794,2.784,74.2,-0.919662625460598,-0.44575193399538793,0.043629872731381775,-0.2759879919499784,-0.8153340941030179,-0.38736270302532344
SGP,Singapore,East Asia & Pacific,High income,2014,0,10,0,4.760157017550629,82.4951219512195,79.0292358633435,100.0,3.74,100.0,1.5400819615497872,1.2854797099282007,0.7331427195876041,1.7575715384695452,-0.6544184914801299,0.6075207890444827
SGP,Singapore,East Asia & Pacific,High income,2015,0,10,0,4.745430883115696,82.7439024390244,79.0129570025584,100.0,3.79,100.0,1.5164103650701035,1.3166622215219788,0.7325770217265446,1.7575715384695452,-0.6460024034768408,0.6075207890444827
SGP,Singapore,East Asia & Pacific,High income,2016,0,10,0,4.755917435150701,82.8463414634146,84.4522678893074,100.0,4.08,100.0,1.533267024184053,1.3295020792370584,0.9215955639261758,1.7575715384695452,-0.5971890930577638,0.6075207890444827
SGP,Singapore,East Asia & Pacific,High income,2017,0,10,0,4.7870085964234725,83.0951219512195,84.4522678893074,100.0,4.2,100.0,1.5832446627140897,1.3606845908308365,0.9215955639261758,1.7575715384695452,-0.5769904818498699,0.6075207890444827
SGP,Singapore,East Asia & Pacific,High income,2018,0,10,0,4.8253066976560515,83.2975609756098,88.1656360313447,100.0,3.613,100.0,1.6448071319636657,1.386058595363034,1.0506368060012283,1.7575715384695452,-0.6757953550084843,0.6075207890444827
SGP,Singapore,East Asia & Pacific,High income,2019,0,10,0,4.819228219644065,83.5951219512195,88.9492526850762,100.0,3.1,100.0,1.6350362528951534,1.4233553249163668,1.077867843280697,1.7575715384695452,-0.7621444179222308,0.6075207890444827
SGP,Singapore,East Asia & Pacific,High income,2020,0,10,0,4.788239657934122,83.5439024390244,92.00434653,100.0,4.1,100.0,1.5852235385318088,1.416935396058827,1.1840337523221103,1.7575715384695452,-0.5938226578564483,0.6075207890444827
SGP,Singapore,East Asia & Pacific,High income,2021,0,9,0,4.903394585635654,83.0926829268293,96.92468156,100.0,4.64,100.0,1.7703298876040745,1.3603788799328638,1.3550176460300585,1.7575715384695452,-0.5029289074209257,0.6075207890444827
SGP,Singapore,East Asia & Pacific,High income,2022,0,10,0,4.955683274910949,82.8951219512195,95.95386476,100.0,3.591,100.0,1.8543815957047531,1.335616297196624,1.3212813180099134,1.7575715384695452,-0.6794984337299315,0.6075207890444827
SGP,Singapore,East Asia & Pacific,High income,2023,0,10,0,4.931520062622752,83.0975609756098,94.28518987,100.0,3.444,100.0,1.8155403224930757,1.3609903017288214,1.2632941020408246,1.7575715384695452,-0.7042417324596015,0.6075207890444827
SLB,Solomon Islands,East Asia & Pacific,Lower middle income,2014,9,3,3,3.335448452170141,68.984,9.0,22.8612778264703,0.73,50.5,-0.7500727569100742,-0.4080241520759002,-1.7004052701936512,-1.7051990810096216,-1.1610669892781351,-1.301267306205727
SLB,Solomon Islands,East Asia & Pacific,Lower middle income,2015,9,3,3,3.3107946462205344,69.323,10.00049973,23.6630502067213,0.736,55.1,-0.7897026372908427,-0.36553339436591076,-1.6656374467738806,-1.6692073797782034,-1.1600570587177406,-1.123884978162273
SLB,Solomon Islands,East Asia & Pacific,Lower middle income,2016,9,3,3,3.318610833668874,69.501,11.00090027,24.5047424399707,0.736,58.2,-0.7771384687302353,-0.3432226130314605,-1.6308730702519967,-1.6314236694208655,-1.1600570587177406,-1.0043447136112498
SLB,Solomon Islands,East Asia & Pacific,Lower middle income,2017,9,3,3,3.3311390287450027,69.652,15.14840031,25.3830535769599,0.727,62.9,-0.7569999605717479,-0.3242960513376308,-1.4867455460754424,-1.591996130122435,-1.1615719545583325,-0.823106248001634
SLB,Solomon Islands,East Asia & Pacific,Lower middle income,2018,8,4,1,3.3575916733330438,69.806,20.8593998,26.2946826684302,0.722,65.8,-0.7144785282654397,-0.3049934652392879,-1.2882857005953046,-1.5510729420677447,-1.1624135633586614,-0.7112782585829349
SLB,Solomon Islands,East Asia & Pacific,Lower middle income,2019,8,4,1,3.34706817089772,69.981,22.48880005,27.275106750276,0.746,69.4,-0.7313945834802434,-0.2830587083093526,-1.2316632963372547,-1.5070615349613607,-1.1583738411170825,-0.5724573062011012
SLB,Solomon Islands,East Asia & Pacific,Lower middle income,2020,8,4,1,3.3145682317198646,69.258,24.1984005,28.0327555150022,0.868,72.9,-0.7836367689113016,-0.3736805897970294,-1.1722538984317095,-1.473050550484892,-1.1378385863890572,-0.43749249138542984
SLB,Solomon Islands,East Asia & Pacific,Lower middle income,2021,8,4,1,3.3103627684859656,68.89,26.03790092,28.6889396820578,0.879,76.3,-0.7903968612575221,-0.41980625008397915,-1.108330417129867,-1.4435943293987297,-1.1359870470283338,-0.3063838141359208
SLB,Solomon Islands,East Asia & Pacific,Lower middle income,2022,8,4,1,3.2736449507994747,70.409,28.01729965,29.3511689856806,1.475,76.0,-0.8494190960286093,-0.22941255993213713,-1.0395454055417497,-1.4138667410834271,-1.0356672780291272,-0.3179522268344068
SLB,Solomon Islands,East Asia & Pacific,Lower middle income,2023,8,5,1,3.2747681910351933,70.528,28.67239952,30.0088821088389,1.443,81.3,-0.8476135380441187,-0.21449692521978092,-1.016780385302839,-1.3843418848925897,-1.0410535743512324,-0.11357693582781882
SLE,Sierra Leone,Sub-Saharan Africa,Low income,2014,7,0,3,3.048348038096344,54.281,6.057300091,40.3272406886245,4.678,18.8,-1.2115737150286843,-2.2509197585950065,-1.8026654385332135,-0.9211489783397091,-0.4965326805384259,-2.5236629146790936
SLE,Sierra Leone,Sub-Saharan Africa,Low income,2015,7,0,3,2.9843364432615345,55.454,6.344399929,40.7669565187099,4.483,19.7,-1.3144694647344703,-2.1038942164303522,-1.7926885877934051,-0.9014100584504955,-0.5293554237512536,-2.488957676583635
SLE,Sierra Leone,Sub-Saharan Africa,Low income,2016,7,1,3,2.9265566652013355,56.937,7.680099964,41.229411538771,4.182,20.3,-1.407347850231359,-1.9180128191326693,-1.746272400396072,-0.880650372378748,-0.5800202735310539,-2.465820851186663
SLE,Sierra Leone,Sub-Saharan Africa,Low income,2017,7,1,3,2.8916411451389266,57.761,9.297100067,41.7106682105058,3.656,23.4,-1.4634729729135905,-1.8147314493597146,-1.6900809069202516,-0.8590466769018806,-0.6685575193256555,-2.3462805866356398
SLE,Sierra Leone,Sub-Saharan Africa,Low income,2018,7,1,3,2.927326490130094,59.059,14.42230034,42.2011025267803,3.192,26.1,-1.4061103914023572,-1.6520382236736784,-1.5119778522771248,-0.8370309953695975,-0.7466588159961787,-2.2421648723492646
SLE,Sierra Leone,Sub-Saharan Africa,Low income,2019,7,1,3,2.92619449260071,59.593,15.71370029,42.7018444914441,3.204,22.7,-1.407930026341178,-1.585105879670331,-1.4671011131040914,-0.8145526017130705,-0.7446389548753892,-2.373273549598774
SLE,Sierra Leone,Sub-Saharan Africa,Low income,2020,7,1,3,2.9269993386306243,59.694,17.12080002,43.2129659123546,3.509,26.3,-1.4066362726726518,-1.572446391385054,-1.418203753634892,-0.7916082724651242,-0.6933008180553256,-2.2344525972169405
SLE,Sierra Leone,Sub-Saharan Africa,Low income,2021,7,1,3,2.9471377527405327,60.26,18.65390015,43.7345385973699,3.551,27.5,-1.3742646808841317,-1.5015031204002343,-1.3649278226112354,-0.7681947841585522,-0.6862313041325627,-2.188178946422996
SLE,Sierra Leone,Sub-Saharan Africa,Low income,2022,7,2,3,2.9346857977455825,61.275,21.50880051,44.2666343543487,3.137,29.4,-1.3942806365530156,-1.3742815302066074,-1.2657187287741791,-0.7443089133261209,-0.7559165127997967,-2.1149123326659174
SLE,Sierra Leone,Sub-Saharan Africa,Low income,2023,7,2,3,2.8798577432600427,61.786,23.71360016,44.809324991151,3.092,35.5,-1.4824142596217444,-1.310232039971195,-1.18910093207855,-0.7199474365005392,-0.7634909920027568,-1.879687941130033
SLV,El Salvador,Latin America & Caribbean,Upper middle income,2014,6,5,1,3.5641939401556018,71.144,24.7617121459061,68.9166664266223,4.154,95.1,-0.3823747087858235,-0.13728658082640752,-1.1526785609799306,0.3622353023930594,-0.5847332828128959,0.4185700483025425
SLV,El Salvador,Latin America & Caribbean,Upper middle income,2015,6,5,1,3.5786782707749425,70.952,26.8026049600572,69.6982116699219,3.998,95.4,-0.3590918010265395,-0.16135214271525208,-1.081756601829493,0.39731900393796576,-0.610991477383158,0.4301384610010291
SLV,El Salvador,Latin America & Caribbean,Upper middle income,2016,5,5,5,3.5912138171868055,70.908,28.99710083,70.3990173339844,4.418,96.0,-0.3389414759276419,-0.16686716731477838,-1.0054968662055894,0.4287782917651752,-0.5402963381555294,0.45327528639800113
SLV,El Salvador,Latin America & Caribbean,Upper middle income,2017,5,5,5,3.604239742191539,71.007,33.8207289048526,71.0856704711914,4.385,96.8,-0.31800288937262394,-0.1544583619658429,-0.8378735834395631,0.45960227020682903,-0.5458509562377002,0.4841243869272973
SLV,El Salvador,Latin America & Caribbean,Upper middle income,2018,5,5,5,3.6215445703846645,71.384,43.79999924,71.7577209472656,4.006,97.0,-0.29018615905905315,-0.10720462846535356,-0.49108937304246586,0.4897707326571347,-0.6096449033026317,0.4918366620596215
SLV,El Salvador,Latin America & Caribbean,Upper middle income,2019,5,6,5,3.635495480182067,71.725,50.4911940673888,72.4148941040039,4.17,97.4,-0.26776070119652046,-0.06446318781902258,-0.25856729107655096,0.5192713496617121,-0.5820401346518435,0.5072612123242699
SLV,El Salvador,Latin America & Caribbean,Upper middle income,2020,6,7,5,3.6017550960081355,70.244,54.60136976,73.0570220947266,5.008,99.7,-0.32199684597462236,-0.2500939021803629,-0.11573680505039353,0.5480965865539918,-0.44098649971671766,0.5959523763459967
SLV,El Salvador,Latin America & Caribbean,Upper middle income,2021,5,7,5,3.666761962203199,69.941,57.26380157,73.6838531494141,4.327,97.9,-0.21750124247612412,-0.28807236703619404,-0.023216081394366078,0.5762351413341209,-0.5556136183215156,0.5265419001550801
SLV,El Salvador,Latin America & Caribbean,Upper middle income,2022,5,7,5,3.7054019950412775,71.969,60.05609894,74.1465021298679,2.999,100.0,-0.1553891336028708,-0.033879869585283766,0.0738175298947141,0.5970035343215423,-0.7791449156888746,0.6075207890444827
SLV,El Salvador,Latin America & Caribbean,Upper middle income,2023,5,7,5,3.7296057404082217,72.099,62.61989975,74.6080675149903,2.992,98.3,-0.11648270529645804,-0.017585478723044654,0.16291078116979918,0.6177232845265682,-0.7803231680093352,0.5419664504197279
SOM,"Somalia, Fed. Rep.",Sub-Saharan Africa,Low income,2014,5,0,2,2.6328940564818466,54.442,1.629999995,42.3515167236328,18.595,51.4,-1.8793972400759131,-2.2307397822194655,-1.9565161426848892,-0.8302788759808204,1.8460012542970687,-1.2665620681102685
SOM,"Somalia, Fed. Rep.",Sub-Saharan Africa,Low income,2015,5,0,2,2.6489286912090475,55.056,1.75999999,43.8618107408479,18.495,51.2,-1.8536222884320501,-2.1537801207624345,-1.9519985833740725,-0.7624815155601647,1.829169078290491,-1.2742743432425925
SOM,"Somalia, Fed. Rep.",Sub-Saharan Africa,Low income,2016,5,0,2,2.6636335532569024,55.283,1.879999995,45.942842729174,18.611,51.1,-1.8299848863545225,-2.1253276074876033,-1.9478285282914873,-0.6690636286114914,1.8486944024581216,-1.2781304808087546
SOM,"Somalia, Fed. Rep.",Sub-Saharan Africa,Low income,2019,5,0,2,2.7323574192841797,57.249,2.731400013,51.6421170703225,18.828,49.2,-1.719514373382531,-1.8789062810632977,-1.9182419880878099,-0.4132222147949074,1.8852202243923963,-1.3513970945658333
SOM,"Somalia, Fed. Rep.",Sub-Saharan Africa,Low income,2020,5,0,2,2.7144648339497794,57.095,15.02369976,52.286318011754,19.414,49.9,-1.7482758967738634,-1.8982088671616415,-1.491078947247623,-0.3843039227857186,1.983856775790945,-1.324404131602699
SOM,"Somalia, Fed. Rep.",Sub-Saharan Africa,Low income,2021,5,0,2,2.739617428645683,55.703,23.87479973,52.9060649733324,19.662,49.3,-1.707844235994911,-2.0726841908557576,-1.1834991732603812,-0.3564833741741215,2.0256005722872588,-1.3475409569996715
SOM,"Somalia, Fed. Rep.",Sub-Saharan Africa,Low income,2022,5,0,2,2.7582616027291738,53.931,27.6,53.5010115886789,19.112,48.9,-1.6778745676103524,-2.294789272454878,-1.0540467593245557,-0.32977611740694385,1.9330236042510782,-1.3629655072643196
SOM,"Somalia, Fed. Rep.",Sub-Saharan Africa,Low income,2023,5,0,2,2.775891381790428,58.816,26.12010002,54.0714435506882,18.96,50.3,-1.649535493442048,-1.6824962004392454,-1.1054739607927282,-0.304169327680584,1.9074386967210797,-1.3089795813380511
SRB,Serbia,Europe & Central Asia,Upper middle income,2014,1,2,4,3.83800978289737,75.3365853658537,62.0750804639377,59.8779373168945,19.223,99.7,0.05777190047994833,0.38821822436219783,0.14397806168420824,-0.04351481527400284,1.9517073196183803,0.5959523763459967
SRB,Serbia,Europe & Central Asia,Upper middle income,2015,1,3,4,3.7649469789578123,75.2878048780488,65.3170254003801,60.1388092041016,17.66,99.9,-0.05967325935974106,0.3821040064026323,0.2566371316540208,-0.03180423100431947,1.6886204086355625,0.6036646514783208
SRB,Serbia,Europe & Central Asia,Upper middle income,2016,1,3,4,3.776873291814412,75.6878048780488,67.0568413716938,60.3853870034026,15.257,99.9,-0.04050224970481154,0.4322405936710556,0.317096532751042,-0.020735310820309296,1.284143219197487,0.6036646514783208
SRB,Serbia,Europe & Central Asia,Upper middle income,2017,1,4,4,3.8161110941230056,75.5390243902439,70.3308355269141,60.621208190918,13.477,100.0,0.022570746613577754,0.4135922288943829,0.43086932773826303,-0.01014925680528408,0.9845304862803943,0.6075207890444827
SRB,Serbia,Europe & Central Asia,Upper middle income,2018,1,4,4,3.87851384815393,75.890243902439,73.360709154564,60.8433609008789,12.733,100.0,0.12288035733782095,0.4576145982032407,0.5361588226893026,-0.00017678311872536536,0.8592990967914521,0.6075207890444827
SRB,Serbia,Europe & Central Asia,Upper middle income,2019,1,4,4,3.8896172491255276,75.9365853658537,77.4167736219802,61.0492248535156,10.395,99.8,0.14072857327752433,0.4634231052648354,0.677108918880065,0.009064485425969633,0.46576282175765255,0.5998085139121585
SRB,Serbia,Europe & Central Asia,Upper middle income,2020,6,9,5,3.908415824180316,74.4780487804878,78.36804864,61.223201751709,9.011,100.0,0.17094643425497152,0.280607988273867,0.7101661610345945,0.016874338565317587,0.2328055058266095,0.6075207890444827
SRB,Serbia,Europe & Central Asia,Upper middle income,2021,6,9,5,3.985899044588436,72.780487804878,81.16588116,61.363899230957,9.843,100.0,0.2954972140642659,0.06783320328103766,0.8073921213189132,0.023190272815288265,0.37284921020134065,0.6075207890444827
SRB,Serbia,Europe & Central Asia,Upper middle income,2022,6,10,5,4.00107654491411,75.2365853658537,83.53825397,61.9013813540396,8.439,100.0,0.3198943608421299,0.3756840775450925,0.8898331620015978,0.0473179385564816,0.13652545906898206,0.6075207890444827
SRB,Serbia,Europe & Central Asia,Upper middle income,2023,6,10,5,4.089258765829397,76.1414634146341,85.35746686,62.1434649229738,8.268,100.0,0.46164330109608426,0.48910282069499306,0.9530516423529024,0.05818511195972031,0.10774243809773336,0.6075207890444827
SSD,South Sudan,Sub-Saharan Africa,Low income,2014,7,0,3,3.0943783557416524,45.625,2.599999905,18.5459183719929,12.561,4.3,-1.1375820568684372,-3.335875507083709,-1.9228082019660313,-1.8989163154984205,0.8303477540601375,-3.0828028617725893
SSD,South Sudan,Sub-Saharan Africa,Low income,2015,7,0,3,3.0334829386534232,39.757,3.0,18.8092619601773,12.464,4.8,-1.2354686914868966,-4.071379242311494,-1.9089080156352949,-1.8870947761431047,0.8140205433337566,-3.063522173941779
STP,Sao Tome and Principe,Sub-Saharan Africa,Lower middle income,2014,4,2,2,3.1730919183781783,65.478,24.40999985,67.2606735229492,11.428,68.6,-1.0110535574551673,-0.8474713394836394,-1.1649007241969318,0.2878974936851919,0.639639199905606,-0.6033064067303979
STP,Sao Tome and Principe,Sub-Saharan Africa,Lower middle income,2015,4,2,2,3.1133113168553908,66.023,25.81999969,67.3915710449219,10.591,67.3,-1.1071481763663815,-0.779160239330411,-1.1159025845782184,0.29377350615309394,0.4987538867305458,-0.6534361950905043
STP,Sao Tome and Principe,Sub-Saharan Africa,Lower middle income,2016,5,3,1,3.156812610170616,66.563,28.0,67.5218887329102,9.684,69.4,-1.0372218106760316,-0.7114758465180374,-1.040146576295113,0.29962348977285336,0.34608605035088114,-0.5724573062011012
STP,Sao Tome and Principe,Sub-Saharan Africa,Lower middle income,2017,5,3,1,3.1919523094890163,67.074,32.61640167,67.6520004272461,8.808,74.3,-0.980736329957522,-0.6474263562826259,-0.8797245059190482,0.30546422630182324,0.19863618853325576,-0.3835065654591616
STP,Sao Tome and Principe,Sub-Saharan Africa,Lower middle income,2018,5,3,1,3.2614055598792575,67.602,37.99380112,67.7828826904297,8.712,71.0,-0.8690933645408677,-0.581246061088305,-0.6928574144754841,0.31133955380003603,0.18247729956694062,-0.5107591051425088
STP,Sao Tome and Principe,Sub-Saharan Africa,Lower middle income,2019,4,3,1,3.2867467665290597,68.043,44.25790024,67.9129943847656,8.835,75.1,-0.8283585185585163,-0.5259704736248669,-0.4751771037690535,0.31718029032900585,0.20318087605503204,-0.3526574649298654
STP,Sao Tome and Principe,Sub-Saharan Africa,Lower middle income,2020,4,3,1,3.3359030034931045,67.979,51.55469894,68.0436706542969,9.679,76.8,-0.7493420861733615,-0.5339923275878157,-0.22161001012155065,0.32304637073643355,0.3452444415505524,-0.2871031263051106
STP,Sao Tome and Principe,Sub-Saharan Africa,Lower middle income,2021,4,3,1,3.37338804386288,68.026,54.94950104,68.1738967895508,9.563,78.5,-0.689086575565427,-0.5281012785837762,-0.1036390837747078,0.32889224453806415,0.32571911738292164,-0.22154878768035582
STP,Sao Tome and Principe,Sub-Saharan Africa,Lower middle income,2022,4,3,1,3.378350161882881,69.237,58.56779861,68.3720919798341,8.964,78.0,-0.6811101948001259,-0.3763127606286218,0.022098412420263346,0.33778926101042933,0.22489438310351792,-0.240829475511166
STP,Sao Tome and Principe,Sub-Saharan Africa,Lower middle income,2023,4,4,5,3.4757671312939635,69.718,58.70130157,68.6043921103568,9.032,81.3,-0.5245168131247173,-0.3160235144383404,0.02673770136769438,0.34821725416626126,0.23634026278799106,-0.11357693582781882
SUR,Suriname,Latin America & Caribbean,Upper middle income,2014,5,5,5,3.9594320364672866,70.33,40.08000183,66.2249266178037,6.94,94.6,0.25295269302674556,-0.2393145359176519,-0.6203609852125997,0.24140263544413787,-0.11578885926962584,0.39928936047173236
SUR,Suriname,Latin America & Caribbean,Upper middle income,2015,5,5,5,3.945154176763629,70.567,42.76380157,66.1828815074718,7.22,95.0,0.23000167794591286,-0.20960860796111114,-0.5270977162116716,0.23951522314785254,-0.06865876645120685,0.4147139107363807
SUR,Suriname,Latin America & Caribbean,Upper middle income,2016,4,4,5,3.7516028642171406,70.979,45.40000153,66.1426466980469,7.917,95.8,-0.0811233215546416,-0.1579679230746333,-0.4354885613461464,0.23770907557331178,0.04866150031464356,0.44556301126567693
SUR,Suriname,Latin America & Caribbean,Upper middle income,2017,4,5,5,3.7817210091523803,71.247,48.94520187,66.1046467051207,7.905,96.6,-0.0327097628727112,-0.12437640960478893,-0.31229122734103826,0.23600324929906707,0.046641639193854244,0.4764121117949731
SUR,Suriname,Latin America & Caribbean,Upper middle income,2018,4,5,5,3.823848487398918,71.468,55.10210037,66.0693060442846,7.817,97.4,0.035008257098171514,-0.09667594513898405,-0.09833618723178186,0.23441680090365646,0.03182932430806537,0.5072612123242699
SUR,Suriname,Latin America & Caribbean,Upper middle income,2019,4,5,5,3.8214917641698514,71.773,62.03350067,66.0370492311305,7.755,97.9,0.03121993087181128,-0.05844679734681143,0.14253314481905685,0.23296878696563977,0.021393375183986808,0.5265419001550801
SUR,Suriname,Latin America & Caribbean,Upper middle income,2023,6,9,5,3.742094516415581,73.631,87.4,65.7562408447266,7.699,99.6,-0.09640756151194349,0.17443765051502005,1.0240306035771594,0.22036324978866514,0.01196735662030298,0.5920962387798343
SVK,Slovak Republic,Europe & Central Asia,High income,2014,0,4,4,4.273485766766091,76.8121951219512,79.9843017656729,54.0029125499893,11.536,100.0,0.7577798905116192,0.5731733176390009,0.7663316967065007,-0.30724569618990194,0.6578179499927104,0.6075207890444827
SVK,Slovak Republic,Europe & Central Asia,High income,2015,0,4,4,4.215956653579279,76.5634146341463,77.6346820339875,53.8700628001622,11.492,100.0,0.6653044374856157,0.5419908060452211,0.684681335906457,-0.3132093445048371,0.6504117925498162,0.6075207890444827
SVK,Slovak Republic,Europe & Central Asia,High income,2016,6,11,5,4.221050919564243,77.1658536585366,80.475857275668,53.7399327086517,9.679,100.0,0.6734932401404522,0.6175013978458437,0.7834134756016586,-0.3190509068861664,0.3452444415505524,0.6075207890444827
SVK,Slovak Republic,Europe & Central Asia,High income,2017,6,11,5,4.246634704174589,77.1658536585366,81.6256675172655,53.6126018237016,8.142,100.0,0.7146180192462734,0.6175013978458437,0.8233699076199914,-0.324766812399426,0.08653389632944455,0.6075207890444827
SVK,Slovak Republic,Europe & Central Asia,High income,2018,6,11,5,4.291665643539266,77.2658536585366,80.4489224826099,53.4881496935559,6.544,100.0,0.7870032219246569,0.6300355446629491,0.7824774792182392,-0.33035349011014425,-0.18244427625567583,0.6075207890444827
SVK,Slovak Republic,Europe & Central Asia,High income,2019,6,11,5,4.287937346718703,77.6658536585366,82.8536605021784,53.3666558664583,5.761,100.0,0.7810101530522507,0.6801721319313742,0.8660432257428946,-0.33580736908386155,-0.3142402143871834,0.6075207890444827
SVK,Slovak Republic,Europe & Central Asia,High income,2020,6,11,5,4.295247821882146,76.8658536585366,89.92090413,53.2481998906526,6.719,100.0,0.7927614119388511,0.579898957394524,1.1116331755938553,-0.3411248783861154,-0.15298796824416377,0.6075207890444827
SVK,Slovak Republic,Europe & Central Asia,High income,2021,6,11,5,4.344850580160433,74.6146341463415,88.92560523,53.1901479870605,6.894,100.0,0.8724956071841109,0.29772779856065185,1.0770460833963476,-0.34373083840851965,-0.12353166023265187,0.6075207890444827
SVK,Slovak Republic,Europe & Central Asia,High income,2022,6,11,5,4.328742269293272,76.9658536585366,89.06766196,53.1902831072528,6.143,100.0,0.8466022244704373,0.5924331042116312,1.0819826197652578,-0.34372477283964803,-0.24994130204205459,0.6075207890444827
SVK,Slovak Republic,Europe & Central Asia,High income,2023,6,11,5,4.391197607571441,78.119512195122,87.2131343,53.190805019646,5.843,100.0,0.9469963619988775,0.7370343589553223,1.0175369349973464,-0.34370134410178227,-0.3004378300617893,0.6075207890444827
SVN,Slovenia,Europe & Central Asia,High income,2014,6,11,5,4.380447654427894,81.0780487804878,71.5862515855601,50.983470916748,9.668,100.0,0.9297162974908485,1.1078616782028694,0.4744956102214663,-0.44278895488297937,0.3433929021898286,0.6075207890444827
SVN,Slovenia,Europe & Central Asia,High income,2015,6,11,5,4.315913166993673,80.7756097560976,73.0986599745829,53.6612160294144,8.962,100.0,0.8259800215308597,1.0699535268535771,0.5270524937781706,-0.32258451227196355,0.22455773958338623,0.6075207890444827
SVN,Slovenia,Europe & Central Asia,High income,2016,6,11,5,4.331383516207505,81.1756097560976,75.4985042610791,53.647274017334,8.0,100.0,0.8508479096794906,1.120090114122002,0.6104481808393208,-0.32321037161274735,0.06263220640010353,0.6075207890444827
SVN,Slovenia,Europe & Central Asia,High income,2017,6,11,5,4.3674132833626995,81.0292682926829,78.8854263554775,55.2451133728027,6.564,100.0,0.9087641342748293,1.1017474602433022,0.7281452733858256,-0.25148308577156203,-0.17907784105436012,0.6075207890444827
SVN,Slovenia,Europe & Central Asia,High income,2018,6,11,5,4.413099306962328,81.3780487804878,79.7499765956562,55.1913430955675,5.108,100.0,0.9822023552954323,1.1454641186541872,0.758188789827407,-0.2538968428440794,-0.4241543237101395,0.6075207890444827
SVN,Slovenia,Europe & Central Asia,High income,2019,5,11,0,4.411858144198733,81.5292682926829,83.1083578026717,55.4523277282715,4.446,100.0,0.9802072421694953,1.1644181943288325,0.8748940734777995,-0.24218119740948213,-0.5355833288736874,0.6075207890444827
SVN,Slovenia,Europe & Central Asia,High income,2020,5,11,0,4.404698023013484,80.5317073170732,86.60130109,55.384391784668,4.971,100.0,0.9686976705170207,1.0393824370557567,0.996275450991118,-0.24523085370256398,-0.4472144048391516,0.6075207890444827
SVN,Slovenia,Europe & Central Asia,High income,2021,5,11,0,4.4652763498791925,80.6756097560976,89.00399524,55.3046289429588,4.744,100.0,1.0660745969137921,1.0574193800364717,1.079770172113047,-0.24881142150320035,-0.4854234443740843,0.6075207890444827
SVN,Slovenia,Europe & Central Asia,High income,2022,5,11,0,4.452710884075798,81.2829268292683,88.91248552,55.3377817873563,4.011,100.0,1.0458761777433392,1.1335413936330394,1.0765901674706146,-0.24732318456723493,-0.6088032945023027,0.6075207890444827
SVN,Slovenia,Europe & Central Asia,High income,2023,4,11,0,4.514022501402255,81.9292682926829,90.37794678,55.5378927789875,3.652,100.0,1.1444318354606706,1.2145547815972575,1.1275156168120095,-0.23834016744003209,-0.6692308063659187,0.6075207890444827
SWE,Sweden,Europe & Central Asia,High income,2014,0,8,0,4.77512570770413,82.2536585365854,92.5236065037579,86.2563838747314,7.954,100.0,1.5641434553999694,1.2552143310283652,1.2020782740098563,1.1406182265269322,0.054889405437077494,0.6075207890444827
SWE,Sweden,Europe & Central Asia,High income,2015,0,8,0,4.709169562983275,82.2048780487805,90.6101966398616,86.6158654081858,7.432,100.0,1.4581219295143948,1.249100113068798,1.1355864057136063,1.1567554149222874,-0.03297455331726085,0.6075207890444827
SWE,Sweden,Europe & Central Asia,High income,2016,0,8,0,4.713520017276229,82.3073170731707,89.6509476102355,87.0,6.99,100.0,1.4651150884442647,1.2619399707838759,1.1022520630070607,1.173999283383934,-0.10737277126633674,0.6075207890444827
SWE,Sweden,Europe & Central Asia,High income,2017,0,8,0,4.7259950817325915,82.409756097561,93.0062669652127,87.237373786911,6.718,100.0,1.485168191529385,1.2747798284989682,1.2188509458980992,1.1846550338551538,-0.15315629000422962,0.6075207890444827
SWE,Sweden,Europe & Central Asia,High income,2018,0,8,0,4.732542162157459,82.5585365853659,89.2469631588137,87.4737430925296,6.365,100.0,1.4956923278274925,1.2934281932756408,1.0882134184675303,1.1952656929869132,-0.2125738713074508,0.6075207890444827
SWE,Sweden,Europe & Central Asia,High income,2019,0,8,0,4.7130618272395175,83.109756097561,94.4934434072202,87.7088420242759,6.833,100.0,1.4643785686394255,1.362518856218711,1.2705310077505487,1.205819324815175,-0.1337992875966646,0.6075207890444827
SWE,Sweden,Europe & Central Asia,High income,2020,0,8,0,4.720726185544366,82.3560975609756,94.53943122,87.9424046895699,8.291,100.0,1.4766986787042704,1.2680541887434433,1.2721291052874562,1.2163039933759001,0.1116138385792463,0.6075207890444827
SWE,Sweden,Europe & Central Asia,High income,2021,0,8,0,4.782813201322526,83.0560975609756,94.6703163,88.1741651958315,8.803,100.0,1.5765007544371918,1.355793216463186,1.2766774217070145,1.226707762705044,0.19779457973292702,0.6075207890444827
SWE,Sweden,Europe & Central Asia,High income,2022,0,8,0,4.739072822122161,83.0585365853659,95.00970335,88.4038576504809,7.417,100.0,1.5061900689769783,1.3560989273611712,1.2884712769890712,1.2370186968385746,-0.03549937971824769,0.6075207890444827
SWE,Sweden,Europe & Central Asia,High income,2023,0,8,0,4.739969937164459,83.309756097561,95.70327461,88.631216160938,7.611,100.0,1.5076321409185987,1.3875871498529235,1.3125731956339743,1.2472248598124478,-0.0028449582654858927,0.6075207890444827
SWZ,Eswatini,Sub-Saharan Africa,Lower middle income,2014,5,0,2,3.576464857031189,53.491,25.0,23.026850446568,23.931,65.0,-0.3626497637231466,-2.3499395184501446,-1.1443979490159348,-1.6977664973718642,2.744166166008085,-0.7421273591122312
SWZ,Eswatini,Sub-Saharan Africa,Lower middle income,2015,5,0,2,3.5340035990624226,54.941,25.64299965,23.2660261759632,23.431,64.1,-0.4309043195332623,-2.168194389602106,-1.1220534169587655,-1.6870298573899485,2.6600052859751933,-0.7768325972076897
SWZ,Eswatini,Sub-Saharan Africa,Lower middle income,2016,5,0,2,3.510300465694777,56.228,28.56999969,23.5278881746356,22.718,63.4,-0.46900603664457885,-2.006879920065951,-1.0203388262507986,-1.6752748268448348,2.53999187104829,-0.8038255601708238
SWZ,Eswatini,Sub-Saharan Africa,Lower middle income,2017,3,0,2,3.585810231508204,57.574,35.33160019,23.8052004963161,24.543,73.5,-0.34762749602968734,-1.8381703039077035,-0.7853701149458668,-1.662826228619749,2.847179083168343,-0.4143556659884578
SWZ,Eswatini,Sub-Saharan Africa,Lower middle income,2018,2,0,2,3.599080796977403,58.707,39.38100052,24.0579295404227,26.471,74.0,-0.3262956609692307,-1.6961584204698912,-0.6446516005796507,-1.6514811779893706,3.1717034365751724,-0.3950749781576476
SWZ,Eswatini,Sub-Saharan Africa,Lower middle income,2019,2,0,2,3.5925260268693577,59.85,43.93389893,24.3459549517751,28.222,77.0,-0.33683215808599404,-1.5528931223503686,-0.48643629754600165,-1.6385516673105336,3.466434838450357,-0.2793908511727864
SWZ,Eswatini,Sub-Saharan Africa,Lower middle income,2020,2,0,2,3.5398998944444564,59.862,49.01300049,24.6652798922192,32.978,80.0,-0.42142629082007654,-1.5513890247323159,-0.309935194273179,-1.6242171153412996,4.266973129323219,-0.16370672418792523
SWZ,Eswatini,Sub-Saharan Africa,Lower middle income,2021,2,0,2,3.600319579573719,58.228,53.99530029,25.0156180525173,34.153,82.9,-0.32430437385477334,-1.7561969837238294,-0.13679799645428697,-1.6084903745530144,4.4647511974005125,-0.05187873476922586
SWZ,Eswatini,Sub-Saharan Africa,Lower middle income,2022,2,0,2,3.590414015531579,63.028,57.34370041,25.396682918542,36.472,82.3,-0.3402271209915218,-1.1545579365027379,-0.020439560144765695,-1.591384306614558,4.855089358993062,-0.07501556016619843
SWZ,Eswatini,Sub-Saharan Africa,Lower middle income,2023,2,0,2,3.5746702077861556,64.123,61.33330154,25.8081878500755,34.61,86.4,-0.3655345813878712,-1.0173090288554254,0.11820090465891508,-1.5729117788550306,4.5416742417505755,0.08308608004644552
SYR,Syrian Arab Republic,"Middle East, North Africa, Afghanistan & Pakistan",Low income,2014,4,3,1,3.0255479615526526,65.492,28.09000015,76.0,14.782,90.2,-1.2482238090525355,-0.8457165589292432,-1.0370190299009197,0.6802073752345706,1.2041903831662404,0.22961930756060292
SYR,Syrian Arab Republic,"Middle East, North Africa, Afghanistan & Pakistan",Low income,2015,4,3,1,2.9282583885622935,63.265,29.97979927,75.7529067188542,14.244,90.0,-1.4046124067313261,-1.1248520085461962,-0.9713476457587192,0.669115314981128,1.1136332762508494,0.22190703242827872
SYR,Syrian Arab Republic,"Middle East, North Africa, Afghanistan & Pakistan",Low income,2016,4,3,1,2.817134866692687,65.19,31.8696003,75.15400963398,13.798,89.8,-1.5832384528754309,-0.8835696823169045,-0.905676195243145,0.642230720951571,1.0385617712615105,0.21419475729595455
SYR,Syrian Arab Republic,"Middle East, North Africa, Afghanistan & Pakistan",Low income,2017,4,3,1,2.9301856750464625,65.651,32.70000076,74.5395596323392,13.603,89.6,-1.4015143806909163,-0.8257872654900457,-0.8768193992888109,0.6146479537904268,1.0057390280486829,0.20648248216363035
SYR,Syrian Arab Republic,"Middle East, North Africa, Afghanistan & Pakistan",Low income,2018,4,3,1,3.0406287862747825,67.371,33.77000046,74.0612602381775,13.505,86.0,-1.223982063944175,-0.6101999402358212,-0.8396364201101886,0.5931770110168091,0.9892434955622362,0.06766152978179715
TCD,Chad,Sub-Saharan Africa,Low income,2014,8,0,3,3.106799168385137,51.141,2.900000095,22.5294513486009,0.984,8.4,-1.1176161611240079,-2.6444919686521375,-1.9123830580913619,-1.7200948291624956,-1.1183132622214265,-2.9247012215599453
TCD,Chad,Sub-Saharan Africa,Low income,2015,8,0,3,2.997382334434214,51.32,3.5,22.8011258828974,1.032,7.7,-1.2934987834655982,-2.6220558458495176,-1.8915327868484912,-1.7078993121910537,-1.110233817738269,-2.9516941845230797
TCD,Chad,Sub-Saharan Africa,Low income,2016,8,0,3,2.9354224983998995,51.603,5.800000191,23.1119734707179,1.091,9.2,-1.3930964235002037,-2.586584210357107,-1.811606727791857,-1.6939453100516437,-1.1003028338943877,-2.8938521210306494
TCD,Chad,Sub-Saharan Africa,Low income,2017,8,0,3,2.931692346946371,51.875,6.351900101,23.461349471105,1.132,10.9,-1.399092473611397,-2.5524913310145787,-1.7924279533845244,-1.6782617607886674,-1.0934016417316907,-2.8282977824058944
TCD,Chad,Sub-Saharan Africa,Low income,2018,8,0,3,2.9771090462134953,52.447,6.956299782,23.8486084924975,1.135,10.1,-1.326087179300066,-2.4807960112207317,-1.771424787912432,-1.6608776361412625,-1.0928966764514934,-2.859146882935191
TCD,Chad,Sub-Saharan Africa,Low income,2019,8,0,3,2.9510150504130768,52.993,7.618199825,24.2731047386633,1.077,8.4,-1.3680320998669193,-2.4123595695993325,-1.7484234585501919,-1.641821926014312,-1.1026593385353087,-2.9247012215599453
TCD,Chad,Sub-Saharan Africa,Low income,2020,8,0,3,2.9379929563144693,53.082,8.343099594,24.7341921795416,1.695,10.9,-1.3889645284132373,-2.401204178932108,-1.7232328598824396,-1.6211236308093118,-0.998636490814655,-2.8282977824058944
TCD,Chad,Sub-Saharan Africa,Low income,2021,8,0,3,2.976055687319712,53.136,9.653699875,25.2312246423075,1.53,11.3,-1.327780406181302,-2.394435739650871,-1.6776889004215911,-1.5988117573364615,-1.0264095812255092,-2.8128732321412464
TCD,Chad,Sub-Saharan Africa,Low income,2022,8,0,3,2.9849935215223233,54.528,11.17029953,25.7635558629694,1.081,11.7,-1.3134132410857122,-2.2199604159567548,-1.6249863684543664,-1.5749153164984506,-1.1019860514950457,-2.797448681876598
TCD,Chad,Sub-Saharan Africa,Low income,2023,8,0,3,2.977418785298044,55.069,12.03590012,26.3305395171046,1.059,12.0,-1.3255892877008943,-2.1521506816762104,-1.594906351875882,-1.5494633219107308,-1.1056891302164926,-2.785880269178112
TGO,Togo,Sub-Saharan Africa,Low income,2014,7,2,3,2.9322630651480233,58.776,5.699999809,39.2839506458368,2.141,45.7,-1.3981750698600723,-1.6875098591660878,-1.8150817868238927,-0.9679824493380152,-0.9235649858253161,-1.4863619093815048
TGO,Togo,Sub-Saharan Africa,Low income,2015,7,2,3,2.8756699997749178,59.23,7.119999886,39.7162551272934,2.204,44.7,-1.4891458682715437,-1.6306048326164269,-1.765736134393585,-0.9485762261743812,-0.9129607149411717,-1.5249232850431251
TGO,Togo,Sub-Saharan Africa,Low income,2016,7,2,3,2.8879442244143156,59.677,11.31000042,40.1485878279739,2.968,46.8,-1.4694156061278285,-1.5745771963439625,-1.6201316986034262,-0.9291687362448912,-0.784362890250914,-1.4439443961537224
TGO,Togo,Sub-Saharan Africa,Low income,2017,7,2,3,2.8991448521186283,60.145,12.3602249692905,40.5809463430719,3.744,48.0,-1.451411102603353,-1.5159173892399056,-1.583635914960546,-0.9097600875017213,-0.6537452044398667,-1.3976707453597779
TGO,Togo,Sub-Saharan Africa,Low income,2018,7,2,3,2.9299910822584714,60.608,15.5,41.013328267781,2.9,50.0,-1.40182717981519,-1.4578842894767052,-1.4745272959652038,-0.8903503878970487,-0.7958087699353871,-1.320547994036537
TGO,Togo,Sub-Saharan Africa,Low income,2019,7,3,3,2.917114210456085,61.061,20.72730064,41.445731197295,2.036,52.5,-1.42252617007455,-1.4011046043952142,-1.2928762068503938,-0.8709397453830403,-0.9412387706322233,-1.224144554882486
TGO,Togo,Sub-Saharan Africa,Low income,2020,7,3,3,2.936246582220161,61.14,29.02370071,41.8781527268075,2.231,54.1,-1.3917717459519399,-1.3912026284097003,-1.0045725082041863,-0.8515282679118725,-0.9084160274193956,-1.1624463538238934
TGO,Togo,Sub-Saharan Africa,Low income,2021,7,3,3,2.9832090140827807,61.337,30.33839989,42.3105904515122,2.344,55.7,-1.3162817562558333,-1.366510359180001,-0.95888611012754,-0.8321160634357179,-0.8893956685319623,-1.1007481527653007
TGO,Togo,Sub-Saharan Africa,Low income,2022,7,3,3,2.978286624671232,62.292,35.60749817,42.7332327975627,1.965,57.2,-1.3241942750760909,-1.2468092570766383,-0.775782533897233,-0.8131435752065359,-0.9531896155968939,-1.04290608927287
TGO,Togo,Sub-Saharan Africa,Low income,2023,7,3,3,3.0232595724460682,62.74,37.57020187,43.2496853032436,1.942,59.2,-1.2519022912610822,-1.190656279336003,-0.707577682240821,-0.789959932638473,-0.9570610160784068,-0.9657833379496293
THA,Thailand,East Asia & Pacific,Upper middle income,2014,6,6,1,3.763517680460344,76.279,34.8860535783465,46.3138799467897,0.576,99.5,-0.061970792186878045,0.5063418582319885,-0.8008530635711965,-0.6524077035495925,-1.1869885403282656,0.5882401012136725
THA,Thailand,East Asia & Pacific,Upper middle income,2015,6,6,1,3.7550247387636166,76.563,39.3161267365004,46.9521043776171,0.597,99.6,-0.07562281265828574,0.5419388351925706,-0.6469059942407929,-0.623757698138156,-1.1834537833668843,0.5920962387798343
THA,Thailand,East Asia & Pacific,Upper middle income,2016,6,6,1,3.7659349463152014,76.769,47.5049656215909,47.8801095551247,0.688,99.9,-0.05808514642198749,0.5677591776358095,-0.36234009598735,-0.5820993847405226,-1.1681365032008981,0.6036646514783208
THA,Thailand,East Asia & Pacific,Upper middle income,2017,6,6,1,3.8070674583699247,76.989,52.8919293439676,49.2311973571777,0.83,99.9,0.008033510300676481,0.5953343006334427,-0.17514064170233704,-0.5214488189356971,-1.144234813271557,0.6036646514783208
THA,Thailand,East Asia & Pacific,Upper middle income,2018,6,7,5,3.851244677452779,77.19,56.8174809301456,54.5843734741211,0.765,99.8,0.07904639615639854,0.6205279357358251,-0.038725927853851615,-0.2811438144406896,-1.1551757276758328,0.5998085139121585
THA,Thailand,East Asia & Pacific,Upper middle income,2019,8,11,5,3.881138995656356,77.197,66.6524194587528,55.9266166687012,0.716,99.9,0.12710016346899858,0.6214053260130232,0.3030426862235486,-0.22089028459958013,-1.1634234939190562,0.6036646514783208
THA,Thailand,East Asia & Pacific,Upper middle income,2020,7,10,5,3.8442064457017686,77.331,77.84374066,57.2358779907227,1.099,100.0,0.06773275626830959,0.6382010827479454,0.6919462188201007,-0.16211731673892976,-1.0989562598138614,0.6075207890444827
THA,Thailand,East Asia & Pacific,Upper middle income,2021,7,10,5,3.8486328899487408,77.606,85.26956666,58.5087776184082,1.215,100.0,0.07484806561966136,0.672669986494986,0.9499970701820906,-0.1049766316446171,-1.0794309356462306,0.6075207890444827
THA,Thailand,East Asia & Pacific,Upper middle income,2022,7,10,5,3.8394373699985564,75.291,87.97724503,59.742374420166,0.94,99.9,0.06006668231480122,0.38250448767898054,1.04409013250175,-0.04960025722398664,-1.125719419664321,0.6036646514783208
THA,Thailand,East Asia & Pacific,Upper middle income,2023,7,10,5,3.8570369133128435,76.412,89.53525238,60.9341926574707,0.733,100.0,0.088357153884465,0.5230122734987409,1.0982316008172932,0.0039006701910951256,-1.160562023997938,0.6075207890444827
TJK,Tajikistan,Europe & Central Asia,Lower middle income,2014,9,5,1,3.034044204128012,69.697,17.48999977,26.5633735656738,7.024,99.1,-1.2345664825677027,-0.3186556852699328,-1.4053738933863307,-1.539011361081174,-0.10164983142410017,0.5728155509490241
TJK,Tajikistan,Europe & Central Asia,Lower middle income,2015,9,5,1,2.9808739573271996,69.665,18.97999954,26.478832244873,7.033,98.0,-1.3200352546039233,-0.3226666122514063,-1.353595719594261,-1.5428064356371463,-0.10013493558350807,0.5303980377212419
TJK,Tajikistan,Europe & Central Asia,Lower middle income,2016,9,5,1,2.896917612512597,69.982,20.46999931,26.3718509674072,7.036,99.3,-1.454991289749579,-0.2829333668411809,-1.3018175458021914,-1.5476088437404272,-0.09962997030331085,0.5805278260813483
TJK,Tajikistan,Europe & Central Asia,Lower middle income,2017,9,5,1,2.9187939539287227,70.524,21.95999908,26.2731513977051,7.035,99.3,-1.4198260582529891,-0.21499829109246577,-1.2500393720101217,-1.552039484545584,-0.09979829206337654,0.5805278260813483
TJK,Tajikistan,Europe & Central Asia,Lower middle income,2018,9,6,1,2.9213162075506958,70.737,32.59999847,26.2338752746582,7.028,99.3,-1.4157716493908008,-0.18830055837203058,-0.8802945246247195,-1.5538025965223148,-0.10097654438383712,0.5805278260813483
TJK,Tajikistan,Europe & Central Asia,Lower middle income,2019,9,5,1,2.9400293103662842,70.962,22.68630028,26.1300735473633,7.026,99.4,-1.385691181180308,-0.16009872803354083,-1.224800072973862,-1.5584622740668734,-0.10131318790396865,0.5843839636475107
TJK,Tajikistan,Europe & Central Asia,Lower middle income,2020,9,5,1,2.921328342018653,68.605,27.54409981,26.1925442328719,7.576,99.5,-1.4157521437812164,-0.45552856851273105,-1.0559893165055074,-1.5556579541577198,-0.008736219867788303,0.5882401012136725
TJK,Tajikistan,Europe & Central Asia,Lower middle income,2021,9,6,1,2.952670442598478,69.594,36.70560074,26.1991525151375,7.687,99.6,-1.3653711316405606,-0.3315658564915532,-0.7376229671269788,-1.5553613072204908,0.009947495499513662,0.5920962387798343
TJK,Tajikistan,Europe & Central Asia,Lower middle income,2022,9,6,1,3.0220898338983866,71.562,48.91429901,26.1957126615618,7.051,100.0,-1.2537825931834772,-0.08489384713090507,-0.31336511586637134,-1.555515722844209,-0.09710514390232403,0.6075207890444827
TJK,Tajikistan,Europe & Central Asia,Lower middle income,2023,9,7,1,3.071322179875305,71.79,54.41550064,26.1890127571429,7.037,100.0,-1.1746438189951034,-0.05631599238790213,-0.12219584201919724,-1.5558164827157934,-0.09946164854324502,0.6075207890444827
TKM,Turkmenistan,Europe & Central Asia,Upper middle income,2014,7,6,1,3.8551643891820966,69.001,12.19999981,46.9954085410955,4.005,100.0,0.08534715585562976,-0.4058933471169909,-1.5892038125606947,-0.6218137667277184,-0.6098132250626975,0.6075207890444827
TKM,Turkmenistan,Europe & Central Asia,Upper middle income,2015,7,6,1,3.7603846245518904,69.061,14.99680042,47.0100189007695,4.016,100.0,-0.06700703815766508,-0.398372859026727,-1.4920137116210508,-0.6211579051475208,-0.607961685701974,0.6075207890444827
TKM,Turkmenistan,Europe & Central Asia,Upper middle income,2016,7,6,1,3.754881732207633,69.142,17.99029922,47.0227025249994,4.026,100.0,-0.07585268924281335,-0.3882202001048724,-1.3879882585750067,-0.620588535055636,-0.6062784681013161,0.6075207890444827
TLS,Timor-Leste,East Asia & Pacific,Lower middle income,2014,9,4,3,3.0880472931997742,65.027,17.5,29.5463092024041,3.618,62.4,-1.1477589541690263,-0.904000341628787,-1.4050263808179893,-1.4051068629041021,-0.6749537462081553,-0.8423869358324443
TLS,Timor-Leste,East Asia & Pacific,Lower middle income,2015,9,4,3,3.120439986647042,65.326,18.60000038,29.5043315008419,3.678,67.3,-1.0956891614096402,-0.8665232426456407,-1.3668008642818474,-1.4069912492090224,-0.6648544406042084,-0.6534361950905043
TLS,Timor-Leste,East Asia & Pacific,Lower middle income,2016,9,4,3,3.1256581715604974,65.61,21.20000076,29.4462907628171,4.657,76.5,-1.0873011646700022,-0.8309262656850588,-1.2764496613852945,-1.4095967080071736,-0.5000674374998073,-0.2986715390035966
TLS,Timor-Leste,East Asia & Pacific,Lower middle income,2017,9,4,3,3.1024946643535842,65.898,24.20000076,29.3600996787092,4.254,79.5,-1.1245354570825168,-0.7948279228517936,-1.1721982886644728,-1.413465840724183,-0.5679011068063178,-0.18298741201873542
TLS,Timor-Leste,East Asia & Pacific,Lower middle income,2018,8,5,1,3.086169695264531,66.204,27.60000038,29.248617510057,3.765,85.2,-1.1507771081095965,-0.7564734335914494,-1.0540467461193819,-1.4184702946135828,-0.6502104474784853,0.036812429252500944
TLS,Timor-Leste,East Asia & Pacific,Lower middle income,2019,8,5,1,3.1937823847924385,66.496,28.00460052,29.1148755245217,3.148,90.6,-0.9777945665027977,-0.7198737248854994,-1.0399867061200363,-1.4244739955442338,-0.7540649734390732,0.24504385782525076
TLS,Timor-Leste,East Asia & Pacific,Lower middle income,2020,8,5,1,3.2124191801985122,66.919,32.01269913,28.9619049897647,2.808,96.0,-0.9478367590091702,-0.6668542838491405,-0.9007034454223971,-1.4313408693849872,-0.8112943718614392,0.45327528639800113
TLS,Timor-Leste,East Asia & Pacific,Lower middle income,2021,8,5,1,3.4289324446728386,66.199,35.04199982,28.7927371734472,2.344,100.0,-0.5998014581105592,-0.757100140932304,-0.7954338603168528,-1.4389348420047035,-0.8893956685319623,0.6075207890444827
TON,Tonga,East Asia & Pacific,Upper middle income,2014,9,7,1,3.616642492213993,71.721,35.95439911,23.3431040935971,1.914,95.9,-0.29806602847629404,-0.06496455369170565,-0.7637275674995185,-1.683569816296801,-0.9617740253602487,0.4494191488318393
TON,Tonga,East Asia & Pacific,Upper middle income,2015,9,7,1,3.6153084667821838,71.851,38.65129852,23.2434422818439,2.022,100.0,-0.30021041415027716,-0.048670162829468316,-0.6700090789720271,-1.6880436523145494,-0.9435952752731441,0.6075207890444827
TON,Tonga,East Asia & Pacific,Upper middle income,2016,9,7,1,3.600753653571272,71.951,39.95000076,23.1277038505921,2.048,97.0,-0.32360661949446967,-0.03613601601236295,-0.6248785818801582,-1.6932391705703715,-0.9392189095114338,0.4918366620596215
TON,Tonga,East Asia & Pacific,Upper middle income,2017,9,8,1,3.640076701423856,72.066,46.20080185,22.9711300654966,2.137,98.2,-0.2603965948114442,-0.021721747172689817,-0.40766038380105524,-1.7002677949438691,-0.9242382728655791,0.5381103128535661
TON,Tonga,East Asia & Pacific,Upper middle income,2018,9,8,1,3.669786066146213,72.169,48.80789948,22.7017138925547,2.248,99.0,-0.21264013187252695,-0.008811575951071253,-0.317062548219488,-1.7123619336823492,-0.9055545574982773,0.5689594133828623
TON,Tonga,East Asia & Pacific,Upper middle income,2019,9,8,1,3.6802297306091627,72.292,51.56299973,22.3288155626206,2.165,98.4,-0.19585241259504235,0.00660542463396981,-0.22132155387082825,-1.7291014043990647,-0.9195252635837373,0.5458225879858902
TON,Tonga,East Asia & Pacific,Upper middle income,2020,9,8,1,3.6805493029828313,72.379,54.47370148,21.8766206823411,2.712,99.9,-0.19533871442740958,0.017510132364852514,-0.12017333619802877,-1.749400511016209,-0.8274532608277543,0.6036646514783208
TON,Tonga,East Asia & Pacific,Upper middle income,2021,9,8,1,3.6922123431170837,72.13,57.549,21.258003897665,2.111,100.0,-0.17659090379154707,-0.01369989320974281,-0.01330530545259163,-1.7771703257906122,-0.9286146386272894,0.6075207890444827
TON,Tonga,East Asia & Pacific,Upper middle income,2022,9,8,1,3.7241135454778473,72.635,61.60739899,21.147219451842,2.002,100.0,-0.12531116077158816,0.049597548216644104,0.127725916466174,-1.7821434587811766,-0.9469617104744599,0.6075207890444827
TON,Tonga,East Asia & Pacific,Upper middle income,2023,9,8,1,3.7521709346898775,72.895,64.13140106,21.147944541337,1.652,100.0,-0.08021017390804999,0.08218632994111877,0.215436143315406,-1.782110909387966,-1.0058743264974837,0.6075207890444827
TTO,Trinidad and Tobago,Latin America & Caribbean,High income,2014,7,11,5,4.340608708137131,72.898,62.40000153,53.9259699537793,2.477,100.0,0.865676989352138,0.08256235434563197,0.15526921740517727,-0.31069966268085647,-0.8670088744432131,0.6075207890444827
TTO,Trinidad and Tobago,Latin America & Caribbean,High income,2015,7,11,5,4.2985743570002,72.882,65.09999847,53.926665238022,2.428,100.0,0.7981086670069076,0.0805568908548961,0.2490953465175169,-0.3106684512505922,-0.8752566406864365,0.6075207890444827
TTO,Trinidad and Tobago,Latin America & Caribbean,High income,2016,7,11,5,4.241774372609168,72.935,67.80000305,53.9277523084951,3.207,100.0,0.7068052556128519,0.08719998866796198,0.34292174112335216,-0.31061965246848244,-0.744133989595192,0.6075207890444827
TTO,Trinidad and Tobago,Latin America & Caribbean,High income,2017,7,11,5,4.244675350027422,72.984,70.59999847,53.9293186833833,3.389,100.0,0.7114684458848821,0.09334172060834302,0.4402228631723569,-0.3105493376280351,-0.7134994292632196,0.6075207890444827
TTO,Trinidad and Tobago,Latin America & Caribbean,High income,2018,7,11,5,4.244808805637033,72.658,72.76029968,53.9314518934907,3.497,100.0,0.7116829697541709,0.05248040198457802,0.5152943187166744,-0.31045357745626984,-0.6953206791761151,0.6075207890444827
TTO,Trinidad and Tobago,Latin America & Caribbean,High income,2019,7,11,5,4.235846801602115,72.836,74.98670197,53.9342394732739,3.523,100.0,0.6972769527439892,0.0747911833190265,0.5926628170371013,-0.310328442516246,-0.6909443134144048,0.6075207890444827
TTO,Trinidad and Tobago,Latin America & Caribbean,High income,2020,7,10,5,4.184226431611713,72.645,77.28130341,53.9377689584806,4.206,100.0,0.6142995377309824,0.05085096289835357,0.6724012670261598,-0.3101700033130638,-0.5759805512894751,0.6075207890444827
TTO,Trinidad and Tobago,Latin America & Caribbean,High income,2021,7,10,5,4.248281516096024,71.111,84.36576986,53.9421278853848,4.446,100.0,0.7172651950855533,-0.14142284927605267,0.9185897178285287,-0.3099743303281996,-0.5355833288736874,0.6075207890444827
TTO,Trinidad and Tobago,Latin America & Caribbean,High income,2022,7,11,5,4.317028989531671,73.331,81.69760132,53.9474037904998,4.383,100.0,0.8277736559010425,0.13683521006370217,0.8258696401800252,-0.3097374940323859,-0.5461875997578317,0.6075207890444827
TTO,Trinidad and Tobago,Latin America & Caribbean,High income,2023,7,11,5,4.262651664433832,73.49,81.9681015,53.9536842104572,3.361,98.7,0.740364559980584,0.1567645035028998,0.8352696452087682,-0.3094555648910456,-0.7182124385450613,0.5573910006843763
TUN,Tunisia,"Middle East, North Africa, Afghanistan & Pakistan",Lower middle income,2014,3,3,4,3.6492354225844332,74.784,46.15999985,67.7524643379101,14.259,99.8,-0.245674363900063,0.3189563633162539,-0.4090782719709735,0.3099740686788165,1.1161581026518361,0.5998085139121585
TUN,Tunisia,"Middle East, North Africa, Afghanistan & Pakistan",Lower middle income,2015,2,3,4,3.6036798963795413,74.875,46.4999943435776,67.8807907104492,15.159,99.9,-0.3189028162482754,0.33036243691981965,-0.3972633077466451,0.31573466180263204,1.2676476867110404,0.6036646514783208
TUN,Tunisia,"Middle East, North Africa, Afghanistan & Pakistan",Lower middle income,2016,2,3,4,3.5852128903608937,75.007,49.5999948415756,68.0623356528248,15.557,100.0,-0.3485876949646026,0.3469075107184003,-0.28953687196280403,0.32388424575813307,1.3346397472172218,0.6075207890444827
TUN,Tunisia,"Middle East, North Africa, Afghanistan & Pakistan",Lower middle income,2017,2,3,4,3.5585924800046054,75.177,55.5001550633671,68.2877807617188,15.33,100.0,-0.3913788031717117,0.36821556030748087,-0.08450360449795319,0.33400451580392515,1.2964307076822892,0.6075207890444827
TUN,Tunisia,"Middle East, North Africa, Afghanistan & Pakistan",Lower middle income,2018,2,3,4,3.5596796875222787,75.37,64.1908102327387,68.5485240272509,15.459,99.8,-0.389631166155239,0.39240646366449533,0.2175006392521452,0.3457093262243062,1.3181442147307751,0.5998085139121585
TUN,Tunisia,"Middle East, North Africa, Afghanistan & Pakistan",Lower middle income,2019,1,3,4,3.547635922199848,75.599,66.6999983024144,68.8206382576031,17.153,100.0,-0.40899097534809065,0.4211096598756682,0.3046960728116122,0.35792458122796095,1.6032812762822104,0.6075207890444827
TUN,Tunisia,"Middle East, North Africa, Afghanistan & Pakistan",Lower middle income,2020,1,3,4,3.550063612467461,75.004,68.55639648,69.1043166438476,17.651,99.9,-0.4050885728101739,0.34653148631388714,0.36920675892152255,0.37065895319563413,1.6871055127949703,0.6036646514783208
TUN,Tunisia,"Middle East, North Africa, Afghanistan & Pakistan",Lower middle income,2021,2,3,4,3.5918366597876807,72.893,68.31552226,69.3997523770568,16.632,99.9,-0.33794028455706066,0.08193564700477723,0.3608362695588365,0.38392111450807764,1.5155856392879383,0.6036646514783208
TUR,Turkiye,Europe & Central Asia,Upper middle income,2014,3,6,5,4.086693832460683,76.452,51.0373665521645,83.6024850744433,9.901,100.0,0.4575202864672451,0.5280259322255824,-0.23958754731648121,1.0214842490151532,0.38261187228515603,0.6075207890444827
TUR,Turkiye,Europe & Central Asia,Upper middle income,2015,3,6,5,4.043937659190544,76.539,53.7449791423583,87.2167107972537,10.304,100.0,0.3887916676203817,0.5389306399564651,-0.14549677087518678,1.1837274686650678,0.45044554159166644,0.6075207890444827
TUR,Turkiye,Europe & Central Asia,Upper middle income,2016,3,6,5,4.0407749286531445,76.595,58.3477340145685,88.1020958581776,10.899,100.0,0.38370772102284906,0.5459497621740441,0.01445106703326813,1.2234725576360277,0.5505969888308069,0.6075207890444827
TUR,Turkiye,Europe & Central Asia,Upper middle income,2017,2,6,0,4.031666450149923,77.037,64.6846176835371,88.0320472717286,10.919,100.0,0.36906625291560025,0.6013506911056539,0.23466067412064615,1.220328064439135,0.5539634240321227,0.6075207890444827
TUR,Turkiye,Europe & Central Asia,Upper middle income,2018,2,6,0,3.9860600815538585,77.454,71.0427608433809,88.1655749576173,10.956,100.0,0.2957560737182124,0.6536180833329847,0.4556090582437196,1.2263221454214754,0.5601913291545565,0.6075207890444827
TUR,Turkiye,Europe & Central Asia,Upper middle income,2019,2,6,0,3.9729075910471607,77.737,73.9767022871511,88.6618152857124,13.73,100.0,0.27461403883098046,0.689089718825395,0.5575648659089039,1.2485984598315432,1.0271158915770373,0.6075207890444827
TUR,Turkiye,Europe & Central Asia,Upper middle income,2020,2,6,0,3.9443897783273285,76.525,77.6695605,88.9303114965222,13.148,100.0,0.22877294195862719,0.5371758594020707,0.6858933785598569,1.260651301310329,0.9291526272187517,0.6075207890444827
TUR,Turkiye,Europe & Central Asia,Upper middle income,2021,2,6,0,3.999207296885644,75.722,81.40843745,89.1762048153239,11.969,100.0,0.31688962899985335,0.4365266604607074,0.8158210633837697,1.2716894950459905,0.7307012721011942,0.6075207890444827
TUR,Turkiye,Europe & Central Asia,Upper middle income,2022,2,6,0,4.037340418863713,77.591,83.43716576,89.0381164550781,10.465,100.0,0.3781869015437,0.6707898644724201,0.8863203004488008,1.2654906846006275,0.47754534496225737,0.6075207890444827
TUR,Turkiye,Europe & Central Asia,Upper middle income,2023,2,7,0,4.126296866568135,77.156,85.96074155,89.0218446796121,9.388,100.0,0.5211803764185449,0.6162663258180101,0.9740157138729781,1.2647602417773247,0.29626280937140964,0.6075207890444827
TZA,Tanzania,Sub-Saharan Africa,Lower middle income,2014,8,1,3,3.009768814312133,63.364,7.0,30.6443077170742,2.125,23.5,-1.2735880760922988,-1.1124432031972615,-1.7699061853408657,-1.355817519112819,-0.9262581339863686,-2.3424244490694774
TZA,Tanzania,Sub-Saharan Africa,Lower middle income,2015,8,1,3,2.9727244744138255,63.928,10.0,31.2061566592472,2.009,26.2,-1.3331351805821796,-1.0417506151487832,-1.665654812620044,-1.330596022635791,-0.9457834581539993,-2.2383087347831023
TZA,Tanzania,Sub-Saharan Africa,Lower middle income,2016,9,2,3,2.979097795965149,64.404,13.5042328468919,31.7577303242916,1.931,32.8,-1.322890353831154,-0.9820880762993585,-1.5438811177460858,-1.305835785131499,-0.9589125554391303,-1.983803655416408
TZA,Tanzania,Sub-Saharan Africa,Lower middle income,2017,9,2,3,2.994173689134877,64.963,14.46339989,32.2987013317296,1.854,32.1,-1.2986565359707067,-0.9120221955917358,-1.5105496241085556,-1.2815515027663813,-0.9718733309641956,-2.0107966183795423
TZA,Tanzania,Sub-Saharan Africa,Lower middle income,2018,9,2,3,3.0099207428944563,65.488,15.49069977,32.8287423010834,1.792,34.9,-1.273343857753102,-0.8462179248019281,-1.4748504832132436,-1.2577578717068767,-0.9823092800882742,-1.902824766527005
TZA,Tanzania,Sub-Saharan Africa,Lower middle income,2019,9,2,3,3.0266650076732695,66.007,16.59090042,33.3475258518752,1.735,37.7,-1.246428207828516,-0.781165702821147,-1.4366180072029635,-1.2344695881194236,-0.9919036204120237,-1.7948529146744678
TZA,Tanzania,Sub-Saharan Africa,Lower middle income,2020,9,2,3,3.048214607032553,66.771,19.48139954,33.8547246036273,1.792,39.9,-1.2117881994416764,-0.685404821138457,-1.3361718401668543,-1.211701348170456,-0.9823092800882742,-1.7100178882189032
TZA,Tanzania,Sub-Saharan Africa,Lower middle income,2021,8,3,3,3.0644042859116998,66.131,22.87540054,34.3500111758619,1.876,42.7,-1.185764021321061,-0.7656233607679359,-1.2182287524115736,-1.189467848026412,-0.9681702522427486,-1.6020460363663658
TZA,Tanzania,Sub-Saharan Africa,Lower middle income,2022,8,3,3,3.081894559189788,66.879,26.86059952,34.8234736377147,1.573,45.8,-1.1576491964029778,-0.6718679425759819,-1.0797412643347006,-1.168214035983195,-1.0191717455426805,-1.482505771815343
TZA,Tanzania,Sub-Saharan Africa,Lower middle income,2023,8,3,3,3.087782197433302,66.995,28.43190002,35.4748019434954,1.565,48.3,-1.148185083649246,-0.6573283322681389,-1.025137852974063,-1.138975795352,-1.0205183196232068,-1.3861023326612918
UGA,Uganda,Sub-Saharan Africa,Low income,2014,9,1,3,2.9523345684520668,63.057,5.400000095,24.1938503391826,2.357,20.4,-1.3659110341721408,-1.1509230339257766,-1.8255069141573437,-1.6453796697551129,-0.887207485651107,-2.461964713620501
UGA,Uganda,Sub-Saharan Africa,Low income,2015,9,1,3,2.9359778879080562,63.831,5.699999809,24.9777856560427,2.681,18.5,-1.3922036599318535,-1.0539087375613754,-1.8150817868238927,-1.6101886773934742,-0.8326712353897935,-2.5352313273775797
UGA,Uganda,Sub-Saharan Africa,Low income,2016,9,1,3,2.8766199379765864,64.494,5.9,25.6953567134098,3.002,26.7,-1.4876188854852672,-0.9708073441639625,-1.8081316886718337,-1.5779767881525597,-0.7786399504086774,-2.219028046952292
UGA,Uganda,Sub-Saharan Africa,Low income,2017,9,2,3,2.883785365851097,65.174,7.417900085,26.4139260579546,3.428,32.4,-1.4761007835693067,-0.8855751458076403,-1.7553839661670663,-1.5457200856270674,-0.706934880620654,-1.9992282056810562
UGA,Uganda,Sub-Saharan Africa,Low income,2018,9,2,3,2.898816034074159,65.775,9.326299667,27.1280475018884,3.249,41.9,-1.451939662769519,-0.810244923436833,-1.6890662074592855,-1.5136630501315724,-0.7370644756724289,-1.6328951368956623
UGA,Uganda,Sub-Saharan Africa,Low income,2019,9,2,3,2.9149622333299567,66.354,11.72579956,27.8369781799403,3.057,41.3,-1.4259853761811017,-0.7376722133657895,-1.6056824882297138,-1.4818390290169479,-0.7693822536050593,-1.6560319622926347
UGA,Uganda,Sub-Saharan Africa,Low income,2020,9,2,3,2.9272504606214578,66.41,7.4,28.5399752271502,3.819,42.1,-1.4062326054061027,-0.7306530911482104,-1.7560060023114228,-1.4502813696201164,-0.6411210724349331,-1.6251828617633381
UGA,Uganda,Sub-Saharan Africa,Low income,2021,9,3,3,2.945858249905951,66.45,10.0,29.2362957789022,3.416,45.2,-1.3763214239438029,-0.7256394324213672,-1.665654812620044,-1.4190234192625493,-0.7089547417414434,-1.5056425972123149
UGA,Uganda,Sub-Saharan Africa,Low income,2022,9,3,3,2.9836566434360114,67.675,9.636899948,29.9251969709665,2.885,47.1,-1.3155622122730617,-0.5720961339118185,-1.6782727055720446,-1.3880985252483855,-0.7983335963363739,-1.432375983455236
UGA,Uganda,Sub-Saharan Africa,Low income,2023,9,3,3,3.001001690323494,68.252,9.286999702,30.6059359395495,2.754,51.5,-1.2876808322234745,-0.4997741067771166,-1.6904318992256622,-1.3575400348621829,-0.8203837469049915,-1.2627059305441064
UKR,Ukraine,Europe & Central Asia,Upper middle income,2014,4,4,5,3.4849981646685104,71.803,46.2359754571651,69.0554339301313,9.27,100.0,-0.5096783435929972,-0.054686553301679465,-0.4064380848575537,0.368464599697317,0.2764008416836472,0.6075207890444827
UKR,Ukraine,Europe & Central Asia,Upper middle income,2015,4,4,5,3.321074948050852,72.686,48.8846436813218,69.1587317201337,9.14,100.0,-0.773177516072381,0.05598996309336845,-0.3143956521074346,0.3731016554093986,0.25451901287509565,0.6075207890444827
UKR,Ukraine,Europe & Central Asia,Upper middle income,2016,4,4,5,3.3341442425911447,73.389,53.0009695981884,69.2102241609089,9.35,100.0,-0.7521692149463188,0.14410501521762278,-0.17135144297422172,0.37541316000809405,0.28986658248890984,0.6075207890444827
UKR,Ukraine,Europe & Central Asia,Upper middle income,2017,3,4,5,3.4156889427142216,73.993,58.8894794459775,69.2633108489282,9.5,100.0,-0.6210897897991943,0.2198112619929434,0.03327696866314208,0.37779623064212886,0.31511484649877725,0.6075207890444827
UKR,Ukraine,Europe & Central Asia,Upper middle income,2018,4,5,5,3.4855868251187756,73.569,62.5531553933869,69.3157992777909,8.799,100.0,-0.5087320984868021,0.1666664794884146,0.16059138423703795,0.38015244531884484,0.19712129269266365,0.6075207890444827
UKR,Ukraine,Europe & Central Asia,Upper middle income,2019,3,5,5,3.5586919629224854,73.92,70.1248442995263,69.3527648708735,8.194,100.0,-0.39121888887111356,0.2106613348164568,0.42371103833038803,0.38181183720467476,0.09528662785286549,0.6075207890444827
UKR,Ukraine,Europe & Central Asia,Upper middle income,2020,3,5,5,3.5693469014072554,73.283,75.03790912,69.3839100516745,9.475,100.0,-0.3740915561388372,0.13081881959149103,0.5944422889306415,0.38320994977352796,0.31090680249713265,0.6075207890444827
UKR,Ukraine,Europe & Central Asia,Upper middle income,2021,3,5,5,3.6790593896131076,71.631,79.21829353,69.4027032653896,9.834,100.0,-0.19773368292600768,-0.07624528582710155,0.7397125600117159,0.3840535803972223,0.37133431436074854,0.6075207890444827
URY,Uruguay,Latin America & Caribbean,High income,2014,3,7,0,4.262983016097691,77.194,61.4624951684405,94.9897821210514,6.547,99.7,0.7408971928255712,0.62102930160851,0.12269044236281695,1.5326619887704467,-0.18193931097547847,0.5959523763459967
URY,Uruguay,Latin America & Caribbean,High income,2015,3,7,0,4.2336534464040225,77.285,64.5707870971624,95.0800002298303,7.488,99.7,0.6937512332542434,0.6324353752120757,0.23070500915825315,1.5367118953234975,-0.023548534753577027,0.5959523763459967
URY,Uruguay,Latin America & Caribbean,High income,2016,3,7,0,4.230698145635499,77.351,66.40000153,95.1585424955685,7.841,99.7,0.6890007206483929,0.6407079121113661,0.2942710476996064,1.5402376712570647,0.03586904654964415,0.5959523763459967
URY,Uruguay,Latin America & Caribbean,High income,2017,2,7,0,4.2829538863701595,77.618,70.3223543994698,95.2288235732042,7.89,99.8,0.7729994654570467,0.6741740841130388,0.4305746046788336,1.5433926010236578,0.04411681279286741,0.5998085139121585
URY,Uruguay,Latin America & Caribbean,High income,2018,2,7,0,4.284429390750098,77.527,80.7268428795854,95.2942581176758,8.336,99.8,0.7753712721548766,0.662768010509473,0.7921353401821765,1.5463299690757955,0.1191883177822065,0.5998085139121585
URY,Uruguay,Latin America & Caribbean,High income,2019,2,7,0,4.262824273044658,77.503,83.3515337667548,95.3479309082031,8.836,99.9,0.7406420205322611,0.6597598152733675,0.88334454950059,1.5487393499530844,0.20334919781509775,0.6036646514783208
URY,Uruguay,Latin America & Caribbean,High income,2020,2,7,0,4.197488296961084,78.381,85.47100067,95.3997650146484,10.413,100.0,0.6356173877414719,0.7698096243275588,0.9569969942004771,1.5510661919829791,0.4687926134388367,0.6075207890444827
URY,Uruguay,Latin America & Caribbean,High income,2021,2,7,0,4.252411687858587,75.434,87.64440155,95.4497146606445,9.328,100.0,0.7239042597896795,0.40042831762744235,1.032523669271358,1.5533084402564157,0.2861635037674626,0.6075207890444827
URY,Uruguay,Latin America & Caribbean,High income,2022,2,8,0,4.318451825672324,76.468,89.87304314,95.4977416992188,7.877,100.0,0.830060800781259,0.53003139571632,1.1099699842914295,1.5554643823491765,0.04192862991201225,0.6075207890444827
URY,Uruguay,Latin America & Caribbean,High income,2023,2,8,0,4.362094417573166,78.138,90.92590332,95.5439605712891,8.355,100.0,0.9002142975708565,0.7393516475619917,1.1465573573074603,1.557539155533913,0.1223864312234564,0.6075207890444827
USA,United States,North America,High income,2014,3,9,0,4.740152762021376,78.8414634146341,73.0,80.6242231779766,6.168,100.0,1.507926023624784,0.8275247847568575,0.5236240145172144,0.8877895558492597,-0.24573325804040996,0.6075207890444827
USA,United States,North America,High income,2015,2,9,0,4.752608586894713,78.690243902439,74.5542024462761,80.5707989535091,5.28,100.0,1.5279481999485178,0.8085707090822105,0.5776332606873285,0.8853913331455133,-0.3952029809788248,0.6075207890444827
USA,United States,North America,High income,2016,3,10,0,4.7607096700008595,78.5390243902439,85.5444212887222,80.4976645324131,4.869,100.0,1.540970325421051,0.7896166334075653,0.9595483942964113,0.882108316296023,-0.4643832243658615,0.6075207890444827
USA,United States,North America,High income,2017,3,10,0,4.775501940481339,78.5390243902439,87.2748891687657,80.4018678392891,4.355,100.0,1.5647482326090785,0.7896166334075653,1.0196829449443527,0.877807986124014,-0.5509006090396735,0.6075207890444827
USA,United States,North America,High income,2018,2,10,0,4.795879144856055,78.6390243902439,88.498903165152,80.2804567987377,3.896,100.0,1.5975036689711208,0.8021507802246725,1.0622179913952765,0.8723578234527166,-0.6281602969098679,0.6075207890444827
USA,United States,North America,High income,2019,2,10,0,4.811215965907607,78.7878048780488,89.4302848575712,80.1304793353594,3.669,100.0,1.6221569166253211,0.8207991450013451,1.0945839313825243,0.8656253091053552,-0.6663693364448005,0.6075207890444827
USA,United States,North America,High income,2020,3,10,0,4.802882792559293,76.9804878048781,90.34470367,79.997451762548,8.055,100.0,1.608761716563273,0.5942673695995041,1.1263604035283399,0.859653678285808,0.07188990320372153,0.6075207890444827
USA,United States,North America,High income,2021,3,10,0,4.846368358654702,76.3292682926829,91.2684021,80.0074765140272,5.349,100.0,1.6786628014575744,0.512642559839316,1.1584593466308626,0.8601036911186843,-0.38358877953428583,0.6075207890444827
USA,United States,North America,High income,2022,2,10,0,4.884553229009827,77.4341463414634,92.72850037,80.0324978239707,3.65,100.0,1.7400432571820132,0.6511295966234415,1.209198429615795,0.8612269020624477,-0.6695674498860503,0.6075207890444827
USA,United States,North America,High income,2023,2,10,0,4.908657962953198,78.3853658536585,93.52559662,80.071561119178,3.638,100.0,1.778790529093647,0.7703568468349351,1.2368978890335014,0.8629804601605399,-0.6715873110068397,0.6075207890444827
UZB,Uzbekistan,Europe & Central Asia,Lower middle income,2014,7,6,1,3.427317752984421,70.973,35.5,50.8868713378906,5.09,99.8,-0.6023970021249241,-0.15871997188365972,-0.7795181444930583,-0.4471253267348358,-0.42718411539132356,0.5998085139121585
UZB,Uzbekistan,Europe & Central Asia,Lower middle income,2015,7,6,1,3.4476525631249664,71.33,42.79999924,50.6597328186035,5.15,99.9,-0.5697097125809615,-0.11397306774659109,-0.5258398306160731,-0.4573216142669263,-0.4170848097873765,0.6036646514783208
UZB,Uzbekistan,Europe & Central Asia,Lower middle income,2016,7,7,1,3.439866076847811,71.58,46.79130173,50.6572189331055,5.16,99.9,-0.5822261378493726,-0.0826377007038259,-0.38714024277389497,-0.4574344630230107,-0.41540159218671874,0.6036646514783208
UZB,Uzbekistan,Europe & Central Asia,Lower middle income,2017,7,7,1,3.34056389927112,71.737,48.6999988524556,50.6787376403809,5.83,100.0,-0.7418499065671966,-0.06295909020096979,-0.32081214439913536,-0.456468484520608,-0.30262601294264446,0.6075207890444827
UZB,Uzbekistan,Europe & Central Asia,Lower middle income,2018,8,8,5,3.258418238723965,71.999,55.2000006732722,50.5814971923828,5.392,100.0,-0.8738953484732949,-0.030119625540151802,-0.09493410689647808,-0.460833625099361,-0.3763509438514571,0.6075207890444827
UZB,Uzbekistan,Europe & Central Asia,Lower middle income,2019,8,9,5,3.309924878274247,72.093,70.3999986481458,50.5920104980469,4.936,100.0,-0.7911007500098624,-0.018337527532071046,0.43327277784828333,-0.4603616809843759,-0.453105666441454,0.6075207890444827
UZB,Uzbekistan,Europe & Central Asia,Lower middle income,2020,8,9,5,3.296287874240646,71.461,71.09999824,50.7670402526855,5.293,100.0,-0.8130216185243766,-0.0975533354161821,0.4575980839665554,-0.45250456493656627,-0.39301479809796963,0.6075207890444827
UZB,Uzbekistan,Europe & Central Asia,Lower middle income,2021,8,9,5,3.353823871751321,71.681,76.59043014,50.9269905090332,5.364,99.9,-0.720535099258468,-0.06997821241854886,0.648393104768285,-0.4453243701828468,-0.3810639531332991,0.6036646514783208
UZB,Uzbekistan,Europe & Central Asia,Lower middle income,2022,8,9,5,3.4113952446326232,72.147,83.90000012,50.9847412109375,4.456,100.0,-0.6279917156808489,-0.011569088250833507,0.9024040062395886,-0.44273193115645704,-0.5339001112730295,0.6075207890444827
UZB,Uzbekistan,Europe & Central Asia,Lower middle income,2023,8,9,5,3.4592369572941513,72.388,89.01361047,50.9964841114568,4.434,100.0,-0.5510883217844709,0.018638205578392103,1.0801043057552226,-0.44220479031512666,-0.5376031899944768,0.6075207890444827
VCT,St. Vincent and the Grenadines,Latin America & Caribbean,Upper middle income,2014,2,2,4,3.8554482062293816,70.355,47.4,46.5579930468544,19.237,98.1,0.08580337894982126,-0.23618099921337465,-0.3659876993671319,-0.6414494241418466,1.9540638242593011,0.5342541752874037
VCT,St. Vincent and the Grenadines,Latin America & Caribbean,Upper middle income,2015,2,2,4,3.866508008635597,70.463,49.40000153,46.6845638727475,19.135,99.4,0.10358151216337716,-0.22264412065090136,-0.2964867310517173,-0.6357676378115015,1.936895004732592,0.5843839636475107
VCT,St. Vincent and the Grenadines,Latin America & Caribbean,Upper middle income,2016,2,2,4,3.8840529995167192,70.7,51.5,46.8116589511271,19.029,99.7,0.13178429315880558,-0.19293819269435883,-0.223510823315342,-0.6300623176960966,1.9190528981656185,0.5959523763459967
VCT,St. Vincent and the Grenadines,Latin America & Caribbean,Upper middle income,2017,2,2,4,3.9024404728761586,71.013,53.70000076,46.9392900518098,19.024,100.0,0.1613413267149483,-0.1537063131568165,-0.14705979024305818,-0.6243329354465226,1.9182112893652898,0.6075207890444827
VCT,St. Vincent and the Grenadines,Latin America & Caribbean,Upper middle income,2018,2,2,4,3.925731059418523,71.017,56.0,47.0674689446123,19.005,100.0,0.19877989342381647,-0.15320494728413342,-0.06713376423410929,-0.6185789627136662,1.9150131759240396,0.6075207890444827
VCT,St. Vincent and the Grenadines,Latin America & Caribbean,Upper middle income,2019,2,2,4,3.941540960292339,70.994,59.57630157,47.1962073993512,19.248,100.0,0.2241935955411212,-0.15608780105206735,0.057144351744600745,-0.6127998711484187,1.9559153636200253,0.6075207890444827
VCT,St. Vincent and the Grenadines,Latin America & Caribbean,Upper middle income,2020,2,2,4,3.9217490530911876,69.605,63.38100052,47.3255171858432,20.635,100.0,0.19237899796977082,-0.33018710034167026,0.18935938118692397,-0.6069951324016667,2.1893776448312656,0.6075207890444827
VCT,St. Vincent and the Grenadines,Latin America & Caribbean,Upper middle income,2021,2,2,4,3.936578029401176,69.132,68.83339691,47.4554100739049,20.356,100.0,0.21621590812211483,-0.3894736147865819,0.3788326506121086,-0.6011642181243015,2.1424158737729124,0.6075207890444827
VCT,St. Vincent and the Grenadines,Latin America & Caribbean,Upper middle income,2022,2,2,4,3.9864832435764646,71.191,74.75479889,47.585897833353,19.277,100.0,0.29643628757127183,-0.13139553182236802,0.5846040788943726,-0.5953065999672095,1.9607966946619328,0.6075207890444827
VCT,St. Vincent and the Grenadines,Latin America & Caribbean,Upper middle income,2023,2,2,4,4.024582764455065,71.23,75.53679657,47.7169922340041,18.348,100.0,0.35767954786421796,-0.12650721456369646,0.6117788560958721,-0.5894217495812818,1.8044257795608205,0.6075207890444827
VEN,"Venezuela, RB",Latin America & Caribbean,Not classified,2014,4,7,5,3.851027100041713,72.837,57.0,88.9163913525251,6.821,100.0,0.07869665028788086,0.07491652478719817,-0.03238330666050201,1.2600264236315981,-0.13581914871745407,0.6075207890444827
VEN,"Venezuela, RB",Latin America & Caribbean,Not classified,2015,4,7,5,3.613116176534599,73.004,58.0,88.9539804079292,6.139,100.0,-0.30373442178014537,0.0958485499717655,0.002367150913105268,1.261713802849191,-0.25061458908231765,0.6075207890444827
VEN,"Venezuela, RB",Latin America & Caribbean,Not classified,2016,4,7,5,3.5646846874512454,72.002,60.0,88.9914428378712,5.319,99.4,-0.3815858546566356,-0.029743601135638606,0.07186806606031981,1.2633954978278252,-0.38863843233625933,0.5843839636475107
VEN,"Venezuela, RB",Latin America & Caribbean,Not classified,2019,4,6,5,3.401936658607334,72.766,49.05009842,89.1030100517924,5.89,99.8,-0.6431959658286602,0.0660172805470531,-0.3086460242306455,1.2684037694141028,-0.29252670733869757,0.5998085139121585
VEN,"Venezuela, RB",Latin America & Caribbean,Not classified,2020,3,5,5,3.177837550939729,72.369,72.44110107,89.1399056567545,7.53,99.9,-1.0034251672938364,0.016256717683141263,0.5042020209623149,1.2700600195210627,-0.016479020830814192,0.6036646514783208
VEN,"Venezuela, RB",Latin America & Caribbean,Not classified,2021,3,5,5,3.3021000763019286,71.536,74.11219788,89.1766444746891,7.027,100.0,-0.8036787660289727,-0.08815272530335218,0.5622733997596102,1.271709231431161,-0.1011448661439028,0.6075207890444827
VEN,"Venezuela, RB",Latin America & Caribbean,Not classified,2022,4,7,5,3.499005154730698,72.566,75.82180023,89.2132204732836,5.646,100.0,-0.48716273923585474,0.04094898691284058,0.6216828636910244,1.273351134352838,-0.33359721679474846,0.6075207890444827
VEN,"Venezuela, RB",Latin America & Caribbean,Not classified,2023,4,7,5,3.5584008497732698,72.514,76.33190155,89.249627620225,5.407,100.0,-0.3916868401198686,0.03443123056794458,0.6394091179699256,1.274985457494517,-0.37382611745047045,0.6075207890444827
VIR,Virgin Islands (U.S.),Latin America & Caribbean,High income,2014,1,7,0,4.5191105450452165,78.8682926829268,50.07,94.8797070702488,11.871,100.0,1.1526106359815667,0.83088760463462,-0.2732039776456004,1.5277207006454052,0.7142057396147476,0.6075207890444827
VIR,Virgin Islands (U.S.),Latin America & Caribbean,High income,2015,1,7,0,4.531572828704834,79.0170731707317,54.839137296,94.9413319098685,11.649,100.0,1.1726431945127471,0.8495359694112927,-0.1074742743782444,1.5304870503858787,0.6768383088801437,0.6075207890444827
VIR,Virgin Islands (U.S.),Latin America & Caribbean,High income,2016,1,7,0,4.5480818617805525,79.1682926829268,59.60831579895,94.9941093874829,11.734,100.0,1.1991807200911584,0.8684900450859379,0.05825686084947961,1.532856240511199,0.6911456584857354,0.6075207890444827
VIR,Virgin Islands (U.S.),Latin America & Caribbean,High income,2017,1,7,0,4.548574513494543,79.3682926829268,64.3774942980087,95.0366785523929,11.445,100.0,1.1999726354868883,0.8935583387201504,0.22398799594197888,1.5347671777084024,0.6425006698267243,0.6075207890444827
VNM,Viet Nam,East Asia & Pacific,Lower middle income,2014,9,8,1,3.405924006705463,73.886,41.0,31.9480269945454,1.256,99.2,-0.6367864837191503,0.20639972489863997,-0.5883906278382184,-1.2972933345933995,-1.0725297434835335,0.5766716885151865
VNM,Viet Nam,East Asia & Pacific,Lower middle income,2015,9,8,1,3.4112102752175444,73.955,45.0,32.3810945365679,1.848,99.3,-0.628289045667491,0.2150482862024435,-0.4493887975437893,-1.2778528575085955,-0.9728832615245904,0.5805278260813483
VNM,Viet Nam,East Asia & Pacific,Lower middle income,2016,9,8,1,3.4369669276047166,73.984,53.0,32.8476189285136,1.848,99.2,-0.5868863894123434,0.21868318877940382,-0.1713851369549311,-1.256910496627042,-0.9728832615245904,0.5766716885151865
VNM,Viet Nam,East Asia & Pacific,Lower middle income,2017,9,8,1,3.47072057901802,74.026,58.1400000036297,33.3625963003742,1.874,100.0,-0.5326289181457329,0.22394753044258855,0.007232215099544076,-1.233793073072061,-0.9685068957628798,0.6075207890444827
VNM,Viet Nam,East Asia & Pacific,Lower middle income,2018,9,9,5,3.5081673232914907,74.1,69.8479286837965,33.9410227821412,1.161,100.0,-0.47243496678421626,0.23322279908724683,0.4140880939745001,-1.207827407966984,-1.088520310689783,0.6075207890444827
VNM,Viet Nam,East Asia & Pacific,Lower middle income,2019,9,9,5,3.5366720832945853,74.211,68.6615802057338,34.6239134999511,1.681,99.4,-0.4266148515649195,0.2471357020542351,0.37286194152006874,-1.1771723251847257,-1.000992995455576,0.5843839636475107
VNM,Viet Nam,East Asia & Pacific,Lower middle income,2020,9,9,5,3.548271403592064,75.383,70.30000012,35.5706676299742,2.103,99.8,-0.40796946769084724,0.394035902750718,0.4297977832385299,-1.1346723680563258,-0.9299612127078158,0.5998085139121585
VNM,Viet Nam,East Asia & Pacific,Lower middle income,2021,9,9,5,3.568693672235317,74.145,74.20999985,36.6540656426603,2.383,100.0,-0.37514159255098667,0.23886316515494477,0.5656720629687106,-1.0860384433318262,-0.8828311198893967,0.6075207890444827
VNM,Viet Nam,East Asia & Pacific,Lower middle income,2022,9,10,5,3.617807103388296,74.502,78.58999918,37.5478515625,1.57,100.0,-0.29619396857519453,0.2836100692920134,0.717879043858304,-1.0459162383468552,-1.019676710822878,0.6075207890444827
VNM,Viet Nam,East Asia & Pacific,Lower middle income,2023,9,10,5,3.6358204277155877,74.588,78.08,38.1298904418945,1.645,99.8,-0.26723836270201917,0.29438943555472447,0.7001563389911393,-1.0197884120856435,-1.0070525788179443,0.5998085139121585
VUT,Vanuatu,East Asia & Pacific,Lower middle income,2014,9,3,3,3.4732080948651065,70.043,18.79999924,24.8549637694775,5.137,49.1,-0.5286303486888785,-0.27528753728274535,-1.3598508123826476,-1.6157021731870682,-0.4192729926682318,-1.3552532321319954
VUT,Vanuatu,East Asia & Pacific,Lower middle income,2015,9,3,3,3.455590006533438,70.163,22.35140038,24.8626945764242,5.168,52.3,-0.5569506305370032,-0.2602465611022192,-1.2364379977402171,-1.6153551359221823,-0.41405501810619244,-1.2318568300148103
WSM,Samoa,East Asia & Pacific,Upper middle income,2014,9,6,1,3.6001755006156984,71.142,21.20000076,19.3126679480432,8.72,97.9,-0.3245359742771754,-0.13753726376275083,-1.2764496613852945,-1.8644967940229125,0.18382387364746702,0.5265419001550801
YEM,"Yemen, Rep.","Middle East, North Africa, Afghanistan & Pakistan",Low income,2014,5,1,2,3.155385905469478,68.003,22.54999924,31.8626162180918,13.467,66.1,-1.0395151740926318,-0.5309841323517102,-1.2295365964816205,-1.3011274391644487,0.9828472686797365,-0.699709845884449
YEM,"Yemen, Rep.","Middle East, North Africa, Afghanistan & Pakistan",Low income,2015,4,1,2,3.1342325266681312,66.761,24.08539963,32.3883178702702,17.9,67.4,-1.0735182758149375,-0.6866582358201683,-1.1761807303704253,-1.277528600805681,1.7290176310513499,-0.649580057524342
YEM,"Yemen, Rep.","Middle East, North Africa, Afghanistan & Pakistan",Low income,2016,4,1,2,2.9891646813988473,67.105,24.57920074,32.9512008005236,18.42,68.9,-1.3067082898382825,-0.6435407707693223,-1.15902091584757,-1.25226068842436,1.8165449462855574,-0.5917379940319114
ZAF,South Africa,Sub-Saharan Africa,Upper middle income,2014,2,0,2,3.8361171352594354,63.184,49.0,63.1352327065742,24.89,85.9,0.0547295548215292,-1.1350046674680525,-0.3103869672493602,0.10270573980563914,2.9055867339111696,0.06380539221563533
ZAF,South Africa,Sub-Saharan Africa,Upper middle income,2015,2,0,2,3.786202802040438,64.053,51.91910172,63.2096349937231,25.149,85.3,-0.025505483078826587,-1.0260829316274007,-0.20894684677545616,0.10604567138217841,2.949182069768207,0.040668566818662766
ZAF,South Africa,Sub-Saharan Africa,Upper middle income,2016,2,0,2,3.7521411272608547,64.749,54.0,63.2750973439347,26.536,83.9,-0.08025808800492602,-0.9388452697803427,-0.13663467938132381,0.10898428763880838,3.1826443509794475,-0.013317359107605464
ZAF,South Africa,Sub-Saharan Africa,Upper middle income,2017,1,0,4,3.820748751464136,65.422,56.16740036,63.3311078299936,27.035,84.4,0.030025571481253666,-0.8544904617012185,-0.06131652512612262,0.11149860807402612,3.2666369092522736,0.005963328723204735
ZAF,South Africa,Sub-Saharan Africa,Upper middle income,2018,1,0,4,3.8397405579133896,65.726,62.40000153,63.3771545246841,26.906,84.7,0.06055404320432448,-0.8163866553772157,0.15526921740517727,0.11356565218631653,3.2449234022037867,0.017531741421690745
ZAF,South Africa,Sub-Saharan Africa,Upper middle income,2019,1,0,4,3.815159934771731,66.071,69.69689941,63.4127255007908,28.468,85.0,0.021041800884423055,-0.7731438488581999,0.40883975760306224,0.11516243947417669,3.50784199142654,0.029100154120176754
ZAF,South Africa,Sub-Saharan Africa,Upper middle income,2020,1,0,4,3.7466811928758608,65.15,72.1128006,63.4373088310982,29.217,90.0,-0.08903468610935006,-0.8885833410437459,0.49279342940818455,0.1162659894361001,3.63391498971581,0.22190703242827872
ZAF,South Africa,Sub-Saharan Africa,Upper middle income,2021,1,0,4,3.8343416107488864,62.01,74.96859741,63.4503925883909,34.007,89.3,0.05187547930434498,-1.2821555511008778,0.5920336752929326,0.11685332157058413,4.440176220430908,0.19491406946514434
ZAF,South Africa,Sub-Saharan Africa,Upper middle income,2022,1,0,4,3.8151956586603766,65.454,78.29319763,63.4766699210327,33.268,86.5,0.02109922542311903,-0.8504795347197449,0.7075650541872478,0.11803291559115432,4.315786439742295,0.08694221761260734
ZAF,South Africa,Sub-Saharan Africa,Upper middle income,2023,1,0,4,3.7806248889294567,66.139,78.33670044,63.5823705163545,32.098,87.7,-0.034471726660622704,-0.764620629022568,0.7090767967404857,0.12277783365083388,4.118849980465329,0.13321586840655195
ZMB,Zambia,Sub-Saharan Africa,Lower middle income,2014,7,1,3,3.232357083179635,60.109,6.5,41.5634741658525,6.576,27.9,-0.9157874798106422,-1.520429682094064,-1.7872814141276694,-0.8656542430998423,-0.17705797993357078,-2.1727543961583478
ZMB,Zambia,Sub-Saharan Africa,Lower middle income,2015,7,1,3,3.1125640790135396,60.728,8.8,41.9555104679652,5.951,31.1,-1.108349327472587,-1.4428433132961773,-1.7073553617083728,-0.8480556654922012,-0.28225907997468486,-2.0493579940411624
ZMB,Zambia,Sub-Saharan Africa,Lower middle income,2016,7,2,3,3.0931011972782554,61.129,10.30000019,42.3442476889162,5.244,35.4,-1.1396350314572357,-1.3925813845595825,-1.6552296687453747,-0.8306051842101945,-0.40126256434119306,-1.883544078696195
ZMB,Zambia,Sub-Saharan Africa,Lower middle income,2017,7,2,3,3.1712775306684833,61.564,12.19999981,42.7295979877011,4.529,40.3,-1.0139701038109927,-1.3380578459051706,-1.5892038125606947,-0.813306742451747,-0.5216126227882275,-1.694593337954255
ZMB,Zambia,Sub-Saharan Africa,Lower middle income,2018,7,2,3,3.165511404423752,62.138,14.2999970950012,43.1114735233156,5.032,40.2,-1.0232388915107988,-1.266111843174982,-1.5162279460035701,-0.7961642834147791,-0.4369467774751389,-1.698449475520417
ZMB,Zambia,Sub-Saharan Africa,Lower middle income,2019,7,2,3,3.10002096920858,62.914,14.47189999,43.4897864547552,5.538,43.0,-1.1285118103845342,-1.1688468638742384,-1.5102542417441343,-0.7791817502972211,-0.3517759668818529,-1.59047762366788
ZMB,Zambia,Sub-Saharan Africa,Lower middle income,2020,7,2,3,2.978474658282202,63.361,14.64579964,43.8644489410157,6.032,44.6,-1.3238920195328479,-1.1128192276017748,-1.5042111493347439,-0.7623630862969885,-0.2686250174093564,-1.5287794226092872
ZMB,Zambia,Sub-Saharan Africa,Lower middle income,2021,7,2,3,3.051985868428033,62.363,14.82190037,44.2353731410926,5.197,46.7,-1.2057260669541818,-1.237910012836493,-1.4980915683881977,-0.7457122346120114,-0.40917368706428475,-1.4478005337198843
ZMB,Zambia,Sub-Saharan Africa,Lower middle income,2022,6,2,3,3.1605054765068874,65.279,15.0,44.5988511178469,5.993,47.8,-1.0312856947080655,-0.8724142916496802,-1.4919025247520075,-0.7293956451836683,-0.27518956605192185,-1.405383020492102
ZMB,Zambia,Sub-Saharan Africa,Lower middle income,2023,6,2,3,3.12408923162611,66.349,16.45070076,45.0285853521585,5.861,51.1,-1.089823164804646,-0.7382989207066443,-1.4414900095396275,-0.710104800860229,-0.29740803838060526,-1.2781304808087546
ZWE,Zimbabwe,Sub-Saharan Africa,Lower middle income,2014,7,1,3,3.137643732795342,58.106,16.3647399572904,33.1628075970801,4.774,32.3,-1.0680349159210603,-1.7714886428406986,-1.444477186767181,-1.2427616226199045,-0.4803737915721108,-2.003084343247218
ZWE,Zimbabwe,Sub-Saharan Africa,Lower middle income,2015,7,1,3,3.1421160141842184,58.989,22.74279976,33.5612641766874,5.399,33.7,-1.0608459254328333,-1.6608121264456526,-1.2228366901911911,-1.2248748376418175,-0.3751726915309967,-1.9490984173209494
ZWE,Zimbabwe,Sub-Saharan Africa,Lower middle income,2016,7,2,3,3.1486456665015075,59.76,23.12000084,34.0799460726314,5.896,42.5,-1.0503498040310868,-1.5641738544857646,-1.209728780063932,-1.201591117358116,-0.29151677677830284,-1.60975831149869
ZWE,Zimbabwe,Sub-Saharan Africa,Lower middle income,2017,6,2,3,3.537245877518245,60.263,24.39999962,34.7014953017273,6.35,44.0,-0.4256925032470453,-1.501127095995721,-1.165248236765273,-1.1736896646450226,-0.21509869770843762,-1.5519162480062594
ZWE,Zimbabwe,Sub-Saharan Africa,Lower middle income,2018,6,2,3,3.356197115047525,60.906,25.0,35.4085538807905,6.788,45.4,-0.7167202177697733,-1.4205325319617288,-1.1443979490159348,-1.1419496823787503,-0.1413737667996248,-1.4979303220799909
ZWE,Zimbabwe,Sub-Saharan Africa,Lower middle income,2019,6,2,3,3.3393180991018343,61.06,26.5883007,36.1837638266364,7.373,46.7,-0.7438524741134837,-1.401229945863385,-1.0892037729264539,-1.1071503734355126,-0.04290553716114205,-1.4478005337198843
ZWE,Zimbabwe,Sub-Saharan Africa,Lower middle income,2020,6,2,3,3.313798582470405,61.53,29.29856532,37.0097671560802,8.617,52.7,-0.784873945343759,-1.3423194558229865,-0.9950208372358952,-1.0700709406915325,0.16648673236069148,-1.2164322797501619
ZWE,Zimbabwe,Sub-Saharan Africa,Lower middle income,2021,6,2,3,3.4172400222312747,60.135,32.5923996,37.8692058859373,9.54,49.0,-0.6185964994793338,-1.5171708039216167,-0.880558588834262,-1.0314905870230233,0.3218477169014084,-1.3591093696981575
ZWE,Zimbabwe,Sub-Saharan Africa,Lower middle income,2022,5,2,2,3.404217830509257,62.36,36.25650024,38.7055207169041,10.087,50.1,-0.6395290849508777,-1.2382860372410063,-0.7532294149985146,-0.993948269186959,0.41391971965739155,-1.3166918564703751
ZWE,Zimbabwe,Sub-Saharan Africa,Lower middle income,2023,5,2,2,3.3414790242841343,62.775,38.67480087,39.2919370795795,9.348,62.0,-0.7403788844104825,-1.1862693279500163,-0.669192361555472,-0.9676239369419141,0.28952993896877843,-0.8578114860970923
