country_code,year,country_name,region,income_level,capital_city,latitude,longitude,gdp_per_capita,life_expectancy,internet_users_pct,urban_population_pct,unemployment_pct,electricity_access_pct,co2_mt_total,population,co2_tons_per_capita,core_feature_count,core_features_complete
ABW,2014,Aruba,Latin America & Caribbean,High income,Oranjestad,12.5167,-70.0167,26129.8390617693,75.261,83.78,63.4392531303795,,100.0,,106807.0,,5,False
ABW,2015,Aruba,Latin America & Caribbean,High income,Oranjestad,12.5167,-70.0167,27458.2201537506,75.405,88.661226932496,63.2288374043053,,100.0,,107906.0,,5,False
ABW,2016,Aruba,Latin America & Caribbean,High income,Oranjestad,12.5167,-70.0167,27441.5502144601,75.54,93.542453865048,63.0077880571142,,100.0,,108727.0,,5,False
ABW,2017,Aruba,Latin America & Caribbean,High income,Oranjestad,12.5167,-70.0167,28440.0416881491,75.62,97.17,62.7768488886109,,100.0,,108735.0,,5,False
ABW,2018,Aruba,Latin America & Caribbean,High income,Oranjestad,12.5167,-70.0167,30082.1584226798,75.88,,62.5367636985996,,100.0,,108908.0,,4,False
ABW,2019,Aruba,Latin America & Caribbean,High income,Oranjestad,12.5167,-70.0167,30645.8906024548,76.019,,62.288276286885,,100.0,,109203.0,,4,False
ABW,2020,Aruba,Latin America & Caribbean,High income,Oranjestad,12.5167,-70.0167,22759.8071750722,75.406,,62.0028837566365,,100.0,,108587.0,,4,False
ABW,2021,Aruba,Latin America & Caribbean,High income,Oranjestad,12.5167,-70.0167,26749.3296093118,73.655,,61.9275339886843,,100.0,,107700.0,,4,False
ABW,2022,Aruba,Latin America & Caribbean,High income,Oranjestad,12.5167,-70.0167,30975.9989121779,76.226,,61.8811657924257,,99.9,,107310.0,,4,False
ABW,2023,Aruba,Latin America & Caribbean,High income,Oranjestad,12.5167,-70.0167,35718.7531191634,76.353,,61.8351492675589,,100.0,,107359.0,,4,False
AFG,2014,Afghanistan,"Middle East, North Africa, Afghanistan & Pakistan",Low income,Kabul,34.5228,69.1761,625.054941813938,62.26,7.0,24.1910166387726,7.915,89.5,7.81,32792523.0,0.23816404733481472,6,True
AFG,2015,Afghanistan,"Middle East, North Africa, Afghanistan & Pakistan",Low income,Kabul,34.5228,69.1761,565.569730408751,62.27,8.260000229,24.4649118421568,9.032,71.5,7.99,33831764.0,0.23616858996770018,6,True
AFG,2016,Afghanistan,"Middle East, North Africa, Afghanistan & Pakistan",Low income,Kabul,34.5228,69.1761,522.082215583898,62.646,11.0,24.6588345720126,10.116,97.7,7.39,34700612.0,0.21296454368009418,6,True
AFG,2017,Afghanistan,"Middle East, North Africa, Afghanistan & Pakistan",Low income,Kabul,34.5228,69.1761,525.469770891619,62.406,13.5,24.8352821238871,11.184,97.7,7.38,35688935.0,0.2067867813931685,6,True
AFG,2018,Afghanistan,"Middle East, North Africa, Afghanistan & Pakistan",Low income,Kabul,34.5228,69.1761,491.337221382603,62.443,16.79999924,24.9991645191406,11.192,93.4,7.44,36743039.0,0.2024873337232666,6,True
AFG,2019,Afghanistan,"Middle East, North Africa, Afghanistan & Pakistan",Low income,Kabul,34.5228,69.1761,496.6025042585,62.941,17.60000038,25.1437258839803,11.187,97.7,,37856121.0,,6,True
AFG,2020,Afghanistan,"Middle East, North Africa, Afghanistan & Pakistan",Low income,Kabul,34.5228,69.1761,510.787063366811,61.454,17.04850006,25.2622103446137,11.71,97.7,,39068979.0,,6,True
AFG,2021,Afghanistan,"Middle East, North Africa, Afghanistan & Pakistan",Low income,Kabul,34.5228,69.1761,356.496214115892,60.417,16.51429939,25.3478620272481,12.006,97.7,,40000412.0,,6,True
AFG,2022,Afghanistan,"Middle East, North Africa, Afghanistan & Pakistan",Low income,Kabul,34.5228,69.1761,357.261152798144,65.617,15.86629963,25.3939250580909,14.1,85.3,,40578842.0,,6,True
AFG,2023,Afghanistan,"Middle East, North Africa, Afghanistan & Pakistan",Low income,Kabul,34.5228,69.1761,413.757894705303,66.035,15.92840004,25.4730529631167,14.008,85.3,,41454761.0,,6,True
AGO,2014,Angola,Sub-Saharan Africa,Lower middle income,Luanda,-8.81155,13.242,5649.68762469139,60.396,21.3623407584103,62.723115793241,16.372,32.0,34.63,27160769.0,1.2750007188677168,6,True
AGO,2015,Angola,Sub-Saharan Africa,Lower middle income,Luanda,-8.81155,13.242,3641.72893919944,61.042,22.0,63.51567832685,16.472,42.0,35.16,28157798.0,1.2486771870442426,6,True
AGO,2016,Angola,Sub-Saharan Africa,Lower middle income,Luanda,-8.81155,13.242,2051.81462126253,61.619,23.20000076,64.2992302517989,16.572,41.8,35.41,29183070.0,1.213374740902859,6,True
AGO,2017,Angola,Sub-Saharan Africa,Lower middle income,Luanda,-8.81155,13.242,2790.71886869768,62.122,26.0,65.0850525086068,16.617,42.9,30.84,30234839.0,1.0200153538108803,6,True
AGO,2018,Angola,Sub-Saharan Africa,Lower middle income,Luanda,-8.81155,13.242,2860.0936483682,62.622,29.0,65.8732136723372,16.602,45.3,27.34,31297155.0,0.8735618301407908,6,True
AGO,2019,Angola,Sub-Saharan Africa,Lower middle income,Luanda,-8.81155,13.242,2493.67884440177,63.051,32.12939835,66.6637823180533,16.497,45.6,,32375632.0,,6,True
AGO,2020,Angola,Sub-Saharan Africa,Lower middle income,Luanda,-8.81155,13.242,1759.35619918264,63.116,33.32089996,67.4568270208187,16.696,47.0,,33451132.0,,6,True
AGO,2021,Angola,Sub-Saharan Africa,Lower middle income,Luanda,-8.81155,13.242,2303.90812662776,62.958,34.55649948,68.2524163556969,15.799,48.2,,34532429.0,,6,True
AGO,2022,Angola,Sub-Saharan Africa,Lower middle income,Luanda,-8.81155,13.242,3682.1131513698,64.246,35.83800125,69.0506188977513,14.124,48.5,,35635029.0,,6,True
AGO,2023,Angola,Sub-Saharan Africa,Lower middle income,Luanda,-8.81155,13.242,2916.13663284275,64.617,37.88589859,69.8515032220457,14.051,51.1,,36749906.0,,6,True
ALB,2014,Albania,Europe & Central Asia,Upper middle income,Tirane,41.3317,19.8172,4793.59751131525,78.029,54.29999924,54.7325813178673,18.055,100.0,5.22,2773767.0,1.8819172626972633,6,True
ALB,2015,Albania,Europe & Central Asia,Upper middle income,Tirane,41.3317,19.8172,4199.53912925398,78.358,56.90000153,55.1579291374894,17.193,100.0,5.07,2731293.0,1.8562636817067961,6,True
ALB,2016,Albania,Europe & Central Asia,Upper middle income,Tirane,41.3317,19.8172,4457.63412207495,78.643,59.59999847,55.5738734464276,15.418,99.9,4.93,2689469.0,1.8330755996815729,6,True
ALB,2017,Albania,Europe & Central Asia,Upper middle income,Tirane,41.3317,19.8172,5006.36012951959,78.9,62.40000153,55.980276426546,13.616,99.9,5.6,2648285.0,2.1145760369446642,6,True
ALB,2018,Albania,Europe & Central Asia,Upper middle income,Tirane,41.3317,19.8172,5897.65452588774,79.238,65.40000153,56.377000259892,12.304,100.0,5.56,2607733.0,2.132120121193389,6,True
ALB,2019,Albania,Europe & Central Asia,Upper middle income,Tirane,41.3317,19.8172,6069.43903131027,79.467,68.5503911218006,56.7639071287255,11.466,100.0,,2567801.0,,6,True
ALB,2020,Albania,Europe & Central Asia,Upper middle income,Tirane,41.3317,19.8172,6027.91350716348,77.824,72.23767711,57.1408592155544,11.639,100.0,,2528480.0,,6,True
ALB,2021,Albania,Europe & Central Asia,Upper middle income,Tirane,41.3317,19.8172,7242.45513146613,76.844,79.32371752,57.5077187031778,11.474,100.0,,2489762.0,,6,True
ALB,2022,Albania,Europe & Central Asia,Upper middle income,Tirane,41.3317,19.8172,7756.96188744253,78.769,82.61367544,57.8643477747383,10.785,100.0,,2451636.0,,6,True
ALB,2023,Albania,Europe & Central Asia,Upper middle income,Tirane,41.3317,19.8172,9730.86921906893,79.602,83.13559161,58.2106086137857,10.669,100.0,,2414095.0,,6,True
AND,2014,Andorra,Europe & Central Asia,High income,Andorra la Vella,42.5075,1.5218,44369.6712976777,84.485,86.09999847,88.544042920911,,100.0,0.46,73737.0,6.238387783609314,5,False
AND,2015,Andorra,Europe & Central Asia,High income,Andorra la Vella,42.5075,1.5218,38654.95287916,84.532,87.90000153,88.5180850122057,,100.0,0.47,72174.0,6.512040346939341,5,False
AND,2016,Andorra,Europe & Central Asia,High income,Andorra la Vella,42.5075,1.5218,40129.8385811474,84.489,89.69999695,88.5027454634853,,100.0,0.47,72181.0,6.511408819495435,5,False
AND,2017,Andorra,Europe & Central Asia,High income,Andorra la Vella,42.5075,1.5218,40672.9717424447,84.359,91.5674670273926,88.4977035522461,,100.0,0.47,73763.0,6.371758198554831,5,False
AND,2018,Andorra,Europe & Central Asia,High income,Andorra la Vella,42.5075,1.5218,42819.7577456133,84.242,93.5,88.5080998493791,,100.0,0.46,75162.0,6.120113887336686,5,False
AND,2019,Andorra,Europe & Central Asia,High income,Andorra la Vella,42.5075,1.5218,41257.816459345,84.098,90.71869659,88.5391793666245,,100.0,,76474.0,,5,False
AND,2020,Andorra,Europe & Central Asia,High income,Andorra la Vella,42.5075,1.5218,37361.1070081615,79.418,93.20570374,88.5907780427517,,100.0,,77380.0,,5,False
AND,2021,Andorra,Europe & Central Asia,High income,Andorra la Vella,42.5075,1.5218,42425.7066454357,82.331,93.89749908,88.6627318165299,,100.0,,78364.0,,5,False
AND,2022,Andorra,Europe & Central Asia,High income,Andorra la Vella,42.5075,1.5218,42414.0479861228,84.016,94.05169678,88.7548766267286,,100.0,,79705.0,,5,False
AND,2023,Andorra,Europe & Central Asia,High income,Andorra la Vella,42.5075,1.5218,46812.4261013102,84.041,94.21499634,88.8201609217082,,100.0,,80856.0,,5,False
ARE,2014,United Arab Emirates,"Middle East, North Africa, Afghanistan & Pakistan",High income,Abu Dhabi,24.4764,54.3705,52725.2358407934,81.99,90.4000107121939,84.1438806787019,1.999,100.0,183.84,8059440.0,22.810517852356988,6,True
ARE,2015,United Arab Emirates,"Middle East, North Africa, Afghanistan & Pakistan",High income,Abu Dhabi,24.4764,54.3705,44910.334995523,82.076,90.5,84.3284383471193,1.793,100.0,194.04,8505237.0,22.814179075785894,6,True
ARE,2016,United Arab Emirates,"Middle East, North Africa, Afghanistan & Pakistan",High income,Abu Dhabi,24.4764,54.3705,42721.0999383185,82.195,90.6000073180483,84.5093991669984,1.64,100.0,199.46,8935095.0,22.323209770013637,6,True
ARE,2017,United Arab Emirates,"Middle East, North Africa, Afghanistan & Pakistan",High income,Abu Dhabi,24.4764,54.3705,43733.6192287435,82.388,94.8199225383446,84.686675718659,2.462,100.0,208.25,9223225.0,22.57887018911498,6,True
ARE,2018,United Arab Emirates,"Middle East, North Africa, Afghanistan & Pakistan",High income,Abu Dhabi,24.4764,54.3705,47135.3591943971,82.449,98.4500017817194,84.8601805824625,2.236,100.0,200.3,9346701.0,21.430021137939473,6,True
ARE,2019,United Arab Emirates,"Middle East, North Africa, Afghanistan & Pakistan",High income,Abu Dhabi,24.4764,54.3705,45938.6073581994,82.596,99.1499979561243,85.0298263388195,2.331,100.0,,9445785.0,,6,True
ARE,2020,United Arab Emirates,"Middle East, North Africa, Afghanistan & Pakistan",High income,Abu Dhabi,24.4764,54.3705,37991.7492971665,81.936,100.0,85.1955255681984,4.294,100.0,,9401038.0,,6,True
ARE,2021,United Arab Emirates,"Middle East, North Africa, Afghanistan & Pakistan",High income,Abu Dhabi,24.4764,54.3705,44118.5047192771,79.083,100.0,85.3571908511355,3.105,100.0,,9575152.0,,6,True
ARE,2022,United Arab Emirates,"Middle East, North Africa, Afghanistan & Pakistan",High income,Abu Dhabi,24.4764,54.3705,50759.7589231191,80.487,100.0,85.5147347682487,2.872,100.0,,10074977.0,,6,True
ARE,2023,United Arab Emirates,"Middle East, North Africa, Afghanistan & Pakistan",High income,Abu Dhabi,24.4764,54.3705,49850.6872175164,82.909,100.0,85.6680699002526,2.151,100.0,,10483751.0,,6,True
ARG,2014,Argentina,Latin America & Caribbean,Upper middle income,Buenos Aires,-34.6118,-58.4173,12233.1444119186,76.268,64.69999695,91.3975345472954,7.268,100.0,179.91,43024071.0,4.181612660503466,6,True
ARG,2015,Argentina,Latin America & Caribbean,Upper middle income,Buenos Aires,-34.6118,-58.4173,13679.6264980954,76.6,68.0430641088122,91.4923019108628,7.577,99.7,186.09,43477012.0,4.280192944262131,6,True
ARG,2016,Argentina,Latin America & Caribbean,Upper middle income,Buenos Aires,-34.6118,-58.4173,12699.9623137756,76.105,70.9689808206024,91.5856817228217,8.088,99.9,184.28,43900313.0,4.197692166796168,6,True
ARG,2017,Argentina,Latin America & Caribbean,Upper middle income,Buenos Aires,-34.6118,-58.4173,14532.5009308511,76.543,74.2949068657957,91.6776028433824,8.347,100.0,180.12,44288894.0,4.06693380060473,6,True
ARG,2018,Argentina,Latin America & Caribbean,Upper middle income,Buenos Aires,-34.6118,-58.4173,11752.7998922979,76.77,77.7,91.7679941327998,9.22,100.0,177.41,44654882.0,3.972913868633669,6,True
ARG,2019,Argentina,Latin America & Caribbean,Upper middle income,Buenos Aires,-34.6118,-58.4173,9955.97478680428,76.847,79.9469520347551,91.8567844513802,9.843,100.0,,44973465.0,,6,True
ARG,2020,Argentina,Latin America & Caribbean,Upper middle income,Buenos Aires,-34.6118,-58.4173,8535.59938004389,75.878,85.51438646,91.9439026594897,11.461,100.0,,45191965.0,,6,True
ARG,2021,Argentina,Latin America & Caribbean,Upper middle income,Buenos Aires,-34.6118,-58.4173,10738.0179223384,73.948,87.15070683,92.0292776175651,8.736,100.0,,45312281.0,,6,True
ARG,2022,Argentina,Latin America & Caribbean,Upper middle income,Buenos Aires,-34.6118,-58.4173,13962.1894087223,75.806,88.37535691,92.112838186126,6.805,100.0,,45407904.0,,6,True
ARG,2023,Argentina,Latin America & Caribbean,Upper middle income,Buenos Aires,-34.6118,-58.4173,14261.8465667948,77.395,89.22897166,92.1945132257907,6.139,100.0,,45538401.0,,6,True
ARM,2014,Armenia,Europe & Central Asia,Upper middle income,Yerevan,40.1596,44.509,3852.11800610384,74.8731707317073,54.6228058583362,64.4142934233291,17.498,99.7,5.48,3013800.0,1.818302475280377,6,True
ARM,2015,Armenia,Europe & Central Asia,Upper middle income,Yerevan,40.1596,44.509,3512.39350276709,74.8707317073171,59.1008337674937,64.4929623431549,18.261,100.0,5.34,3004600.0,1.7772748452373028,6,True
ARM,2016,Armenia,Europe & Central Asia,Upper middle income,Yerevan,40.1596,44.509,3524.42476874707,74.8682926829268,64.3460297653742,64.5928753345316,17.617,99.8,5.07,2992300.0,1.694348828660228,6,True
ARM,2017,Armenia,Europe & Central Asia,Upper middle income,Yerevan,40.1596,44.509,3869.05373867752,75.2170731707317,64.7448843250726,64.7124948593667,17.704,99.7,5.32,2979400.0,1.7855944149828824,6,True
ARM,2018,Armenia,Europe & Central Asia,Upper middle income,Yerevan,40.1596,44.509,4196.00562301769,75.619512195122,68.2450522610271,64.8502833795679,18.966,99.9,5.55,2969000.0,1.8693162681037387,6,True
ARM,2019,Armenia,Europe & Central Asia,Upper middle income,Yerevan,40.1596,44.509,4597.22887399548,76.2219512195122,66.5439496866159,65.0047033570428,18.304,100.0,,2962500.0,,6,True
ARM,2020,Armenia,Europe & Central Asia,Upper middle income,Yerevan,40.1596,44.509,4268.68093304583,73.3756097560976,76.50770055,65.174217253699,18.175,100.0,,2961500.0,,6,True
ARM,2021,Armenia,Europe & Central Asia,Upper middle income,Yerevan,40.1596,44.509,4685.17997128509,72.2780487804878,78.61225758,65.3572875314441,15.469,100.0,,2962300.0,,6,True
ARM,2022,Armenia,Europe & Central Asia,Upper middle income,Yerevan,40.1596,44.509,6571.97445545099,74.7658536585366,77.02767465,65.5624462874485,13.451,100.0,,2969200.0,,6,True
ARM,2023,Armenia,Europe & Central Asia,Upper middle income,Yerevan,40.1596,44.509,8159.08720967996,77.4658536585366,79.99663036,65.6956882008852,12.405,100.0,,2964300.0,,6,True
ASM,2014,American Samoa,East Asia & Pacific,High income,Pago Pago,-14.2846,-170.691,12026.3344929488,72.687,,85.0351448001542,,,,53466.0,,3,False
ASM,2015,American Samoa,East Asia & Pacific,High income,Pago Pago,-14.2846,-170.691,12727.4102651386,72.654,,84.668670649093,,,,52878.0,,3,False
ASM,2016,American Samoa,East Asia & Pacific,High income,Pago Pago,-14.2846,-170.691,12843.3342903627,72.64,,84.2862824389061,,,,52245.0,,3,False
ASM,2017,American Samoa,East Asia & Pacific,High income,Pago Pago,-14.2846,-170.691,11863.6839452565,72.801,,83.8890385422071,,,,51586.0,,3,False
ASM,2018,American Samoa,East Asia & Pacific,High income,Pago Pago,-14.2846,-170.691,12552.0546868861,72.794,,83.4779973316097,,,,50908.0,,3,False
ASM,2019,American Samoa,East Asia & Pacific,High income,Pago Pago,-14.2846,-170.691,12886.1359517218,72.751,,83.0542171797274,,,,50209.0,,3,False
ASM,2020,American Samoa,East Asia & Pacific,High income,Pago Pago,-14.2846,-170.691,14489.2586563775,72.672,,82.6240780620716,,,,49761.0,,3,False
ASM,2021,American Samoa,East Asia & Pacific,High income,Pago Pago,-14.2846,-170.691,15236.1604875571,72.708,,82.2127091544092,,,,49225.0,,3,False
ASM,2022,American Samoa,East Asia & Pacific,High income,Pago Pago,-14.2846,-170.691,18017.4589383973,72.752,,81.794797704649,,,,48342.0,,3,False
ASM,2023,American Samoa,East Asia & Pacific,High income,Pago Pago,-14.2846,-170.691,,72.852,,81.3721542708222,,,,47521.0,,2,False
ATG,2014,Antigua and Barbuda,Latin America & Caribbean,High income,Saint John's,17.1175,-61.8456,15532.1062063584,76.912,67.77999878,25.0899726107741,,100.0,0.48,88765.0,5.407536754351377,5,False
ATG,2015,Antigua and Barbuda,Latin America & Caribbean,High income,Saint John's,17.1175,-61.8456,16077.6340769406,76.892,70.0,25.0,,100.0,0.49,89409.0,5.480432618640181,5,False
ATG,2016,Antigua and Barbuda,Latin America & Caribbean,High income,Saint John's,17.1175,-61.8456,16556.8551801588,76.968,70.27159882,24.9239807471655,,100.0,0.5,89969.0,5.557469795151663,5,False
ATG,2017,Antigua and Barbuda,Latin America & Caribbean,High income,Saint John's,17.1175,-61.8456,16965.7288273816,77.03,70.54419708,24.8500263836871,,100.0,0.5,90468.0,5.526816111774329,5,False
ATG,2018,Antigua and Barbuda,Latin America & Caribbean,High income,Saint John's,17.1175,-61.8456,18273.4270684912,77.132,70.81790161,24.7781432093764,,100.0,0.53,90926.0,5.828915821657172,5,False
ATG,2019,Antigua and Barbuda,Latin America & Caribbean,High income,Saint John's,17.1175,-61.8456,18896.3721832248,77.168,71.09259796,24.708337524045,,100.0,,91364.0,,5,False
ATG,2020,Antigua and Barbuda,Latin America & Caribbean,High income,Saint John's,17.1175,-61.8456,15369.6082250401,77.161,71.36840057,24.6406156275043,,100.0,,91846.0,,5,False
ATG,2021,Antigua and Barbuda,Latin America & Caribbean,High income,Saint John's,17.1175,-61.8456,17348.6006987182,77.197,71.64530182,24.574983819566,,100.0,,92349.0,,5,False
ATG,2022,Antigua and Barbuda,Latin America & Caribbean,High income,Saint John's,17.1175,-61.8456,20105.1989085164,77.483,71.9233017,24.5114484000414,,100.0,,92840.0,,5,False
ATG,2023,Antigua and Barbuda,Latin America & Caribbean,High income,Saint John's,17.1175,-61.8456,21494.5474000727,77.598,72.12409973,24.4500156687422,,100.0,,93316.0,,5,False
AUS,2014,Australia,East Asia & Pacific,High income,Canberra,-35.282,149.129,62817.2061751737,82.3,84.0,86.7221289343356,6.078,100.0,369.88,23475686.0,15.755876100915644,6,True
AUS,2015,Australia,East Asia & Pacific,High income,Canberra,-35.282,149.129,56970.3613028094,82.4,84.5605149091408,86.8778642539361,6.055,100.0,375.97,23815995.0,15.786449400917325,6,True
AUS,2016,Australia,East Asia & Pacific,High income,Canberra,-35.282,149.129,50084.4440606385,82.4487804878049,86.54000092,87.0166295249235,5.711,100.0,383.96,24190907.0,15.872079537985078,6,True
AUS,2017,Australia,East Asia & Pacific,High income,Canberra,-35.282,149.129,54117.547718609,82.5,86.5450488476768,87.12809266445,5.592,100.0,387.2,24592588.0,15.744581253506137,6,True
AUS,2018,Australia,East Asia & Pacific,High income,Canberra,-35.282,149.129,57410.1737346009,82.7487804878049,90.0082016,87.2267680845925,5.345,100.0,386.62,24963258.0,15.487561759767095,6,True
AUS,2019,Australia,East Asia & Pacific,High income,Canberra,-35.282,149.129,55194.7585097428,82.9,93.60990143,87.3019647888406,5.143,100.0,,25334826.0,,6,True
AUS,2020,Australia,East Asia & Pacific,High income,Canberra,-35.282,149.129,51983.4523666382,83.2,94.6934967,87.2713470458985,6.394,100.0,,25649248.0,,6,True
AUS,2021,Australia,East Asia & Pacific,High income,Canberra,-35.282,149.129,60758.9044397144,83.3,96.97219849,87.2353407632761,5.022,100.0,,25685412.0,,6,True
AUS,2022,Australia,East Asia & Pacific,High income,Canberra,-35.282,149.129,65169.5191118657,83.2,96.11940002,87.3343268253813,3.728,100.0,,26018721.0,,6,True
AUS,2023,Australia,East Asia & Pacific,High income,Canberra,-35.282,149.129,65058.3773146674,83.0512195121951,96.1160965,87.4866955653765,3.668,100.0,,26659922.0,,6,True
AUT,2014,Austria,Europe & Central Asia,High income,Vienna,48.2201,16.3798,51314.9722616322,81.490243902439,80.9958249574764,67.4154327591781,5.674,100.0,61.99,8546356.0,7.253383781344938,6,True
AUT,2015,Austria,Europe & Central Asia,High income,Vienna,48.2201,16.3798,43915.228020857,81.190243902439,83.9401419315026,67.5576175537383,5.802,100.0,63.15,8642699.0,7.306745265570396,6,True
AUT,2016,Austria,Europe & Central Asia,High income,Vienna,48.2201,16.3798,45061.4993920192,81.6414634146342,84.3237425711653,67.7218061923556,6.064,100.0,63.39,8736668.0,7.255626515738037,6,True
AUT,2017,Austria,Europe & Central Asia,High income,Vienna,48.2201,16.3798,47163.7425775142,81.6439024390244,87.9355865856062,67.9051196052802,5.561,100.0,65.83,8797566.0,7.482751479215956,6,True
AUT,2018,Austria,Europe & Central Asia,High income,Vienna,48.2201,16.3798,51194.0749841299,81.6926829268293,87.4791372262556,68.1046787227623,4.933,100.0,63.18,8840521.0,7.146637624637734,6,True
AUT,2019,Austria,Europe & Central Asia,High income,Vienna,48.2201,16.3798,49885.9947355204,81.8951219512195,87.7522047870069,68.3176044750522,4.56,100.0,,8879920.0,,6,True
AUT,2020,Austria,Europe & Central Asia,High income,Vienna,48.2201,16.3798,48716.4098900349,81.1926829268293,87.52942813,68.5410177924001,5.201,100.0,,8916864.0,,6,True
AUT,2021,Austria,Europe & Central Asia,High income,Vienna,48.2201,16.3798,53648.6437976214,81.190243902439,92.52915104,68.773601700253,6.459,100.0,,8955797.0,,6,True
AUT,2022,Austria,Europe & Central Asia,High income,Vienna,48.2201,16.3798,52336.7725223758,81.2951219512195,93.61409139,68.998085127906,4.992,100.0,,9041851.0,,6,True
AUT,2023,Austria,Europe & Central Asia,High income,Vienna,48.2201,16.3798,56579.504175468,81.7926829268293,95.33467117,69.2265358276021,5.264,100.0,,9131761.0,,6,True
AZE,2014,Azerbaijan,Europe & Central Asia,Upper middle income,Baku,40.3834,49.8932,7890.84028062087,71.93,75.0000156363396,54.6319175926151,4.91,100.0,32.63,9535079.0,3.422100645416782,6,True
AZE,2015,Azerbaijan,Europe & Central Asia,Upper middle income,Baku,40.3834,49.8932,5500.50364628486,72.349,77.0,55.1570486328276,4.96,100.0,32.17,9649341.0,3.333906429464976,6,True
AZE,2016,Azerbaijan,Europe & Central Asia,Upper middle income,Baku,40.3834,49.8932,3880.6852276838,72.568,78.2,55.7574797205266,5.0,100.0,32.66,9757812.0,3.3470618208262257,6,True
AZE,2017,Azerbaijan,Europe & Central Asia,Upper middle income,Baku,40.3834,49.8932,4147.1981423222,72.694,79.0,56.4331887124691,5.0,100.0,31.97,9854033.0,3.2443569044268474,6,True
AZE,2018,Azerbaijan,Europe & Central Asia,Upper middle income,Baku,40.3834,49.8932,4739.7943123408,73.016,79.7999954887896,57.1841534654123,4.9,100.0,32.02,9939771.0,3.221402183209251,6,True
AZE,2019,Azerbaijan,Europe & Central Asia,Upper middle income,Baku,40.3834,49.8932,4805.75371765917,73.29,81.0999990651547,58.1308191977779,5.0,100.0,,10024283.0,,6,True
AZE,2020,Azerbaijan,Europe & Central Asia,Upper middle income,Baku,40.3834,49.8932,4229.91064904503,70.312,84.59999573,58.2934691761937,7.24,100.0,,10093121.0,,6,True
AZE,2021,Azerbaijan,Europe & Central Asia,Upper middle income,Baku,40.3834,49.8932,5408.04535175023,70.999,85.99998954,58.3659969744818,6.04,100.0,,10137750.0,,6,True
AZE,2022,Azerbaijan,Europe & Central Asia,Upper middle income,Baku,40.3834,49.8932,7770.594223351,74.125,88.0,58.4382815854684,5.65,100.0,,10141756.0,,6,True
AZE,2023,Azerbaijan,Europe & Central Asia,Upper middle income,Baku,40.3834,49.8932,7133.02838048328,74.429,89.0,58.5075350483702,5.64,100.0,,10153958.0,,6,True
BDI,2014,Burundi,Sub-Saharan Africa,Low income,Bujumbura,-3.3784,29.3639,250.544492155185,59.764,1.04239212643994,13.7839781740413,1.572,7.0,0.39,10799785.0,0.03611183000402323,6,True
BDI,2015,Burundi,Sub-Saharan Africa,Low income,Bujumbura,-3.3784,29.3639,254.402585226788,60.107,2.0,14.6695085474754,1.449,7.9,0.41,11047580.0,0.03711220013794876,6,True
BDI,2016,Burundi,Sub-Saharan Africa,Low income,Bujumbura,-3.3784,29.3639,232.937812100153,60.789,2.200000048,15.6180905635494,1.352,8.5,0.46,11239451.0,0.04092726593140537,6,True
BDI,2017,Burundi,Sub-Saharan Africa,Low income,Bujumbura,-3.3784,29.3639,246.060725714184,61.345,2.6607485347534,16.6241273909209,1.25,9.3,0.57,11506762.0,0.04953609017028422,6,True
BDI,2018,Burundi,Sub-Saharan Africa,Low income,Bujumbura,-3.3784,29.3639,245.661678332009,61.806,4.019499779,17.6820221982475,1.147,9.5,0.59,11859446.0,0.049749372778458624,6,True
BDI,2019,Burundi,Sub-Saharan Africa,Low income,Bujumbura,-3.3784,29.3639,234.31061590725,62.18,6.072199821,18.786178154187,1.043,9.8,,12255336.0,,6,True
BDI,2020,Burundi,Sub-Saharan Africa,Low income,Bujumbura,-3.3784,29.3639,255.8324539389,62.569,6.430099964,19.9309984273971,1.03,9.1,,12617036.0,,6,True
BDI,2021,Burundi,Sub-Saharan Africa,Low income,Bujumbura,-3.3784,29.3639,264.980379269655,62.101,6.777999878,21.1108861865354,1.118,10.2,,12965481.0,,6,True
BDI,2022,Burundi,Sub-Saharan Africa,Low income,Bujumbura,-3.3784,29.3639,302.992505263552,62.882,7.144800186,22.3202446002597,0.909,10.3,,13321097.0,,6,True
BDI,2023,Burundi,Sub-Saharan Africa,Low income,Bujumbura,-3.3784,29.3639,250.627253097255,63.651,7.172299862,23.5534768372276,0.911,11.6,,13689450.0,,6,True
BEL,2014,Belgium,Europe & Central Asia,High income,Brussels,50.8371,4.36761,47995.7786961339,81.2878048780488,85.0012379539925,85.9848336685807,8.523,100.0,90.16,11209057.0,8.043495541150339,6,True
BEL,2015,Belgium,Europe & Central Asia,High income,Brussels,50.8371,4.36761,40893.804537772,80.9926829268293,85.0529417508701,86.2212893480444,8.482,100.0,95.2,11274196.0,8.444061110876554,6,True
BEL,2016,Belgium,Europe & Central Asia,High income,Brussels,50.8371,4.36761,41854.5498296444,81.4390243902439,86.5164766644457,86.4507790979645,7.83,100.0,94.32,11331422.0,8.323756718265368,6,True
BEL,2017,Belgium,Europe & Central Asia,High income,Brussels,50.8371,4.36761,44035.3239358548,81.4926829268293,87.6796808175598,86.6731739531869,7.09,100.0,92.77,11375158.0,8.155491114936602,6,True
BEL,2018,Belgium,Europe & Central Asia,High income,Brussels,50.8371,4.36761,47487.2100392561,81.5951219512195,88.6473429951691,86.8883449485575,5.941,100.0,93.47,11427054.0,8.179711061136143,6,True
BEL,2019,Belgium,Europe & Central Asia,High income,Brussels,50.8371,4.36761,46716.6227467964,81.9951219512195,90.275428012141,87.0961631189222,5.364,100.0,,11488980.0,,6,True
BEL,2020,Belgium,Europe & Central Asia,High income,Brussels,50.8371,4.36761,45906.2875805246,80.6951219512195,91.52641629,87.2964994991269,5.545,100.0,,11538604.0,,6,True
BEL,2021,Belgium,Europe & Central Asia,High income,Brussels,50.8371,4.36761,51658.238294958,81.790243902439,92.78867618,87.4305564090635,6.248,100.0,,11586195.0,,6,True
BEL,2022,Belgium,Europe & Central Asia,High income,Brussels,50.8371,4.36761,50605.7496677086,81.7487804878049,94.00783071,87.489200269855,5.57,100.0,,11680210.0,,6,True
BEL,2023,Belgium,Europe & Central Asia,High income,Brussels,50.8371,4.36761,55291.4754541329,82.4,94.62625074,87.551492636772,5.547,100.0,,11779946.0,,6,True
BEN,2014,Benin,Sub-Saharan Africa,Lower middle income,Porto-Novo,6.4779,2.6323,1204.39918670094,59.008,6.0,45.2880529235999,1.952,34.1,5.51,11030004.0,0.49954650968394937,6,True
BEN,2015,Benin,Sub-Saharan Africa,Lower middle income,Porto-Novo,6.4779,2.6323,1002.41886879614,59.123,11.25500011,45.9407403257663,1.886,29.6,5.99,11360681.0,0.5272571248149649,6,True
BEN,2016,Benin,Sub-Saharan Africa,Lower middle income,Porto-Novo,6.4779,2.6323,1010.5338961993,59.283,14.5,46.6094559006664,1.834,37.0,7.23,11697842.0,0.6180627161830361,6,True
BEN,2017,Benin,Sub-Saharan Africa,Lower middle income,Porto-Novo,6.4779,2.6323,1054.97408066814,59.528,18.7,47.2942774880391,1.691,34.5,7.36,12039780.0,0.6113068511218643,6,True
BEN,2018,Benin,Sub-Saharan Africa,Lower middle income,Porto-Novo,6.4779,2.6323,1151.7409703472,59.71,19.0,47.9952829275963,1.426,39.0,7.91,12383347.0,0.6387610716230434,6,True
BEN,2019,Benin,Sub-Saharan Africa,Lower middle income,Porto-Novo,6.4779,2.6323,1130.82135339795,59.888,20.50099945,48.7125500590248,1.214,40.0,,12726755.0,,6,True
BEN,2020,Benin,Sub-Saharan Africa,Lower middle income,Porto-Novo,6.4779,2.6323,1200.19426557789,60.154,22.12059975,49.4461567219896,1.518,41.0,,13070169.0,,6,True
BEN,2021,Benin,Sub-Saharan Africa,Lower middle income,Porto-Novo,6.4779,2.6323,1318.65158075198,59.61,28.20470047,50.1961807561354,1.833,42.0,,13413417.0,,6,True
BEN,2022,Benin,Sub-Saharan Africa,Lower middle income,Porto-Novo,6.4779,2.6323,1266.42711031904,60.475,30.53730011,50.9627000010887,1.685,56.5,,13759501.0,,6,True
BEN,2023,Benin,Sub-Saharan Africa,Lower middle income,Porto-Novo,6.4779,2.6323,1394.17784721831,60.774,32.39400101,51.7457922964593,1.641,57.0,,14111034.0,,6,True
BFA,2014,Burkina Faso,Sub-Saharan Africa,Low income,Ouagadougou,12.3605,-1.53395,764.861675106225,58.331,6.0,25.3814155996643,4.255,19.2,3.02,18229461.0,0.16566589653967279,6,True
BFA,2015,Burkina Faso,Sub-Saharan Africa,Low income,Ouagadougou,12.3605,-1.53395,630.124750752312,58.778,6.545700073,25.621432645225,4.472,16.2,3.4,18777487.0,0.18106789263121312,6,True
BFA,2016,Burkina Faso,Sub-Saharan Africa,Low income,Ouagadougou,12.3605,-1.53395,663.742364842886,59.173,7.140999794,25.821510372001,4.598,16.6,3.5,19334856.0,0.1810202258553154,6,True
BFA,2017,Burkina Faso,Sub-Saharan Africa,Low income,Ouagadougou,12.3605,-1.53395,709.091535894695,59.578,7.790400028,25.9769918665632,4.662,17.0,4.07,19894407.0,0.20458011138507423,6,True
BFA,2018,Burkina Faso,Sub-Saharan Africa,Low income,Ouagadougou,12.3605,-1.53395,777.465618514048,59.972,8.498900414,26.0832202154822,4.695,14.4,4.27,20438288.0,0.20892160830691886,6,True
BFA,2019,Burkina Faso,Sub-Saharan Africa,Low income,Ouagadougou,12.3605,-1.53395,764.853077774946,60.184,9.27180600953186,26.1187254401157,4.493,17.6,,20961952.0,,6,True
BFA,2020,Burkina Faso,Sub-Saharan Africa,Low income,Ouagadougou,12.3605,-1.53395,825.237038782475,60.454,12.97319984,26.3578373628627,4.59,18.5,,21478690.0,,6,True
BFA,2021,Burkina Faso,Sub-Saharan Africa,Low income,Ouagadougou,12.3605,-1.53395,895.535288442991,60.046,18.1522007,26.8114307743017,4.511,19.0,,21995243.0,,6,True
BFA,2022,Burkina Faso,Sub-Saharan Africa,Low income,Ouagadougou,12.3605,-1.53395,827.330843486661,60.7,25.3987999,27.2791369742712,3.828,19.5,,22509038.0,,6,True
BFA,2023,Burkina Faso,Sub-Saharan Africa,Low income,Ouagadougou,12.3605,-1.53395,873.482589651003,61.092,25.36120033,27.7872478365158,3.601,21.7,,23025776.0,,6,True
BGD,2014,Bangladesh,South Asia,Lower middle income,Dhaka,23.7055,90.4113,1094.46199702838,70.016,9.052900314,29.1944442321013,4.417,62.4,63.8,157964929.0,0.40388711851350245,6,True
BGD,2015,Bangladesh,South Asia,Lower middle income,Dhaka,23.7055,90.4113,1224.38647668165,70.543,12.36880016,29.5395099477892,4.397,74.0,71.69,159383179.0,0.4497965246382744,6,True
BGD,2016,Bangladesh,South Asia,Lower middle income,Dhaka,23.7055,90.4113,1649.28380858601,71.075,16.89909935,29.8753915517965,4.35,75.9,73.74,160811932.0,0.4585480634608631,6,True
BGD,2017,Bangladesh,South Asia,Lower middle income,Dhaka,23.7055,90.4113,1811.08221668646,71.606,21.5,30.2015798381799,4.372,88.0,78.71,162186147.0,0.4853065533396018,6,True
BGD,2018,Bangladesh,South Asia,Lower middle income,Dhaka,23.7055,90.4113,1965.24372731467,72.122,25.56509972,30.5175656009959,4.439,86.9,82.76,163523103.0,0.5061058558801933,6,True
BGD,2019,Bangladesh,South Asia,Lower middle income,Dhaka,23.7055,90.4113,2129.79896954606,72.625,30.38310051,30.8228396343012,4.504,92.2,,164913055.0,,6,True
BGD,2020,Bangladesh,South Asia,Lower middle income,Dhaka,23.7055,90.4113,2248.85078828233,71.421,36.10910034,31.1168927321524,5.539,96.2,,166298024.0,,6,True
BGD,2021,Bangladesh,South Asia,Lower middle income,Dhaka,23.7055,90.4113,2482.84917843357,71.103,38.91744466,31.3992156886061,5.457,99.0,,167658854.0,,6,True
BGD,2022,Bangladesh,South Asia,Lower middle income,Dhaka,23.7055,90.4113,2716.48592780431,74.265,41.61650085,31.673734726234,4.593,99.4,,169384897.0,,6,True
BGD,2023,Bangladesh,South Asia,Lower middle income,Dhaka,23.7055,90.4113,2551.01773827307,74.672,44.50274195,32.1578465036834,3.352,99.5,,171466990.0,,6,True
BGR,2014,Bulgaria,Europe & Central Asia,High income,Sofia,42.7105,23.3238,8069.60005667684,74.4658536585366,55.4903766299262,73.0844879150391,11.424,95.9,42.23,7073572.0,5.970109585369316,6,True
BGR,2015,Bulgaria,Europe & Central Asia,High income,Sofia,42.7105,23.3238,7268.65445473873,74.6146341463415,56.6562516053086,73.1030578613281,9.143,96.6,44.69,6984225.0,6.398705654528598,6,True
BGR,2016,Bulgaria,Europe & Central Asia,High income,Sofia,42.7105,23.3238,7822.49923292968,74.8121951219512,59.825547661014,73.1750030517578,7.575,97.3,41.74,6894139.0,6.0544181079029595,6,True
BGR,2017,Bulgaria,Europe & Central Asia,High income,Sofia,42.7105,23.3238,8696.68930427924,74.8146341463415,63.4101013837926,73.3904571533203,6.164,98.1,44.04,6803468.0,6.473169271906622,6,True
BGR,2018,Bulgaria,Europe & Central Asia,High income,Sofia,42.7105,23.3238,9849.38397225174,74.9634146341464,64.78201069118,73.600212097168,5.211,98.7,41.13,6710798.0,6.12892833311329,6,True
BGR,2019,Bulgaria,Europe & Central Asia,High income,Sofia,42.7105,23.3238,10353.7204584127,75.1121951219512,67.9469809417603,73.7162322998047,4.148,99.2,,6616726.0,,6,True
BGR,2020,Bulgaria,Europe & Central Asia,High income,Sofia,42.7105,23.3238,10760.211975413,73.3560975609756,70.16248359,73.3239898681641,5.037,99.7,,6550696.0,,6,True
BGR,2021,Bulgaria,Europe & Central Asia,High income,Sofia,42.7105,23.3238,12966.1457543396,71.2121951219512,75.27144583,73.346765618041,5.166,99.8,,6507301.0,,6,True
BGR,2022,Bulgaria,Europe & Central Asia,High income,Sofia,42.7105,23.3238,13999.1949530956,74.1609756097561,79.12686326,73.4799164005224,4.148,100.0,,6465097.0,,6,True
BGR,2023,Bulgaria,Europe & Central Asia,High income,Sofia,42.7105,23.3238,15853.208636704,75.7560975609756,80.38956462,73.7322671584613,4.319,100.0,,6446596.0,,6,True
BHR,2014,Bahrain,"Middle East, North Africa, Afghanistan & Pakistan",High income,Manama,26.1921,50.5354,26451.7965647453,80.214,90.5031334814656,100.0,1.144,100.0,30.22,1314562.0,22.988645647751873,6,True
BHR,2015,Bahrain,"Middle East, North Africa, Afghanistan & Pakistan",High income,Manama,26.1921,50.5354,23734.0551143019,80.338,93.4783007986129,100.0,1.164,100.0,30.6,1370322.0,22.330517936660144,6,True
BHR,2016,Bahrain,"Middle East, North Africa, Afghanistan & Pakistan",High income,Manama,26.1921,50.5354,23800.001440631,80.407,97.9999807024146,100.0,1.19,100.0,30.2,1423726.0,21.211946680751772,6,True
BHR,2017,Bahrain,"Middle East, North Africa, Afghanistan & Pakistan",High income,Manama,26.1921,50.5354,24784.7693514607,80.407,95.8781357543453,100.0,1.18,100.0,30.38,1501116.0,20.238276055947708,6,True
BHR,2018,Bahrain,"Middle East, North Africa, Afghanistan & Pakistan",High income,Manama,26.1921,50.5354,26324.4066549559,80.412,98.6446725799886,100.0,1.188,100.0,30.75,1503091.0,20.457843204436724,6,True
BHR,2019,Bahrain,"Middle East, North Africa, Afghanistan & Pakistan",High income,Manama,26.1921,50.5354,27259.7438599327,80.471,99.7015043807778,100.0,1.217,100.0,,1483756.0,,6,True
BHR,2020,Bahrain,"Middle East, North Africa, Afghanistan & Pakistan",High income,Manama,26.1921,50.5354,24342.8444554718,78.683,99.67103159,100.0,1.765,100.0,,1472204.0,,6,True
BHR,2021,Bahrain,"Middle East, North Africa, Afghanistan & Pakistan",High income,Manama,26.1921,50.5354,27147.8083882286,78.083,100.0,100.0,1.548,100.0,,1504365.0,,6,True
BHR,2022,Bahrain,"Middle East, North Africa, Afghanistan & Pakistan",High income,Manama,26.1921,50.5354,30470.5219276023,80.992,100.0,100.0,1.265,100.0,,1524693.0,,6,True
BHR,2023,Bahrain,"Middle East, North Africa, Afghanistan & Pakistan",High income,Manama,26.1921,50.5354,29290.1284215098,81.284,100.0,100.0,1.049,100.0,,1577059.0,,6,True
BHS,2014,"Bahamas, The",Latin America & Caribbean,High income,Nassau,25.0661,-77.339,29137.2175632622,74.029,76.91999817,82.3180931037043,13.8,100.0,2.62,382298.0,6.853292457716232,6,True
BHS,2015,"Bahamas, The",Latin America & Caribbean,High income,Nassau,25.0661,-77.339,30719.405417469,73.805,78.0,82.2568571432361,12.0,100.0,2.37,385346.0,6.15031685809636,6,True
BHS,2016,"Bahamas, The",Latin America & Caribbean,High income,Nassau,25.0661,-77.339,30616.5363157284,74.042,80.0,82.1784378570728,12.7,100.0,2.19,388055.0,5.64352991199701,6,True
BHS,2017,"Bahamas, The",Latin America & Caribbean,High income,Nassau,25.0661,-77.339,31875.4881749619,74.031,80.59999847,82.0814018736052,9.8,100.0,2.15,390485.0,5.505973340845359,6,True
BHS,2018,"Bahamas, The",Latin America & Caribbean,High income,Nassau,25.0661,-77.339,32642.3353203452,74.062,83.0,81.9643158212241,10.0,100.0,2.26,392717.0,5.754780159758808,6,True
BHS,2019,"Bahamas, The",Latin America & Caribbean,High income,Nassau,25.0661,-77.339,33640.3369861278,71.408,90.69329834,81.8257463283204,9.336,100.0,,394675.0,,6,True
BHS,2020,"Bahamas, The",Latin America & Caribbean,High income,Nassau,25.0661,-77.339,26178.7537607708,72.994,92.4437027,81.6642600232849,12.016,100.0,,395863.0,,6,True
BHS,2021,"Bahamas, The",Latin America & Caribbean,High income,Nassau,25.0661,-77.339,30367.8605757708,70.752,92.34980011,81.4784235345083,11.078,100.0,,396373.0,,6,True
BHS,2022,"Bahamas, The",Latin America & Caribbean,High income,Nassau,25.0661,-77.339,34957.1613279737,74.491,92.2559967,81.3200717047725,9.25,100.0,,397538.0,,6,True
BHS,2023,"Bahamas, The",Latin America & Caribbean,High income,Nassau,25.0661,-77.339,38231.774484278,74.552,92.38729858,81.3213799173676,8.645,100.0,,399440.0,,6,True
BIH,2014,Bosnia and Herzegovina,Europe & Central Asia,Upper middle income,Sarajevo,43.8607,18.4214,5206.06573475132,77.089,49.91770172,47.130783484831,27.517,99.9,19.49,3564829.0,5.467302919719291,6,True
BIH,2015,Bosnia and Herzegovina,Europe & Central Asia,Upper middle income,Sarajevo,43.8607,18.4214,4662.25869219448,77.073,52.59999847,47.5711645087011,27.695,99.7,19.61,3518541.0,5.5733328103893065,6,True
BIH,2016,Bosnia and Herzegovina,Europe & Central Asia,Upper middle income,Sarajevo,43.8607,18.4214,4928.5665903114,77.124,60.2565354318987,48.0248845752382,25.408,100.0,22.34,3473003.0,6.432473568263546,6,True
BIH,2017,Bosnia and Herzegovina,Europe & Central Asia,Upper middle income,Sarajevo,43.8607,18.4214,5345.01978766473,77.385,64.8920205128383,48.4918401819106,20.527,100.0,22.65,3428682.0,6.606036955308191,6,True
BIH,2018,Bosnia and Herzegovina,Europe & Central Asia,Upper middle income,Sarajevo,43.8607,18.4214,6047.84707207392,77.942,70.1201350394885,48.971927825824,18.4,100.0,22.54,3387000.0,6.654856805432536,6,True
BIH,2019,Bosnia and Herzegovina,Europe & Central Asia,Upper middle income,Sarajevo,43.8607,18.4214,6122.37541352353,77.394,69.9463476317266,49.4650440037758,15.692,100.0,,3345533.0,,6,True
BIH,2020,Bosnia and Herzegovina,Europe & Central Asia,Upper middle income,Sarajevo,43.8607,18.4214,6130.31187968266,76.04,73.21175294,49.9710852122997,15.868,100.0,,3299349.0,,6,True
BIH,2021,Bosnia and Herzegovina,Europe & Central Asia,Upper middle income,Sarajevo,43.8607,18.4214,7295.34378682258,74.567,75.67620138,50.4899479477034,14.897,100.0,,3244907.0,,6,True
BIH,2022,Bosnia and Herzegovina,Europe & Central Asia,Upper middle income,Sarajevo,43.8607,18.4214,7655.59421024383,76.777,78.8455371,51.0215287060993,12.657,100.0,,3204802.0,,6,True
BIH,2023,Bosnia and Herzegovina,Europe & Central Asia,Upper middle income,Sarajevo,43.8607,18.4214,8663.02326458629,77.85,83.3771539,51.5657239834305,10.668,100.0,,3185073.0,,6,True
BLR,2014,Belarus,Europe & Central Asia,Upper middle income,Minsk,53.9678,27.5766,8341.31809294883,72.9707317073171,59.0163187101542,76.3405227661133,5.908,96.8,59.47,9448515.0,6.294110767670898,6,True
BLR,2015,Belarus,Europe & Central Asia,Upper middle income,Minsk,53.9678,27.5766,5967.05595058777,73.6243902439025,62.230360906803,76.6263885498047,5.881,97.4,54.89,9461076.0,5.80166568791964,6,True
BLR,2016,Belarus,Europe & Central Asia,Upper middle income,Minsk,53.9678,27.5766,5039.77560949445,73.8268292682927,71.1130457603832,76.8458709716797,5.844,98.0,55.21,9469379.0,5.830371769891141,6,True
BLR,2017,Belarus,Europe & Central Asia,Upper middle income,Minsk,53.9678,27.5766,5785.54491935194,74.1292682926829,74.4364454136036,77.0208206176758,5.648,98.7,56.24,9458989.0,5.945667132079337,6,True
BLR,2018,Belarus,Europe & Central Asia,Upper middle income,Minsk,53.9678,27.5766,6360.037502312,74.1756097560976,79.1298866919307,77.2132720947266,4.763,99.3,59.31,9438785.0,6.283647736440654,6,True
BLR,2019,Belarus,Europe & Central Asia,Upper middle income,Minsk,53.9678,27.5766,6837.77339645635,74.2268292682927,82.7891520910901,77.4550771852757,4.165,100.0,,9419758.0,,6,True
BLR,2020,Belarus,Europe & Central Asia,Upper middle income,Minsk,53.9678,27.5766,6542.85579976768,72.1385609756098,85.08791245,77.7890385790408,4.049,100.0,,9379952.0,,6,True
BLR,2021,Belarus,Europe & Central Asia,Upper middle income,Minsk,53.9678,27.5766,7489.71894713888,72.0714634146342,86.88841196,78.131086803694,3.9,100.0,,9302585.0,,6,True
BLR,2022,Belarus,Europe & Central Asia,Upper middle income,Minsk,53.9678,27.5766,7994.64806074889,74.1033658536585,89.50733148,78.4732787892908,3.574,100.0,,9228071.0,,6,True
BLR,2023,Belarus,Europe & Central Asia,Upper middle income,Minsk,53.9678,27.5766,7896.75388295584,74.1837804878049,91.51249979,78.8146420666327,3.461,100.0,,9178298.0,,6,True
BLZ,2014,Belize,Latin America & Caribbean,Upper middle income,Belmopan,17.2534,-88.7713,6128.12053089077,71.437,38.70000076,44.1850161758379,8.244,91.5,0.49,348923.0,1.4043212972489632,6,True
BLZ,2015,Belize,Latin America & Caribbean,Upper middle income,Belmopan,17.2534,-88.7713,6154.62264230369,71.647,41.59000015,43.931184585988,7.578,91.8,0.66,356333.0,1.8522000488307286,6,True
BLZ,2016,Belize,Latin America & Caribbean,Upper middle income,Belmopan,17.2534,-88.7713,6140.86713919469,71.843,44.57569885,43.6765514309211,7.0,93.3,0.65,364705.0,1.7822623764412333,6,True
BLZ,2017,Belize,Latin America & Caribbean,Upper middle income,Belmopan,17.2534,-88.7713,6071.85451846453,72.062,48.8771019,43.4211086747287,6.596,94.2,0.65,373202.0,1.7416841281665156,6,True
BLZ,2018,Belize,Latin America & Caribbean,Upper middle income,Belmopan,17.2534,-88.7713,6011.99036888587,72.322,53.59360123,43.164848281502,9.346,91.7,0.68,380226.0,1.7884100508644858,6,True
BLZ,2019,Belize,Latin America & Caribbean,Upper middle income,Belmopan,17.2534,-88.7713,6171.61449761423,72.577,58.76520157,42.9077622153323,9.053,92.7,,385829.0,,6,True
BLZ,2020,Belize,Latin America & Caribbean,Upper middle income,Belmopan,17.2534,-88.7713,5238.54078175696,71.58,64.43589783,42.649842440311,10.763,96.8,,390812.0,,6,True
BLZ,2021,Belize,Latin America & Caribbean,Upper middle income,Belmopan,17.2534,-88.7713,6142.98930557031,70.917,70.65370178,42.3910809205294,10.302,97.7,,395346.0,,6,True
BLZ,2022,Belize,Latin America & Caribbean,Upper middle income,Belmopan,17.2534,-88.7713,7068.21728043145,72.19,69.98329926,42.1373251262137,8.682,98.6,,402733.0,,6,True
BLZ,2023,Belize,Latin America & Caribbean,Upper middle income,Belmopan,17.2534,-88.7713,7424.75821321022,73.566,70.18720245,41.9459437504976,8.278,99.6,,411106.0,,6,True
BMU,2014,Bermuda,North America,High income,Hamilton,32.3293,-64.706,100961.576602811,80.199,96.8,100.0,,100.0,,63529.0,,5,False
BMU,2015,Bermuda,North America,High income,Hamilton,32.3293,-64.706,104855.366822135,80.338,98.3236096537251,100.0,,100.0,,63464.0,,5,False
BMU,2016,Bermuda,North America,High income,Hamilton,32.3293,-64.706,108747.356144305,80.476,98.0,100.0,,100.0,,63449.0,,5,False
BMU,2017,Bermuda,North America,High income,Hamilton,32.3293,-64.706,112339.425587467,80.686,98.37,100.0,,100.0,,63578.0,,5,False
BMU,2018,Bermuda,North America,High income,Hamilton,32.3293,-64.706,113204.82210838,80.986,,100.0,,100.0,,63831.0,,4,False
BMU,2019,Bermuda,North America,High income,Hamilton,32.3293,-64.706,115798.040775578,81.251,,100.0,,100.0,,64107.0,,4,False
BMU,2020,Bermuda,North America,High income,Hamilton,32.3293,-64.706,106976.546239632,81.456,,100.0,,100.0,,64382.0,,4,False
BMU,2021,Bermuda,North America,High income,Hamilton,32.3293,-64.706,112765.08167306,81.745,,100.0,,100.0,,64648.0,,4,False
BMU,2022,Bermuda,North America,High income,Hamilton,32.3293,-64.706,121613.939983629,82.062,,100.0,,100.0,,64749.0,,4,False
BMU,2023,Bermuda,North America,High income,Hamilton,32.3293,-64.706,132604.439086216,82.309,,100.0,,100.0,,64698.0,,4,False
BOL,2014,Bolivia,Latin America & Caribbean,Lower middle income,La Paz,-13.9908,-66.1936,3041.43503162408,66.97,34.6016202324676,68.037425413,2.021,90.0,20.17,10848888.0,1.85917671930985,6,True
BOL,2015,Bolivia,Latin America & Caribbean,Lower middle income,La Paz,-13.9908,-66.1936,2996.01289811344,67.205,37.4868176324391,68.3958051297665,3.111,91.5,20.41,11014705.0,1.852977451506872,6,True
BOL,2016,Bolivia,Latin America & Caribbean,Lower middle income,La Paz,-13.9908,-66.1936,3035.87347732132,67.392,39.69749832,68.7446327876947,3.498,91.8,21.61,11180020.0,1.9329124634839652,6,True
BOL,2017,Bolivia,Latin America & Caribbean,Lower middle income,La Paz,-13.9908,-66.1936,4048.40119739839,67.536,43.83229828,69.0838016274736,3.655,91.8,22.25,11344587.0,1.9612877930241093,6,True
BOL,2018,Bolivia,Latin America & Caribbean,Lower middle income,La Paz,-13.9908,-66.1936,4206.8552936661,67.699,44.2861422024283,69.4133879813999,3.519,92.8,22.71,11508368.0,1.9733466986804733,6,True
BOL,2019,Bolivia,Latin America & Caribbean,Lower middle income,La Paz,-13.9908,-66.1936,4203.15492855788,67.82,47.4748191121692,69.7334986708387,3.682,95.1,,11671386.0,,6,True
BOL,2020,Bolivia,Latin America & Caribbean,Lower middle income,La Paz,-13.9908,-66.1936,3580.96761778303,62.906,59.94010155,70.0442635528254,7.903,97.2,,11816299.0,,6,True
BOL,2021,Bolivia,Latin America & Caribbean,Lower middle income,La Paz,-13.9908,-66.1936,4010.76053686204,61.427,65.9773785,70.3450412826165,5.089,98.6,,11937360.0,,6,True
BOL,2022,Bolivia,Latin America & Caribbean,Lower middle income,La Paz,-13.9908,-66.1936,4219.46113742445,67.434,72.62270355,70.6352598708131,3.552,99.9,,12077154.0,,6,True
BOL,2023,Bolivia,Latin America & Caribbean,Lower middle income,La Paz,-13.9908,-66.1936,4274.70820547613,68.581,77.30039978,70.9151414044538,3.024,99.8,,12244159.0,,6,True
BRA,2014,Brazil,Latin America & Caribbean,Upper middle income,Brasilia,-15.7801,-47.9292,12274.9941630213,74.823,54.5510018796392,85.4331367898168,6.755,99.7,506.78,200085127.0,2.5328219423325753,6,True
BRA,2015,Brazil,Latin America & Caribbean,Upper middle income,Brasilia,-15.7801,-47.9292,8936.1955889444,75.106,58.3279517340924,85.6935697061881,8.538,99.7,479.97,201675532.0,2.379911907211431,6,True
BRA,2016,Brazil,Latin America & Caribbean,Upper middle income,Brasilia,-15.7801,-47.9292,8836.28546025694,75.081,60.8725400681261,85.9487048448108,11.58,99.7,441.91,203218114.0,2.174560088673985,6,True
BRA,2017,Brazil,Latin America & Caribbean,Upper middle income,Brasilia,-15.7801,-47.9292,10080.5078722821,75.383,67.4712845236305,86.1982897571091,12.792,99.8,449.84,204703445.0,2.1975204178903778,6,True
BRA,2018,Brazil,Latin America & Caribbean,Upper middle income,Brasilia,-15.7801,-47.9292,9300.66072904004,75.633,70.4342825404361,86.4420719945072,12.329,99.7,427.71,206107261.0,2.0751816210880607,6,True
BRA,2019,Brazil,Latin America & Caribbean,Upper middle income,Brasilia,-15.7801,-47.9292,9029.83304401079,75.809,73.9124399133589,86.6797991084296,11.936,99.8,,207455459.0,,6,True
BRA,2020,Brazil,Latin America & Caribbean,Upper middle income,Brasilia,-15.7801,-47.9292,7074.19407495707,74.506,81.34269353,86.9112186503004,13.697,99.7,,208660842.0,,6,True
BRA,2021,Brazil,Latin America & Caribbean,Upper middle income,Brasilia,-15.7801,-47.9292,7972.53696080695,73.038,80.68989314,87.1360781715439,13.158,99.5,,209550294.0,,6,True
BRA,2022,Brazil,Latin America & Caribbean,Upper middle income,Brasilia,-15.7801,-47.9292,9281.33282136864,74.872,80.52775094,87.349556243881,9.231,100.0,,210306415.0,,6,True
BRA,2023,Brazil,Latin America & Caribbean,Upper middle income,Brasilia,-15.7801,-47.9292,10377.5897719195,75.848,84.15060238,87.6159710235763,7.947,99.8,,211140729.0,,6,True
BRB,2014,Barbados,Latin America & Caribbean,High income,Bridgetown,13.0935,-59.6105,20192.7084081797,75.926,71.92459869,59.2410313429534,12.17,100.0,1.29,278348.0,4.634486326469024,6,True
BRB,2015,Barbados,Latin America & Caribbean,High income,Bridgetown,13.0935,-59.6105,20424.2087530019,76.055,72.04940033,59.2450700899645,9.803,100.0,1.29,278990.0,4.623821642352772,6,True
BRB,2016,Barbados,Latin America & Caribbean,High income,Bridgetown,13.0935,-59.6105,20295.5672072046,76.168,71.57299805,59.2510255301153,8.247,100.0,1.31,279598.0,4.685298178098556,6,True
BRB,2017,Barbados,Latin America & Caribbean,High income,Bridgetown,13.0935,-59.6105,20284.5762052461,76.237,71.14849854,59.25926986892,8.62,100.0,1.2,280171.0,4.283098536251075,6,True
BRB,2018,Barbados,Latin America & Caribbean,High income,Bridgetown,13.0935,-59.6105,21381.2426303209,76.378,70.72650146,59.270175311893,8.321,100.0,1.25,280711.0,4.452978330026255,6,True
BRB,2019,Barbados,Latin America & Caribbean,High income,Bridgetown,13.0935,-59.6105,21912.1501242857,76.495,70.30709839,59.2841140645486,8.41,100.0,,281207.0,,6,True
BRB,2020,Barbados,Latin America & Caribbean,High income,Bridgetown,13.0935,-59.6105,19194.4919736739,76.647,69.89009857,59.3014583324011,10.586,100.0,,281698.0,,6,True
BRB,2021,Barbados,Latin America & Caribbean,High income,Bridgetown,13.0935,-59.6105,21079.6145271791,76.58,69.4756012,59.3220365433819,11.015,100.0,,282147.0,,6,True
BRB,2022,Barbados,Latin America & Caribbean,High income,Bridgetown,13.0935,-59.6105,24387.0387293761,75.676,69.06359863,59.3538514107686,7.261,100.0,,282318.0,,6,True
BRB,2023,Barbados,Latin America & Caribbean,High income,Bridgetown,13.0935,-59.6105,25583.878782727,76.178,69.67510223,59.4235740235775,6.54,100.0,,282336.0,,6,True
BRN,2014,Brunei Darussalam,East Asia & Pacific,High income,Bandar Seri Begawan,4.94199,114.946,41026.5084247957,74.862,68.76999664,75.0572639801502,6.862,100.0,6.97,416750.0,16.724655068986202,6,True
BRN,2015,Brunei Darussalam,East Asia & Pacific,High income,Bandar Seri Begawan,4.94199,114.946,30625.1287744656,74.88,71.19999695,74.9484620568562,7.703,100.0,5.98,422212.0,14.163500800545698,6,True
BRN,2016,Brunei Darussalam,East Asia & Pacific,High income,Bandar Seri Begawan,4.94199,114.946,26663.2972950602,74.905,90.0,74.8816070556641,8.537,100.0,6.41,427564.0,14.991907644235717,6,True
BRN,2017,Brunei Darussalam,East Asia & Pacific,High income,Bandar Seri Begawan,4.94199,114.946,28024.3824580252,74.943,94.86669922,74.8476440654983,9.316,100.0,6.71,432772.0,15.50469993437653,6,True
BRN,2018,Brunei Darussalam,East Asia & Pacific,High income,Bandar Seri Begawan,4.94199,114.946,30988.1190267227,74.992,95.0,74.8172471714305,8.7,100.0,7.14,437810.0,16.308444302322926,6,True
BRN,2019,Brunei Darussalam,East Asia & Pacific,High income,Bandar Seri Begawan,4.94199,114.946,30426.5730656528,75.049,95.0,74.7923311783673,6.6,100.0,,442680.0,,6,True
BRN,2020,Brunei Darussalam,East Asia & Pacific,High income,Bandar Seri Begawan,4.94199,114.946,26834.3592233943,75.114,96.30549622,74.7748108912151,7.409,100.0,,447404.0,,6,True
BRN,2021,Brunei Darussalam,East Asia & Pacific,High income,Bandar Seri Begawan,4.94199,114.946,31006.9636289785,74.869,97.62879944,74.7667316936175,4.905,100.0,,451721.0,,6,True
BRN,2022,Brunei Darussalam,East Asia & Pacific,High income,Bandar Seri Begawan,4.94199,114.946,36632.9280952155,72.917,98.97042579,74.7772642014221,5.191,100.0,,455370.0,,6,True
BRN,2023,Brunei Darussalam,East Asia & Pacific,High income,Bandar Seri Begawan,4.94199,114.946,32890.5491812019,75.327,98.97039795,74.8199193881365,5.296,100.0,,458949.0,,6,True
BTN,2014,Bhutan,South Asia,Lower middle income,Thimphu,27.5768,89.6177,2849.49998647303,70.504,30.29999924,36.1326606084122,2.63,91.4,0.94,733139.0,1.282157953675906,6,True
BTN,2015,Bhutan,South Asia,Lower middle income,Thimphu,27.5768,89.6177,2954.04081911097,70.797,39.79999924,36.6983375690037,2.45,95.4,0.96,740618.0,1.2962147827895083,6,True
BTN,2016,Bhutan,South Asia,Lower middle income,Thimphu,27.5768,89.6177,3152.30905106786,71.119,46.50320053,37.2745234641407,2.707,99.3,1.23,747866.0,1.6446796618645587,6,True
BTN,2017,Bhutan,South Asia,Lower middle income,Thimphu,27.5768,89.6177,3435.28804735662,71.413,54.33549881,37.8645544995016,3.027,97.7,1.33,754335.0,1.763142370432235,6,True
BTN,2018,Bhutan,South Asia,Lower middle income,Thimphu,27.5768,89.6177,3400.20417245342,71.711,63.48680115,38.4661892776975,3.35,100.0,1.38,759759.0,1.8163654527290891,6,True
BTN,2019,Bhutan,South Asia,Lower middle income,Thimphu,27.5768,89.6177,3576.87987100503,72.005,74.17939758,39.0746823405146,2.72,100.0,,764824.0,,6,True
BTN,2020,Bhutan,South Asia,Lower middle income,Thimphu,27.5768,89.6177,3191.66906999331,72.253,76.85079956,39.6888839873439,5.03,100.0,,770006.0,,6,True
BTN,2021,Bhutan,South Asia,Lower middle income,Thimphu,27.5768,89.6177,3570.61257980872,72.448,85.63688389,40.3075199874379,4.803,100.0,,775442.0,,6,True
BTN,2022,Bhutan,South Asia,Lower middle income,Thimphu,27.5768,89.6177,3711.32767981591,72.754,88.35620117,40.9365143617581,5.947,100.0,,780914.0,,6,True
BTN,2023,Bhutan,South Asia,Lower middle income,Thimphu,27.5768,89.6177,3831.32535494609,72.975,90.02140045,41.7352457989939,3.126,100.0,,786385.0,,6,True
BWA,2014,Botswana,Sub-Saharan Africa,Upper middle income,Gaborone,-24.6544,25.9201,7122.36423421503,62.167,36.74474744423,65.0965122400825,18.484,60.0,7.13,2172044.0,3.2826222673205514,6,True
BWA,2015,Botswana,Sub-Saharan Africa,Upper middle income,Gaborone,-24.6544,25.9201,6141.20394726616,63.215,38.89379883,65.4103584313295,18.915,62.1,7.21,2203273.0,3.2724042821747465,6,True
BWA,2016,Botswana,Sub-Saharan Africa,Upper middle income,Gaborone,-24.6544,25.9201,6749.05994339013,64.32,41.16859818,65.6949296854899,19.328,64.2,7.12,2234776.0,3.1860016395379223,6,True
BWA,2017,Botswana,Sub-Saharan Africa,Upper middle income,Gaborone,-24.6544,25.9201,7104.96401088027,65.42,43.57640076,65.9456435684731,19.671,67.4,7.87,2266747.0,3.4719357740409493,6,True
BWA,2018,Botswana,Sub-Saharan Africa,Upper middle income,Gaborone,-24.6544,25.9201,7407.95940141786,66.371,46.12509918,66.1579176461888,19.665,68.3,8.21,2299141.0,3.570898870491197,6,True
BWA,2019,Botswana,Sub-Saharan Africa,Upper middle income,Gaborone,-24.6544,25.9201,7172.08956480028,67.167,48.82279968,66.3271694845464,20.094,70.1,,2332083.0,,6,True
BWA,2020,Botswana,Sub-Saharan Africa,Upper middle income,Gaborone,-24.6544,25.9201,6323.2974967659,67.643,51.67819977,66.4488166494554,21.017,71.8,,2365894.0,,6,True
BWA,2021,Botswana,Sub-Saharan Africa,Upper middle income,Gaborone,-24.6544,25.9201,7807.88794570471,63.303,54.70069885,66.5182767068255,23.106,73.7,,2401441.0,,6,True
BWA,2022,Botswana,Sub-Saharan Africa,Upper middle income,Gaborone,-24.6544,25.9201,8328.7090572666,68.749,57.9,66.5889787170477,23.615,75.9,,2439892.0,,6,True
BWA,2023,Botswana,Sub-Saharan Africa,Upper middle income,Gaborone,-24.6544,25.9201,7826.35376483298,69.163,,67.0212655349864,23.381,76.0,,2480244.0,,5,False
CAF,2014,Central African Republic,Sub-Saharan Africa,Low income,Bangui,5.63056,21.6407,409.8504859647,40.265,2.700000048,39.6226521868738,5.633,12.0,0.3,4623182.0,0.06489037204245907,6,True
CAF,2015,Central African Republic,Sub-Saharan Africa,Low income,Bangui,5.63056,21.6407,366.322853938121,51.934,2.900000095,39.9824421267351,5.775,12.7,0.31,4629320.0,0.06696447858432772,6,True
CAF,2016,Central African Republic,Sub-Saharan Africa,Low income,Bangui,5.63056,21.6407,387.176203444318,50.999,3.099999905,40.3808711749566,5.793,13.4,0.31,4713663.0,0.06576626288302749,6,True
CAF,2017,Central African Republic,Sub-Saharan Africa,Low income,Bangui,5.63056,21.6407,432.324025684263,45.231,4.0,40.8151443386334,5.836,14.1,0.31,4793511.0,0.06467076011716673,6,True
CAF,2018,Central African Republic,Sub-Saharan Africa,Low income,Bangui,5.63056,21.6407,455.243962859534,52.297,5.099999905,41.2824666248606,5.825,14.6,0.33,4878657.0,0.0676415661113294,6,True
CAF,2019,Central African Republic,Sub-Saharan Africa,Low income,Bangui,5.63056,21.6407,449.228467602439,31.53,7.509200096,41.7800430407332,5.916,14.3,,4944703.0,,6,True
CAF,2020,Central African Republic,Sub-Saharan Africa,Low income,Bangui,5.63056,21.6407,462.879071294011,50.596,,42.3050785933463,6.519,15.4,,5026628.0,,5,False
CAF,2021,Central African Republic,Sub-Saharan Africa,Low income,Bangui,5.63056,21.6407,492.263142830507,40.279,,42.8547782897949,6.701,15.7,,5112100.0,,5,False
CAF,2022,Central African Republic,Sub-Saharan Africa,Low income,Bangui,5.63056,21.6407,467.359825026238,18.818,13.75360012,43.2751967457285,6.287,15.7,,5098039.0,,6,True
CAF,2023,Central African Republic,Sub-Saharan Africa,Low income,Bangui,5.63056,21.6407,495.978897288721,57.408,13.8416996,43.6983692134165,6.181,17.6,,5152421.0,,6,True
CAN,2014,Canada,North America,High income,Ottawa,45.4215,-75.6919,50960.8431174661,81.7843902439025,87.12000275,81.211183161556,7.023,100.0,561.83,35434066.0,15.855645807060359,6,True
CAN,2015,Canada,North America,High income,Ottawa,45.4215,-75.6919,43594.1941045394,81.8258536585366,90.0,81.2465670276699,6.945,100.0,558.8,35704498.0,15.650689165269878,6,True
CAN,2016,Canada,North America,High income,Ottawa,45.4215,-75.6919,42314.0615817218,81.94,91.16000366,81.3023011093703,7.038,100.0,550.48,36110803.0,15.244191606594846,6,True
CAN,2017,Canada,North America,High income,Ottawa,45.4215,-75.6919,45129.628116623,81.8078048780488,92.70140076,81.4018945832226,6.426,100.0,562.26,36545075.0,15.385383666608975,6,True
CAN,2018,Canada,North America,High income,Ottawa,45.4215,-75.6919,46539.1761570405,81.8036585365854,94.64,81.5500341646653,5.837,100.0,574.4,37072620.0,15.493914376701728,6,True
CAN,2019,Canada,North America,High income,Ottawa,45.4215,-75.6919,46352.8693445211,82.1585365853659,91.91290283,81.7363672047941,5.69,100.0,,37618495.0,,6,True
CAN,2020,Canada,North America,High income,Ottawa,45.4215,-75.6919,43537.839298904,81.53,92.3,81.9509888710566,9.657,100.0,,38028638.0,,6,True
CAN,2021,Canada,North America,High income,Ottawa,45.4215,-75.6919,52886.6616372703,81.4514634146342,93.93710327,82.1779279079275,7.527,100.0,,38239864.0,,6,True
CAN,2022,Canada,North America,High income,Ottawa,45.4215,-75.6919,56256.8007264015,81.0948780487805,94.0,82.3500897353968,5.279,100.0,,38935934.0,,6,True
CAN,2023,Canada,North America,High income,Ottawa,45.4215,-75.6919,54220.3285039875,81.6263414634146,94.14530182,82.5250564408346,5.415,100.0,,40083484.0,,6,True
CHE,2014,Switzerland,Europe & Central Asia,High income,Bern,46.948,7.44821,88724.9909402638,83.1975609756098,83.6172512621702,74.7402679059582,4.826,100.0,39.73,8188649.0,4.851838196996843,6,True
CHE,2015,Switzerland,Europe & Central Asia,High income,Bern,46.948,7.44821,83806.4476003837,82.8975609756098,87.4790555978675,75.6044960143169,4.801,100.0,39.03,8282396.0,4.712404478124446,6,True
CHE,2016,Switzerland,Europe & Central Asia,High income,Bern,46.948,7.44821,82153.0745447889,83.6024390243903,89.1346877351392,76.6726675773771,4.918,100.0,39.61,8373338.0,4.730490994153108,6,True
CHE,2017,Switzerland,Europe & Central Asia,High income,Bern,46.948,7.44821,82254.3769269767,83.5512195121951,89.6861476710225,77.9126273688843,4.797,100.0,38.62,8451840.0,4.569419203392397,6,True
CHE,2018,Switzerland,Europe & Central Asia,High income,Bern,46.948,7.44821,85217.3691512274,83.7536585365854,91.80000305,79.2922201625844,4.713,100.0,37.48,8514329.0,4.401991043569024,6,True
CHE,2019,Switzerland,Europe & Central Asia,High income,Bern,46.948,7.44821,84121.9310304414,83.9048780487805,93.1460869535177,80.7792907322229,4.394,100.0,,8575280.0,,6,True
CHE,2020,Switzerland,Europe & Central Asia,High income,Bern,46.948,7.44821,85897.7843338323,83.0,94.34999847,82.3416838515457,4.817,100.0,,8638167.0,,6,True
CHE,2021,Switzerland,Europe & Central Asia,High income,Bern,46.948,7.44821,93664.7736696111,83.7512195121951,95.56937154,84.2006477608879,5.013,100.0,,8704546.0,,6,True
CHE,2022,Switzerland,Europe & Central Asia,High income,Bern,46.948,7.44821,94394.5106803525,83.6048780487805,96.45279694,84.9206266284521,4.122,100.0,,8777088.0,,6,True
CHE,2023,Switzerland,Europe & Central Asia,High income,Bern,46.948,7.44821,100623.549627296,84.1560975609756,97.34436623,85.1854212679815,4.043,100.0,,8888822.0,,6,True
CHI,2014,Channel Islands,Europe & Central Asia,High income,,,,64697.5485024325,81.6,,32.6275595274837,8.319,100.0,,162726.0,,5,False
CHI,2015,Channel Islands,Europe & Central Asia,High income,,,,61847.8212238857,81.4,,32.6907784276403,7.928,100.0,,163454.0,,5,False
CHI,2016,Channel Islands,Europe & Central Asia,High income,,,,55947.579811974,81.2,,32.7426259745361,7.469,100.0,,163883.0,,5,False
CHI,2017,Channel Islands,Europe & Central Asia,High income,,,,55806.3554257428,81.0,,32.7853219355631,6.881,100.0,,164319.0,,5,False
CHI,2018,Channel Islands,Europe & Central Asia,High income,,,,60784.8125397162,81.1,,32.8125991997971,6.344,100.0,,164949.0,,5,False
CHI,2019,Channel Islands,Europe & Central Asia,High income,,,,60564.6293993681,81.2,,32.8235411026876,6.185,100.0,,165639.0,,5,False
CHI,2020,Channel Islands,Europe & Central Asia,High income,,,,56785.9402005039,80.9,,32.8247184979451,6.633,100.0,,166235.0,,5,False
CHI,2021,Channel Islands,Europe & Central Asia,High income,,,,66915.3963925722,80.3,,32.8148141071941,6.643,100.0,,166741.0,,5,False
CHI,2022,Channel Islands,Europe & Central Asia,High income,,,,67627.1417347907,81.0,,32.7920439098264,5.923,100.0,,167215.0,,5,False
CHI,2023,Channel Islands,Europe & Central Asia,High income,,,,74585.5224096294,81.1,,32.7554337975051,5.928,100.0,,167691.0,,5,False
CHL,2014,Chile,Latin America & Caribbean,High income,Santiago,-33.475,-70.6475,14529.6767206336,79.714,61.11000061,87.3133701497978,6.761,100.0,76.39,17864195.0,4.276151262343475,6,True
CHL,2015,Chile,Latin America & Caribbean,High income,Santiago,-33.475,-70.6475,13433.9202987032,80.008,76.6295919508796,87.4653320342387,6.605,99.7,81.97,18047625.0,4.54187185294464,6,True
CHL,2016,Chile,Latin America & Caribbean,High income,Santiago,-33.475,-70.6475,13649.8520452803,80.295,83.5585860244169,87.6306290578181,6.926,100.0,86.16,18267221.0,4.716645186479104,6,True
CHL,2017,Chile,Latin America & Caribbean,High income,Santiago,-33.475,-70.6475,14879.9086227187,80.61,82.3274869338464,87.8000295757281,7.257,99.7,87.04,18558868.0,4.689941218397587,6,True
CHL,2018,Chile,Latin America & Caribbean,High income,Santiago,-33.475,-70.6475,15659.4808675628,80.559,84.90000153,87.9620493753008,7.623,100.0,86.62,18893191.0,4.584720495336124,6,True
CHL,2019,Chile,Latin America & Caribbean,High income,Santiago,-33.475,-70.6475,14495.716721687,80.324,85.01760101,88.1273685623538,7.493,100.0,,19197744.0,,6,True
CHL,2020,Chile,Latin America & Caribbean,High income,Santiago,-33.475,-70.6475,13114.815470545,79.349,87.45929718,88.2953490438375,10.934,100.0,,19370624.0,,6,True
CHL,2021,Chile,Latin America & Caribbean,High income,Santiago,-33.475,-70.6475,16206.8325493421,78.876,90.23280334,88.4660511664452,9.281,100.0,,19456334.0,,6,True
CHL,2022,Chile,Latin America & Caribbean,High income,Santiago,-33.475,-70.6475,15405.6165774073,79.176,92.31819916,88.6395352768685,8.249,100.0,,19553036.0,,6,True
CHL,2023,Chile,Latin America & Caribbean,High income,Santiago,-33.475,-70.6475,17067.0364799154,81.167,94.45742345,88.8158617217972,9.013,100.0,,19658835.0,,6,True
CHN,2014,China,East Asia & Pacific,Upper middle income,Beijing,40.0495,116.286,7781.06597484974,76.714,47.90000153,55.7502555847168,4.63,100.0,9894.94,1371860000.0,7.212791392707711,6,True
CHN,2015,China,East Asia & Pacific,Upper middle income,Beijing,40.0495,116.286,8175.33285077393,76.975,50.29999924,57.3297843933105,4.65,100.0,9830.43,1379860000.0,7.124222747235227,6,True
CHN,2016,China,East Asia & Pacific,Upper middle income,Beijing,40.0495,116.286,8254.86859320357,77.214,53.2,58.8399238586426,4.56,100.0,9814.31,1387790000.0,7.071898486082188,6,True
CHN,2017,China,East Asia & Pacific,Upper middle income,Beijing,40.0495,116.286,8979.67652709856,77.235,54.3,60.2402687072754,4.47,100.0,10017.77,1396215000.0,7.174947984372034,6,True
CHN,2018,China,East Asia & Pacific,Upper middle income,Beijing,40.0495,116.286,10085.6638148819,77.709,65.35839844,61.5001983642578,4.31,100.0,10313.46,1402760000.0,7.352262682140922,6,True
CHN,2019,China,East Asia & Pacific,Upper middle income,Beijing,40.0495,116.286,10342.9009524335,77.94,64.080881297515,62.7099151611328,4.56,100.0,,1407745000.0,,6,True
CHN,2020,China,East Asia & Pacific,Upper middle income,Beijing,40.0495,116.286,10627.4637989619,78.019,70.05275998,63.5234230266258,5.0,100.0,,1411100000.0,,6,True
CHN,2021,China,East Asia & Pacific,Upper middle income,Beijing,40.0495,116.286,12887.4357242941,78.117,73.05323517,64.721076965332,4.55,100.0,,1412360000.0,,6,True
CHN,2022,China,East Asia & Pacific,Upper middle income,Beijing,40.0495,116.286,12970.6056414327,78.202,75.61131603,65.2176361083984,4.98,100.0,,1412175000.0,,6,True
CHN,2023,China,East Asia & Pacific,Upper middle income,Beijing,40.0495,116.286,12951.1782397043,77.953,90.6,65.5301448035523,4.67,100.0,,1410710000.0,,6,True
CIV,2014,Cote d'Ivoire,Sub-Saharan Africa,Lower middle income,Yamoussoukro,5.332,-4.0305,1991.36539423404,57.772,10.0,49.0173144557368,3.274,61.9,8.96,24527395.0,0.36530581417227553,6,True
CIV,2015,Cote d'Ivoire,Sub-Saharan Africa,Lower middle income,Yamoussoukro,5.332,-4.0305,1814.71855088017,58.281,38.4400001654616,49.4694894689553,2.573,62.6,9.56,25246342.0,0.37866871961094406,6,True
CIV,2016,Cote d'Ivoire,Sub-Saharan Africa,Lower middle income,Yamoussoukro,5.332,-4.0305,1862.59597081287,58.814,41.2078149304414,49.929991034032,1.896,64.3,9.32,25989405.0,0.35860767108750663,6,True
CIV,2017,Cote d'Ivoire,Sub-Saharan Africa,Lower middle income,Yamoussoukro,5.332,-4.0305,1964.29930338343,59.315,43.8399208514876,50.3977309654344,3.272,65.6,10.38,26733372.0,0.38827874014546315,6,True
CIV,2018,Cote d'Ivoire,Sub-Saharan Africa,Lower middle income,Yamoussoukro,5.332,-4.0305,2130.86619381144,59.795,37.5465361301281,50.8718477756395,2.852,67.1,9.91,27464173.0,0.36083373054779405,6,True
CIV,2019,Cote d'Ivoire,Sub-Saharan Africa,Lower middle income,Yamoussoukro,5.332,-4.0305,2141.76836170115,60.274,36.2889545655205,51.3514799771241,2.401,68.6,,28193009.0,,6,True
CIV,2020,Cote d'Ivoire,Sub-Saharan Africa,Lower middle income,Yamoussoukro,5.332,-4.0305,2179.72934832935,60.14,36.01660156,51.8357660823651,2.588,69.9,,28915449.0,,6,True
CIV,2021,Cote d'Ivoire,Sub-Saharan Africa,Lower middle income,Yamoussoukro,5.332,-4.0305,2455.98127641148,60.29,35.95069885,52.3183461956059,2.623,71.1,,29639736.0,,6,True
CIV,2022,Cote d'Ivoire,Sub-Saharan Africa,Lower middle income,Yamoussoukro,5.332,-4.0305,2333.37128301259,61.562,38.41328122,52.8492549676673,2.31,72.0,,30395002.0,,6,True
CIV,2023,Cote d'Ivoire,Sub-Saharan Africa,Lower middle income,Yamoussoukro,5.332,-4.0305,2591.9659048119,61.944,40.65284979,53.4075201638704,2.263,72.4,,31165654.0,,6,True
CMR,2014,Cameroon,Sub-Saharan Africa,Lower middle income,Yaounde,3.8721,11.5174,1649.4433905949,59.13,16.2148722257524,52.2993944376709,3.534,56.8,7.75,22059893.0,0.3513163005822376,6,True
CMR,2015,Cameroon,Sub-Saharan Africa,Lower middle income,Yaounde,3.8721,11.5174,1415.00009710569,59.687,18.29999924,52.6440863142742,3.518,58.6,8.01,22763414.0,0.3518804341036015,6,True
CMR,2016,Cameroon,Sub-Saharan Africa,Lower middle income,Yaounde,3.8721,11.5174,1441.7201725688,60.293,20.60000038,52.9815033836792,3.529,59.8,8.55,23454161.0,0.36454085908253125,6,True
CMR,2017,Cameroon,Sub-Saharan Africa,Lower middle income,Yaounde,3.8721,11.5174,1496.08951771242,60.817,23.2029719748646,53.3115142121504,3.573,60.9,8.32,24128601.0,0.34481899717269143,6,True
CMR,2018,Cameroon,Sub-Saharan Africa,Lower middle income,Yaounde,3.8721,11.5174,1610.69641591017,61.189,29.70000076,53.6339873660653,3.608,62.2,8.62,24806383.0,0.34749120821040297,6,True
CMR,2019,Cameroon,Sub-Saharan Africa,Lower middle income,Yaounde,3.8721,11.5174,1555.22660476477,61.695,36.53919983,53.9487914119331,3.632,63.2,,25506095.0,,6,True
CMR,2020,Cameroon,Sub-Saharan Africa,Lower middle income,Yaounde,3.8721,11.5174,1555.60370660749,61.674,37.69749832,54.2557949164174,3.881,64.3,,26210558.0,,6,True
CMR,2021,Cameroon,Sub-Saharan Africa,Lower middle income,Yaounde,3.8721,11.5174,1672.32657340872,61.146,38.89260101,54.5548664463635,3.976,65.4,,26915758.0,,6,True
CMR,2022,Cameroon,Sub-Saharan Africa,Lower middle income,Yaounde,3.8721,11.5174,1604.87726954895,62.443,40.12559891,54.8458745688318,3.646,71.0,,27632771.0,,6,True
CMR,2023,Cameroon,Sub-Saharan Africa,Lower middle income,Yaounde,3.8721,11.5174,1720.47510154506,63.7,42.24380112,55.1286878511388,3.607,72.0,,28372687.0,,6,True
COD,2014,"Congo, Dem. Rep.",Sub-Saharan Africa,Low income,Kinshasa,-4.325,15.3222,489.175952097319,58.236,3.0,40.9563873534225,4.436,13.5,4.79,78403242.0,0.06109441239687512,6,True
COD,2015,"Congo, Dem. Rep.",Sub-Saharan Africa,Low income,Kinshasa,-4.325,15.3222,495.826633014883,58.658,3.799999952,41.3435764444694,4.441,16.6,2.89,81035531.0,0.03566336845500525,6,True
COD,2016,"Congo, Dem. Rep.",Sub-Saharan Africa,Low income,Kinshasa,-4.325,15.3222,459.765036590388,59.081,10.1,41.7290483782911,4.528,17.3,2.06,83956415.0,0.024536540775353496,6,True
COD,2017,"Congo, Dem. Rep.",Sub-Saharan Africa,Low income,Kinshasa,-4.325,15.3222,431.052559128788,59.495,,42.1127579403217,4.613,18.0,2.28,87083398.0,0.026181798739640362,5,False
COD,2018,"Congo, Dem. Rep.",Sub-Saharan Africa,Low income,Kinshasa,-4.325,15.3222,518.169626875371,59.926,11.69999981,42.4946599159958,4.632,18.7,2.2,90047644.0,0.024431510945472378,6,True
COD,2019,"Congo, Dem. Rep.",Sub-Saharan Africa,Low income,Kinshasa,-4.325,15.3222,504.00419142286,60.242,13.02970028,42.8747090907476,4.605,19.1,,92947442.0,,6,True
COD,2020,"Congo, Dem. Rep.",Sub-Saharan Africa,Low income,Kinshasa,-4.325,15.3222,486.425572682256,60.428,14.51049995,43.2528602500115,5.355,20.1,,95989998.0,,6,True
COD,2021,"Congo, Dem. Rep.",Sub-Saharan Africa,Low income,Kinshasa,-4.325,15.3222,595.743074403567,60.044,16.1595993,43.6290681792218,5.289,20.8,,99148932.0,,6,True
COD,2022,"Congo, Dem. Rep.",Sub-Saharan Africa,Low income,Kinshasa,-4.325,15.3222,687.738587554685,60.979,17.99620056,44.003287663813,4.54,21.5,,102396968.0,,6,True
COD,2023,"Congo, Dem. Rep.",Sub-Saharan Africa,Low income,Kinshasa,-4.325,15.3222,660.21205238997,61.895,18.96789932,44.3754734892194,4.469,22.1,,105789731.0,,6,True
COG,2014,"Congo, Rep.",Sub-Saharan Africa,Lower middle income,Brazzaville,-4.2767,15.2662,3601.2365808718,63.349,7.110000134,63.0075415618859,19.696,43.4,4.08,4975880.0,0.8199554651639509,6,True
COG,2015,"Congo, Rep.",Sub-Saharan Africa,Lower middle income,Brazzaville,-4.2767,15.2662,2439.35189403696,63.662,7.616000175,63.135592763847,20.02,44.3,3.44,5097581.0,0.6748298849983944,6,True
COG,2016,"Congo, Rep.",Sub-Saharan Africa,Lower middle income,Brazzaville,-4.2767,15.2662,2093.10728558843,63.911,8.121899605,63.2515316469123,20.298,45.3,3.35,5222536.0,0.6414508200613648,6,True
COG,2017,"Congo, Rep.",Sub-Saharan Africa,Lower middle income,Brazzaville,-4.2767,15.2662,2211.63309874797,64.203,8.649999619,63.3544545340423,20.737,46.2,3.22,5351011.0,0.601755443971242,6,True
COG,2018,"Congo, Rep.",Sub-Saharan Africa,Lower middle income,Brazzaville,-4.2767,15.2662,2694.43413191427,64.472,11.8071003,63.4434577481975,20.84,47.0,3.22,5483118.0,0.5872571044431288,6,True
COG,2019,"Congo, Rep.",Sub-Saharan Africa,Lower middle income,Brazzaville,-4.2767,15.2662,2488.42466724916,63.152,16.11639977,63.5176376123385,20.494,47.7,,5616661.0,,6,True
COG,2020,"Congo, Rep.",Sub-Saharan Africa,Lower middle income,Brazzaville,-4.2767,15.2662,1993.586671931,64.391,21.99850082,63.5760904494257,22.286,48.7,,5752791.0,,6,True
COG,2021,"Congo, Rep.",Sub-Saharan Africa,Lower middle income,Brazzaville,-4.2767,15.2662,2516.16255145432,64.192,30.02739906,63.6179125824196,21.998,49.7,,5892183.0,,6,True
COG,2022,"Congo, Rep.",Sub-Saharan Africa,Lower middle income,Brazzaville,-4.2767,15.2662,2620.83804267402,65.0,40.98669815,63.6422003342807,20.131,50.6,,6035104.0,,6,True
COG,2023,"Congo, Rep.",Sub-Saharan Africa,Lower middle income,Brazzaville,-4.2767,15.2662,2477.97845544866,65.772,43.15039825,63.6626757615625,19.919,51.3,,6182885.0,,6,True
COL,2014,Colombia,Latin America & Caribbean,Upper middle income,Bogota,4.60987,-74.082,8187.20824890084,75.95,52.568136539247,77.1058449419909,8.799,97.8,79.82,46565429.0,1.7141472056447713,6,True
COL,2015,Colombia,Latin America & Caribbean,Upper middle income,Bogota,4.60987,-74.082,6248.51490534512,76.067,55.9049725142924,77.1636280538646,8.572,98.2,81.03,46969940.0,1.725145912470827,6,True
COL,2016,Colombia,Latin America & Caribbean,Upper middle income,Bogota,4.60987,-74.082,5959.84250367574,76.228,58.1364935728703,77.2036266362166,8.922,98.4,83.76,47437512.0,1.7656912529476672,6,True
COL,2017,Colombia,Latin America & Caribbean,Upper middle income,Bogota,4.60987,-74.082,6479.53231292429,76.418,62.2598803162841,77.2245191706503,9.086,98.5,76.06,48131078.0,1.5802679507822368,6,True
COL,2018,Colombia,Latin America & Caribbean,Upper middle income,Bogota,4.60987,-74.082,6816.96818309544,76.579,64.1263768204459,77.2804816598084,9.36,98.5,79.49,49024465.0,1.6214353384580535,6,True
COL,2019,Colombia,Latin America & Caribbean,Upper middle income,Bogota,4.60987,-74.082,6472.54544924705,76.793,65.0069007159493,77.4595528518377,10.28,99.4,,49907985.0,,6,True
COL,2020,Colombia,Latin America & Caribbean,Upper middle income,Bogota,4.60987,-74.082,5339.68711357943,74.757,69.79533474,77.6382533537045,15.983,99.7,,50629997.0,,6,True
COL,2021,Colombia,Latin America & Caribbean,Upper middle income,Bogota,4.60987,-74.082,6222.62164397614,72.698,73.02837449,77.8339570326128,13.898,100.0,,51188173.0,,6,True
COL,2022,Colombia,Latin America & Caribbean,Upper middle income,Bogota,4.60987,-74.082,6680.44506854481,76.508,72.79637855,78.0464633137335,10.541,100.0,,51737944.0,,6,True
COL,2023,Colombia,Latin America & Caribbean,Upper middle income,Bogota,4.60987,-74.082,7000.83660501046,77.725,77.33686322,78.275571579544,9.591,98.7,,52321152.0,,6,True
COM,2014,Comoros,Sub-Saharan Africa,Lower middle income,Moroni,-11.6986,43.2418,1615.71723662012,64.143,6.980000019,30.0302906552932,3.984,71.8,0.16,711503.0,0.2248760722020849,6,True
COM,2015,Comoros,Sub-Saharan Africa,Lower middle income,Moroni,-11.6986,43.2418,1329.37048235986,64.473,7.459199905,30.3732008585112,4.031,74.1,0.18,726682.0,0.24770119529587908,6,True
COM,2016,Comoros,Sub-Saharan Africa,Lower middle income,Moroni,-11.6986,43.2418,1365.48403444497,64.792,7.938300133,30.7305018169792,4.117,76.4,0.2,741741.0,0.2696358971662615,6,True
COM,2017,Comoros,Sub-Saharan Africa,Lower middle income,Moroni,-11.6986,43.2418,1423.9248027797,65.127,8.478199959,31.0996559689293,4.049,78.7,0.25,756669.0,0.33039545693030903,6,True
COM,2018,Comoros,Sub-Saharan Africa,Lower middle income,Moroni,-11.6986,43.2418,1527.40527125285,65.401,,31.4073645195839,3.975,81.0,0.26,771590.0,0.3369665236718983,5,False
COM,2019,Comoros,Sub-Saharan Africa,Lower middle income,Moroni,-11.6986,43.2418,1510.23218151592,65.662,16.38380051,31.7287584068243,3.926,83.3,,786578.0,,6,True
COM,2020,Comoros,Sub-Saharan Africa,Lower middle income,Moroni,-11.6986,43.2418,1519.34665556206,65.756,22.42040062,32.0638072194881,4.468,85.6,,802163.0,,6,True
COM,2021,Comoros,Sub-Saharan Africa,Lower middle income,Moroni,-11.6986,43.2418,1554.97289190153,65.201,30.68120003,32.4124444313246,4.394,87.9,,818174.0,,6,True
COM,2022,Comoros,Sub-Saharan Africa,Lower middle income,Moroni,-11.6986,43.2418,1465.479642862,66.481,31.37409973,32.7746035528748,3.879,89.9,,834188.0,,6,True
COM,2023,Comoros,Sub-Saharan Africa,Lower middle income,Moroni,-11.6986,43.2418,1560.27378476855,66.777,31.92749977,33.1502180946901,3.833,89.8,,850387.0,,6,True
CPV,2014,Cabo Verde,Sub-Saharan Africa,Upper middle income,Praia,14.9218,-23.5087,3985.60706548134,73.788,40.25999832,65.8085112712742,11.689,85.3,0.5,512326.0,0.9759411000027326,6,True
CPV,2015,Cabo Verde,Sub-Saharan Africa,Upper middle income,Praia,14.9218,-23.5087,3415.06266730931,74.096,42.6830141582781,66.9045094767116,11.923,86.4,0.5,512394.0,0.9758115824931596,6,True
CPV,2016,Cabo Verde,Sub-Saharan Africa,Upper middle income,Praia,14.9218,-23.5087,3608.96605234906,74.35,50.3228178676892,68.0354078358316,12.085,87.5,0.55,512554.0,1.073057668070096,6,True
CPV,2017,Cabo Verde,Sub-Saharan Africa,Upper middle income,Praia,14.9218,-23.5087,3893.09571382506,74.71,57.1621463484891,69.1999988159713,12.24,88.6,0.59,512893.0,1.150337399808537,6,True
CPV,2018,Cabo Verde,Sub-Saharan Africa,Upper middle income,Praia,14.9218,-23.5087,4294.96510035729,74.84,59.5,70.3970748844677,12.17,90.2,0.62,513415.0,1.2076000895961356,6,True
CPV,2019,Cabo Verde,Sub-Saharan Africa,Upper middle income,Praia,14.9218,-23.5087,4380.78117331128,75.449,61.9433977593088,71.6254285086577,12.123,91.4,,514104.0,,6,True
CPV,2020,Cabo Verde,Sub-Saharan Africa,Upper middle income,Praia,14.9218,-23.5087,3539.22661248299,73.818,69.37339783,72.8838521558784,14.65,93.7,,514679.0,,6,True
CPV,2021,Cabo Verde,Sub-Saharan Africa,Upper middle income,Praia,14.9218,-23.5087,3971.44409203423,74.424,70.28250122,74.1607930892827,13.932,95.5,,516649.0,,6,True
CPV,2022,Cabo Verde,Sub-Saharan Africa,Upper middle income,Praia,14.9218,-23.5087,4323.31362032709,75.907,73.32740021,75.033738060849,12.239,97.1,,519741.0,,6,True
CPV,2023,Cabo Verde,Sub-Saharan Africa,Upper middle income,Praia,14.9218,-23.5087,4794.90121917259,76.059,74.59919739,75.9064245753376,11.882,98.6,,522331.0,,6,True
CRI,2014,Costa Rica,Latin America & Caribbean,High income,San Jose,9.63701,-84.0089,10911.497878334,80.231,53.0,74.4866963181212,8.499,99.4,7.83,4767119.0,1.6425014773073632,6,True
CRI,2015,Costa Rica,Latin America & Caribbean,High income,San Jose,9.63701,-84.0089,11714.7105980732,80.407,59.7629501371681,75.0198195767549,8.415,99.4,7.54,4818038.0,1.5649523727293142,6,True
CRI,2016,Costa Rica,Latin America & Caribbean,High income,San Jose,9.63701,-84.0089,12091.0301606154,79.988,65.8804491942718,75.5423088085047,8.085,99.5,8.08,4866998.0,1.660160945206881,6,True
CRI,2017,Costa Rica,Latin America & Caribbean,High income,San Jose,9.63701,-84.0089,12317.0902771304,79.994,71.5816646195022,76.0539254265608,7.729,99.6,8.18,4913177.0,1.66491050495433,6,True
CRI,2018,Costa Rica,Latin America & Caribbean,High income,San Jose,9.63701,-84.0089,12590.2493781614,80.09,73.4797284369906,76.5544308439668,9.01,99.7,8.26,4957818.0,1.6660555107105586,6,True
CRI,2019,Costa Rica,Latin America & Caribbean,High income,San Jose,9.63701,-84.0089,12884.6859951989,80.296,81.2025964435269,77.0435864735963,10.807,99.7,,4999553.0,,6,True
CRI,2020,Costa Rica,Latin America & Caribbean,High income,San Jose,9.63701,-84.0089,12394.0493969492,79.725,80.53018608,77.5211537281257,16.432,99.9,,5034320.0,,6,True
CRI,2021,Costa Rica,Latin America & Caribbean,High income,San Jose,9.63701,-84.0089,12838.1185358931,78.05,82.74901607,77.9868940200009,15.139,100.0,,5059988.0,,6,True
CRI,2022,Costa Rica,Latin America & Caribbean,High income,San Jose,9.63701,-84.0089,13625.9008491328,79.316,82.59801121,78.4405687613972,11.325,100.0,,5081765.0,,6,True
CRI,2023,Costa Rica,Latin America & Caribbean,High income,San Jose,9.63701,-84.0089,16942.0268119375,80.799,85.39514799,78.8819393641702,8.325,100.0,,5105525.0,,6,True
CUB,2014,Cuba,Latin America & Caribbean,Upper middle income,Havana,23.1333,-82.3667,7146.70459051328,77.825,29.0701843656523,76.8442459106445,2.7,98.7,26.88,11285775.0,2.3817593386364693,6,True
CUB,2015,Cuba,Latin America & Caribbean,Upper middle income,Havana,23.1333,-82.3667,7727.91997207998,77.745,37.3050974155373,76.8702850341797,2.4,99.0,27.49,11275065.0,2.438123416583408,6,True
CUB,2016,Cuba,Latin America & Caribbean,Upper middle income,Havana,23.1333,-82.3667,8110.55874283616,77.571,42.9786751910106,76.9115829467773,2.0,99.2,28.45,11265612.0,2.5253843288762297,6,True
CUB,2017,Cuba,Latin America & Caribbean,Upper middle income,Havana,23.1333,-82.3667,8610.60829605429,77.3,57.1484043170788,76.9603271484375,1.7,99.4,25.65,11247829.0,2.2804400742578856,6,True
CUB,2018,Cuba,Latin America & Caribbean,Upper middle income,Havana,23.1333,-82.3667,8911.46205998726,77.426,62.6789236230601,77.0156326293945,1.7,99.6,24.97,11227118.0,2.2240792338692796,6,True
CUB,2019,Cuba,Latin America & Caribbean,Upper middle income,Havana,23.1333,-82.3667,9232.26115935183,77.413,67.9708086565152,77.0728225708008,1.705,99.8,,11202846.0,,6,True
CUB,2020,Cuba,Latin America & Caribbean,Upper middle income,Havana,23.1333,-82.3667,9605.27914559614,77.407,71.11907507,77.1080322265625,2.233,99.9,,11176354.0,,6,True
CUB,2021,Cuba,Latin America & Caribbean,Upper middle income,Havana,23.1333,-82.3667,,73.201,67.64354869,77.0987701416016,2.11,100.0,,11122168.0,,5,False
CUB,2022,Cuba,Latin America & Caribbean,Upper middle income,Havana,23.1333,-82.3667,,77.629,67.88410187,77.1056060791016,1.829,100.0,,11059820.0,,5,False
CUB,2023,Cuba,Latin America & Caribbean,Upper middle income,Havana,23.1333,-82.3667,,78.085,69.55580139,77.1259872296321,1.73,100.0,,11019931.0,,5,False
CUW,2014,Curacao,Latin America & Caribbean,High income,Willemstad,,,19623.0300713664,76.384,,91.3082030810948,,100.0,,155909.0,,4,False
CUW,2015,Curacao,Latin America & Caribbean,High income,Willemstad,,,19361.8129630226,76.482,,91.3220471649755,,100.0,,157980.0,,4,False
CUW,2016,Curacao,Latin America & Caribbean,High income,Willemstad,,,18944.0962772875,76.322,61.855510740634,91.3353544596205,,100.0,,159664.0,,5,False
CUW,2017,Curacao,Latin America & Caribbean,High income,Willemstad,,,18938.2440965187,76.423,68.1272162511339,91.3480685861287,,100.0,,160175.0,,5,False
CUW,2018,Curacao,Latin America & Caribbean,High income,Willemstad,,,19119.1244887029,76.493,,91.3601331655991,,100.0,,159336.0,,4,False
CUW,2019,Curacao,Latin America & Caribbean,High income,Willemstad,,,19220.6865793075,76.492,,91.3714918191305,,100.0,,157441.0,,4,False
CUW,2020,Curacao,Latin America & Caribbean,High income,Willemstad,,,16299.8134349902,76.501,,91.3820881678218,,100.0,,155482.0,,4,False
CUW,2021,Curacao,Latin America & Caribbean,High income,Willemstad,,,17795.5826616182,75.686,,91.391865832772,,100.0,,153948.0,,4,False
CUW,2022,Curacao,Latin America & Caribbean,High income,Willemstad,,,20057.1404747175,76.729,,91.4007684350799,,100.0,,153321.0,,4,False
CUW,2023,Curacao,Latin America & Caribbean,High income,Willemstad,,,21217.8110321785,76.8,,91.4080929292235,,100.0,,154654.0,,4,False
CYM,2014,Cayman Islands,Latin America & Caribbean,High income,George Town,19.3022,-81.3857,75845.3055572577,77.865,74.1,100.0,,100.0,,60160.0,,5,False
CYM,2015,Cayman Islands,Latin America & Caribbean,High income,George Town,19.3022,-81.3857,76379.2098777987,78.119,77.0,100.0,,100.0,,61642.0,,5,False
CYM,2016,Cayman Islands,Latin America & Caribbean,High income,George Town,19.3022,-81.3857,77802.2535658023,78.367,79.0,100.0,,100.0,,63100.0,,5,False
CYM,2017,Cayman Islands,Latin America & Caribbean,High income,George Town,19.3022,-81.3857,80053.9442657031,78.615,81.0676932508161,100.0,,100.0,,64535.0,,5,False
CYM,2018,Cayman Islands,Latin America & Caribbean,High income,George Town,19.3022,-81.3857,83865.5540393356,78.835,,100.0,,100.0,,65941.0,,4,False
CYM,2019,Cayman Islands,Latin America & Caribbean,High income,George Town,19.3022,-81.3857,88254.2902486867,79.052,,100.0,,100.0,,67327.0,,4,False
CYM,2020,Cayman Islands,Latin America & Caribbean,High income,George Town,19.3022,-81.3857,82338.7977439023,79.23,,100.0,,100.0,,68684.0,,4,False
CYM,2021,Cayman Islands,Latin America & Caribbean,High income,George Town,19.3022,-81.3857,86449.6749037302,79.3,,100.0,,100.0,,70108.0,,4,False
CYM,2022,Cayman Islands,Latin America & Caribbean,High income,George Town,19.3022,-81.3857,93030.7051447803,79.984,,100.0,,100.0,,71591.0,,4,False
CYM,2023,Cayman Islands,Latin America & Caribbean,High income,George Town,19.3022,-81.3857,99143.5180243123,80.358,,100.0,,100.0,,73038.0,,4,False
CYP,2014,Cyprus,Europe & Central Asia,High income,Nicosia,35.1676,33.3736,26993.103515625,81.337,69.3286967086473,67.1230558819804,16.277,100.0,6.75,1201801.0,5.61657046382887,6,True
CYP,2015,Cyprus,Europe & Central Asia,High income,Nicosia,35.1676,33.3736,23088.44140625,81.464,71.7157409175171,67.0402477918073,15.026,100.0,6.78,1219502.0,5.559646478644561,6,True
CYP,2016,Cyprus,Europe & Central Asia,High income,Nicosia,35.1676,33.3736,24280.056640625,81.534,75.9002054030125,66.9625604106231,13.006,100.0,7.15,1237112.0,5.779589883535201,6,True
CYP,2017,Cyprus,Europe & Central Asia,High income,Nicosia,35.1676,33.3736,26247.44921875,81.543,80.743188971932,66.8907450570326,11.155,100.0,7.3,1254275.0,5.820095274162365,6,True
CYP,2018,Cyprus,Europe & Central Asia,High income,Nicosia,35.1676,33.3736,29120.375,81.556,84.4335825186889,66.8255530496405,8.504,100.0,7.23,1270737.0,5.689611619084044,6,True
CYP,2019,Cyprus,Europe & Central Asia,High income,Nicosia,35.1676,33.3736,29227.173828125,81.454,86.0636299618935,66.7677357070518,7.155,100.0,,1286671.0,,6,True
CYP,2020,Cyprus,Europe & Central Asia,High income,Nicosia,35.1676,33.3736,28130.341796875,81.23,90.80194644,66.7180443478713,7.755,100.0,,1302247.0,,6,True
CYP,2021,Cyprus,Europe & Central Asia,High income,Nicosia,35.1676,33.3736,32937.83984375,80.573,90.75951564,66.6718365394971,7.513,100.0,,1317309.0,,6,True
CYP,2022,Cyprus,Europe & Central Asia,High income,Nicosia,35.1676,33.3736,33231.04296875,80.434,89.60099194,66.6694829407584,6.806,100.0,,1331370.0,,6,True
CYP,2023,Cyprus,Europe & Central Asia,High income,Nicosia,35.1676,33.3736,36623.69140625,81.648,91.22110357,66.6739477522639,5.835,100.0,,1344976.0,,6,True
CZE,2014,Czechia,Europe & Central Asia,High income,Prague,50.0878,14.4205,20038.4163180257,78.8243902439024,74.2317116367383,73.0995921041469,6.108,100.0,99.75,10525347.0,9.477122226944157,6,True
CZE,2015,Czechia,Europe & Central Asia,High income,Prague,50.0878,14.4205,17931.5987670768,78.5780487804878,75.668838699279,73.0370442874355,5.048,100.0,100.98,10546059.0,9.575140818006044,6,True
CZE,2016,Czechia,Europe & Central Asia,High income,Prague,50.0878,14.4205,18753.9686718096,79.0268292682927,76.4811986951838,72.9745753395623,3.952,100.0,102.86,10566332.0,9.734693174509376,6,True
CZE,2017,Czechia,Europe & Central Asia,High income,Prague,50.0878,14.4205,20913.197632212,78.9780487804878,78.7191728513432,72.9121853567256,2.893,100.0,103.42,10594438.0,9.76172591693868,6,True
CZE,2018,Czechia,Europe & Central Asia,High income,Prague,50.0878,14.4205,23705.9329811299,79.0292682926829,80.6881675434288,72.8498744351241,2.246,100.0,102.48,10629928.0,9.640704998190015,6,True
CZE,2019,Czechia,Europe & Central Asia,High income,Prague,50.0878,14.4205,24062.7190013343,79.2292682926829,80.8669444139622,72.7876426709563,2.015,100.0,,10671870.0,,6,True
CZE,2020,Czechia,Europe & Central Asia,High income,Prague,50.0878,14.4205,23472.8915454417,78.2268292682927,81.33889705,72.7254901604208,2.55,100.0,,10697858.0,,6,True
CZE,2021,Czechia,Europe & Central Asia,High income,Prague,50.0878,14.4205,27696.4619527544,77.2219512195122,82.67062427,72.6810594374316,2.803,100.0,,10505772.0,,6,True
CZE,2022,Czechia,Europe & Central Asia,High income,Prague,50.0878,14.4205,28282.2236715857,78.9292682926829,84.54009378,72.6967638379524,2.224,100.0,,10672118.0,,6,True
CZE,2023,Czechia,Europe & Central Asia,High income,Prague,50.0878,14.4205,31761.5944102491,79.8268292682927,85.99404818,72.7352388396817,2.579,100.0,,10864042.0,,6,True
DEU,2014,Germany,Europe & Central Asia,High income,Berlin,52.5235,13.4115,48959.5991203133,81.090243902439,86.1937006578756,80.57574023743,4.979,100.0,737.49,80982500.0,9.106782329515637,6,True
DEU,2015,Germany,Europe & Central Asia,High income,Berlin,52.5235,13.4115,41929.7549110722,80.6414634146341,87.5897993525767,80.6974371632814,4.612,100.0,742.31,81686611.0,9.087290939270328,6,True
DEU,2016,Germany,Europe & Central Asia,High income,Berlin,52.5235,13.4115,42948.9381932694,80.990243902439,84.1652066441212,80.8347870684725,4.104,100.0,747.15,82348669.0,9.073006389453605,6,True
DEU,2017,Germany,Europe & Central Asia,High income,Berlin,52.5235,13.4115,45553.9341495339,80.9926829268293,84.3941537010844,80.9842544038853,3.781,100.0,732.2,82657002.0,8.858293699062543,6,True
DEU,2018,Germany,Europe & Central Asia,High income,Berlin,52.5235,13.4115,48916.1686612154,80.8926829268293,87.037112092841,81.1423036204018,3.384,100.0,709.54,82905782.0,8.558389811702156,6,True
DEU,2019,Germany,Europe & Central Asia,High income,Berlin,52.5235,13.4115,47656.199739747,81.2926829268293,88.1345169091916,81.3053991689039,3.163,100.0,,83092962.0,,6,True
DEU,2020,Germany,Europe & Central Asia,High income,Berlin,52.5235,13.4115,47394.8734504469,81.0414634146342,89.81294133,81.4700055002738,3.881,100.0,,83160871.0,,6,True
DEU,2021,Germany,Europe & Central Asia,High income,Berlin,52.5235,13.4115,52349.2459994422,80.790243902439,91.43060973,81.6325870653934,3.594,100.0,,83196078.0,,6,True
DEU,2022,Germany,Europe & Central Asia,High income,Berlin,52.5235,13.4115,50506.5179638543,80.6080487804878,91.62984383,81.7867852780995,3.137,100.0,,83177813.0,,6,True
DEU,2023,Germany,Europe & Central Asia,High income,Berlin,52.5235,13.4115,54776.7668235491,81.0414634146342,92.4763763,81.9034366692129,3.071,100.0,,83287273.0,,6,True
DJI,2014,Djibouti,"Middle East, North Africa, Afghanistan & Pakistan",Lower middle income,Djibouti,11.5806,43.1425,2214.62084142432,62.427,17.0,70.8899032189478,26.16,58.9,0.46,1002717.0,0.45875356655965743,6,True
DJI,2015,Djibouti,"Middle East, North Africa, Afghanistan & Pakistan",Lower middle income,Djibouti,11.5806,43.1425,2376.12554719873,62.833,22.89999962,71.0068853915837,26.063,59.1,0.54,1020313.0,0.529249357795108,6,True
DJI,2016,Djibouti,"Middle East, North Africa, Afghanistan & Pakistan",Lower middle income,Djibouti,11.5806,43.1425,2510.4300076241,63.335,30.79999924,71.1492236341041,25.982,59.8,0.49,1037653.0,0.472219518471011,6,True
DJI,2017,Djibouti,"Middle East, North Africa, Afghanistan & Pakistan",Lower middle income,Djibouti,11.5806,43.1425,2618.95521147369,63.71,55.6814092453962,71.318261933957,26.064,60.2,0.47,1054841.0,0.44556478180123826,6,True
DJI,2018,Djibouti,"Middle East, North Africa, Afghanistan & Pakistan",Lower middle income,Djibouti,11.5806,43.1425,2718.08338799203,64.105,57.06169891,71.5153442785902,26.18,62.4,0.49,1071882.0,0.4571398717396131,6,True
DJI,2019,Djibouti,"Middle East, North Africa, Afghanistan & Pakistan",Lower middle income,Djibouti,11.5806,43.1425,2837.16902340932,64.381,58.4762001,71.7418146554518,26.257,64.7,,1088709.0,,6,True
DJI,2020,Djibouti,"Middle East, North Africa, Afghanistan & Pakistan",Lower middle income,Djibouti,11.5806,43.1425,2844.88810647853,64.2,59.92570114,71.9990170519895,27.701,64.5,,1105188.0,,6,True
DJI,2021,Djibouti,"Middle East, North Africa, Afghanistan & Pakistan",Lower middle income,Djibouti,11.5806,43.1425,3025.91126413549,63.83,61.41120148,72.2882954556515,27.628,65.4,,1121248.0,,6,True
DJI,2022,Djibouti,"Middle East, North Africa, Afghanistan & Pakistan",Lower middle income,Djibouti,11.5806,43.1425,3133.25779772463,65.54,63.77600098,72.6109938538856,26.272,65.0,,1137096.0,,6,True
DJI,2023,Djibouti,"Middle East, North Africa, Afghanistan & Pakistan",Lower middle income,Djibouti,11.5806,43.1425,3381.29779710722,65.987,64.75869751,72.8408245988921,26.074,65.2,,1152944.0,,6,True
DMA,2014,Dominica,Latin America & Caribbean,Upper middle income,Roseau,15.2976,-61.39,8131.74876096735,71.189,57.5,69.4907847110252,,95.7,0.18,70373.0,2.5577991559262787,5,False
DMA,2015,Dominica,Latin America & Caribbean,Upper middle income,Roseau,15.2976,-61.39,8282.59874702141,69.968,65.0,69.8679153463528,,96.7,0.18,70410.0,2.5564550489987217,5,False
DMA,2016,Dominica,Latin America & Caribbean,Upper middle income,Roseau,15.2976,-61.39,8802.56172041363,71.189,67.02999878,70.2511605730541,,97.8,0.18,69606.0,2.585983966899405,5,False
DMA,2017,Dominica,Latin America & Caribbean,Upper middle income,Roseau,15.2976,-61.39,8224.64896571414,68.62,69.61969757,70.6405848604787,,98.9,0.17,68496.0,2.481896753095071,5,False
DMA,2018,Dominica,Latin America & Caribbean,Upper middle income,Roseau,15.2976,-61.39,9215.3085405645,71.378,,71.0362526779762,,99.6,0.18,68174.0,2.640302754715874,4,False
DMA,2019,Dominica,Latin America & Caribbean,Upper middle income,Roseau,15.2976,-61.39,9491.14995962374,71.305,73.38200378,71.4382284948964,,99.9,,67880.0,,5,False
DMA,2020,Dominica,Latin America & Caribbean,Upper middle income,Roseau,15.2976,-61.39,7827.74842680426,71.269,75.65670013,71.846576780589,,100.0,,67573.0,,5,False
DMA,2021,Dominica,Latin America & Caribbean,Upper middle income,Roseau,15.2976,-61.39,8376.40414141113,69.832,78.07949829,72.2613620044042,,100.0,,67202.0,,5,False
DMA,2022,Dominica,Latin America & Caribbean,Upper middle income,Roseau,15.2976,-61.39,9323.66089490562,71.081,80.57980347,72.682648635692,,100.0,,66826.0,,5,False
DMA,2023,Dominica,Latin America & Caribbean,Upper middle income,Roseau,15.2976,-61.39,9912.96212766668,71.132,81.33650208,73.1105011438027,,100.0,,66510.0,,5,False
DNK,2014,Denmark,Europe & Central Asia,High income,Copenhagen,55.6763,12.5681,62520.4509747011,80.7,95.9935053764454,87.6823985731907,6.925,100.0,35.76,5643475.0,6.336521380886777,6,True
DNK,2015,Denmark,Europe & Central Asia,High income,Copenhagen,55.6763,12.5681,53094.0133607574,80.7024390243902,96.3305016195436,87.7254056577329,6.278,100.0,33.6,5683483.0,5.911867775446852,6,True
DNK,2016,Denmark,Europe & Central Asia,High income,Copenhagen,55.6763,12.5681,54500.9260410217,80.8536585365854,96.9677852516645,87.6999969482422,5.989,100.0,35.38,5728010.0,6.1766651943694235,6,True
DNK,2017,Denmark,Europe & Central Asia,High income,Copenhagen,55.6763,12.5681,57521.5514992225,81.1024390243903,97.0993621555621,88.0161943799509,5.833,100.0,33.33,5764980.0,5.7814597795655835,6,True
DNK,2018,Denmark,Europe & Central Asia,High income,Copenhagen,55.6763,12.5681,61324.7665045565,80.9536585365854,97.3192043651002,88.1059762310689,5.131,100.0,33.38,5793636.0,5.761494163596057,6,True
DNK,2019,Denmark,Europe & Central Asia,High income,Copenhagen,55.6763,12.5681,59404.2663247723,81.4512195121951,98.0464347521549,88.2096490810669,5.018,100.0,,5814422.0,,6,True
DNK,2020,Denmark,Europe & Central Asia,High income,Copenhagen,55.6763,12.5681,60985.4885601514,81.6024390243903,96.54914573,88.2394485473632,5.644,100.0,,5831404.0,,6,True
DNK,2021,Denmark,Europe & Central Asia,High income,Copenhagen,55.6763,12.5681,69340.7334922138,81.4048780487805,98.8658506,88.2616449318149,5.065,100.0,,5856733.0,,6,True
DNK,2022,Denmark,Europe & Central Asia,High income,Copenhagen,55.6763,12.5681,67781.0940939514,81.3048780487805,97.86011812,88.3880239837703,4.434,100.0,,5903037.0,,6,True
DNK,2023,Denmark,Europe & Central Asia,High income,Copenhagen,55.6763,12.5681,68043.5466971243,81.7536585365854,98.77559197,88.552638542867,5.094,100.0,,5946952.0,,6,True
DOM,2014,Dominican Republic,Latin America & Caribbean,Upper middle income,Santo Domingo,18.479,-69.8908,6496.45166971142,73.145,49.58000183,74.1931533822153,6.719,98.5,21.32,10315528.0,2.066787080603145,6,True
DOM,2015,Dominican Republic,Latin America & Caribbean,Upper middle income,Santo Domingo,18.479,-69.8908,6800.95309395474,72.982,54.2157663369785,74.1372305958285,7.605,98.6,23.45,10434829.0,2.247281675626884,6,True
DOM,2016,Dominican Republic,Latin America & Caribbean,Upper middle income,Santo Domingo,18.479,-69.8908,7160.44200982307,72.889,63.8708647408206,74.0506780735522,7.284,98.9,24.46,10551430.0,2.318169196023667,6,True
DOM,2017,Dominican Republic,Latin America & Caribbean,Upper middle income,Santo Domingo,18.479,-69.8908,7412.71571571512,73.37,67.5712453277737,73.926806252977,5.832,100.0,23.39,10666843.0,2.192776250667606,6,True
DOM,2018,Dominican Republic,Latin America & Caribbean,Upper middle income,Santo Domingo,18.479,-69.8908,7882.98221584944,73.555,74.8220483597284,73.7589255716938,5.861,98.9,25.12,10782053.0,2.3297974884745978,6,True
DOM,2019,Dominican Republic,Latin America & Caribbean,Upper middle income,Santo Domingo,18.479,-69.8908,8183.01623600375,73.112,79.71549988,73.5403464672933,6.356,99.0,,10894043.0,,6,True
DOM,2020,Dominican Republic,Latin America & Caribbean,Upper middle income,Santo Domingo,18.479,-69.8908,7135.22273255899,72.636,81.61730194,73.2643793773663,6.126,100.0,,11008300.0,,6,True
DOM,2021,Dominican Republic,Latin America & Caribbean,Upper middle income,Santo Domingo,18.479,-69.8908,8527.0754858205,71.757,85.24298638,72.9243347395035,7.702,98.1,,11123476.0,,6,True
DOM,2022,Dominican Republic,Latin America & Caribbean,Upper middle income,Santo Domingo,18.479,-69.8908,10104.2449349081,74.211,81.51269675,72.4203155643711,5.504,98.1,,11230734.0,,6,True
DOM,2023,Dominican Republic,Latin America & Caribbean,Upper middle income,Santo Domingo,18.479,-69.8908,10630.431743829,73.72,86.12689972,72.3577991823338,5.555,99.6,,11331265.0,,6,True
DZA,2014,Algeria,"Middle East, North Africa, Afghanistan & Pakistan",Upper middle income,Algiers,36.7397,3.05097,6094.69392314956,74.992,29.5,69.5468765157615,10.207,99.3,138.81,39205031.0,3.54061701928,6,True
DZA,2015,Algeria,"Middle East, North Africa, Afghanistan & Pakistan",Upper middle income,Algiers,36.7397,3.05097,4685.05902729002,75.159,38.20000076,70.1433070861612,11.206,99.4,145.97,40019529.0,3.6474692143428276,6,True
DZA,2016,Algeria,"Middle East, North Africa, Afghanistan & Pakistan",Upper middle income,Algiers,36.7397,3.05097,4424.98529027556,75.31,42.94549942,70.7353778263851,10.202,99.4,143.35,40850721.0,3.5091179908428054,6,True
DZA,2017,Algeria,"Middle East, North Africa, Afghanistan & Pakistan",Upper middle income,Algiers,36.7397,3.05097,4554.66753957828,75.431,47.69110107,71.3227912436551,12.0,99.5,145.1,41689299.0,3.4805094707876956,6,True
DZA,2018,Algeria,"Middle East, North Africa, Afghanistan & Pakistan",Upper middle income,Algiers,36.7397,3.05097,4577.21029180491,75.555,49.0384680793271,71.905249845153,12.112,99.6,151.67,42505035.0,3.568283145749674,6,True
DZA,2019,Algeria,"Middle East, North Africa, Afghanistan & Pakistan",Upper middle income,Algiers,36.7397,3.05097,4468.45341883656,75.682,55.79069901,72.4824561380175,12.302,99.5,,43294546.0,,6,True
DZA,2020,Algeria,"Middle East, North Africa, Afghanistan & Pakistan",Upper middle income,Algiers,36.7397,3.05097,3743.5419522929,73.257,63.47269821,73.0541126293395,14.08,99.7,,44042091.0,,6,True
DZA,2021,Algeria,"Middle East, North Africa, Afghanistan & Pakistan",Upper middle income,Algiers,36.7397,3.05097,4160.55926736925,75.208,72.21240234,73.6199218261573,13.656,99.8,,44761099.0,,6,True
DZA,2022,Algeria,"Middle East, North Africa, Afghanistan & Pakistan",Upper middle income,Algiers,36.7397,3.05097,4960.30334332888,76.129,74.78150177,74.1795862354514,12.382,100.0,,45477389.0,,6,True
DZA,2023,Algeria,"Middle East, North Africa, Afghanistan & Pakistan",Upper middle income,Algiers,36.7397,3.05097,5370.477235078,76.261,76.19760132,74.732808364138,11.645,100.0,,46164219.0,,6,True
ECU,2014,Ecuador,Latin America & Caribbean,Upper middle income,Quito,-0.229498,-78.5243,6405.79979300441,76.141,45.5903906666095,62.9232432195799,3.48,99.0,41.2,16035124.0,2.5693596133088836,6,True
ECU,2015,Ecuador,Latin America & Caribbean,Upper middle income,Quito,-0.229498,-78.5243,5976.1596805651,76.222,48.9404337892669,62.959188676731,3.616,98.8,40.72,16266225.0,2.5033466584902153,6,True
ECU,2016,Ecuador,Latin America & Caribbean,Upper middle income,Quito,-0.229498,-78.5243,5917.63771271481,76.094,54.0629247288864,62.9913367571804,4.597,98.7,39.01,16505139.0,2.363506299462246,6,True
ECU,2017,Ecuador,Latin America & Caribbean,Upper middle income,Quito,-0.229498,-78.5243,6233.32244797718,76.22,55.79999924,63.0194591842425,3.836,99.2,37.76,16759519.0,2.253047954419217,6,True
ECU,2018,Ecuador,Latin America & Caribbean,Upper middle income,Quito,-0.229498,-78.5243,6303.91886658338,77.248,57.5,63.0433276812321,3.53,98.7,39.53,17049547.0,2.3185366743175053,6,True
ECU,2019,Ecuador,Latin America & Caribbean,Upper middle income,Quito,-0.229498,-78.5243,6205.05765246766,77.286,59.2,63.0627139714638,3.812,99.1,,17340021.0,,6,True
ECU,2020,Ecuador,Latin America & Caribbean,Upper middle income,Quito,-0.229498,-78.5243,5463.64515348598,72.004,70.7,63.0773897782521,6.116,98.9,,17546065.0,,6,True
ECU,2021,Ecuador,Latin America & Caribbean,Upper middle income,Quito,-0.229498,-78.5243,6061.32350181711,72.746,69.1147995,63.0871268249117,4.504,100.0,,17682454.0,,6,True
ECU,2022,Ecuador,Latin America & Caribbean,Upper middle income,Quito,-0.229498,-78.5243,6515.58528418336,76.577,69.71811356,63.0901835932266,3.713,100.0,,17823897.0,,6,True
ECU,2023,Ecuador,Latin America & Caribbean,Upper middle income,Quito,-0.229498,-78.5243,6737.84748379638,77.392,72.6943146,63.1307729554263,3.51,98.7,,17980083.0,,6,True
EGY,2014,"Egypt, Arab Rep.","Middle East, North Africa, Afghanistan & Pakistan",Lower middle income,Cairo,30.0982,31.2461,3133.39102265541,69.911,33.8946039115275,42.6825522284408,13.105,99.8,216.65,97528654.0,2.221398441528784,6,True
EGY,2015,"Egypt, Arab Rep.","Middle East, North Africa, Afghanistan & Pakistan",Lower middle income,Cairo,30.0982,31.2461,3306.98159414141,70.135,37.8193834276939,42.6056314089048,13.052,99.3,225.95,99597342.0,2.2686348396727296,6,True
EGY,2016,"Egypt, Arab Rep.","Middle East, North Africa, Afghanistan & Pakistan",Lower middle income,Cairo,30.0982,31.2461,3270.6287768197,70.437,41.2480670885772,42.5210717266225,12.45,100.0,233.96,101644589.0,2.301745742707465,6,True
EGY,2017,"Egypt, Arab Rep.","Middle East, North Africa, Afghanistan & Pakistan",Lower middle income,Cairo,30.0982,31.2461,2395.10333299491,70.709,44.9502042452857,42.4486008687179,11.767,100.0,238.69,103696057.0,2.3018232988357505,6,True
EGY,2018,"Egypt, Arab Rep.","Middle East, North Africa, Afghanistan & Pakistan",Lower middle income,Cairo,30.0982,31.2461,2484.70315630508,70.974,46.92433676792,42.4577177449969,9.855,100.0,246.26,105682094.0,2.330196068976453,6,True
EGY,2019,"Egypt, Arab Rep.","Middle East, North Africa, Afghanistan & Pakistan",Lower middle income,Cairo,30.0982,31.2461,2962.98892023003,71.213,57.2828663990195,42.4812027332648,7.851,100.0,,107553158.0,,6,True
EGY,2020,"Egypt, Arab Rep.","Middle East, North Africa, Afghanistan & Pakistan",Lower middle income,Cairo,30.0982,31.2461,3511.11381026379,69.79,71.91420096,42.5181534630674,7.974,100.0,,109315124.0,,6,True
EGY,2021,"Egypt, Arab Rep.","Middle East, North Africa, Afghanistan & Pakistan",Lower middle income,Cairo,30.0982,31.2461,3827.35415374308,68.976,72.05599976,42.5686062621468,7.441,100.0,,110957008.0,,6,True
EGY,2022,"Egypt, Arab Rep.","Middle East, North Africa, Afghanistan & Pakistan",Lower middle income,Cairo,30.0982,31.2461,4233.30783744856,71.01,72.19806556,42.6325129008032,6.546,100.0,,112618250.0,,6,True
EGY,2023,"Egypt, Arab Rep.","Middle East, North Africa, Afghanistan & Pakistan",Lower middle income,Cairo,30.0982,31.2461,3456.78968456253,71.633,74.01190186,42.7098115041919,6.753,100.0,,114535772.0,,6,True
ERI,2014,Eritrea,Sub-Saharan Africa,Low income,Asmara,15.3315,38.9183,,65.517,0.99000001,35.639720916748,5.637,44.6,0.68,3095173.0,0.21969692808770303,5,False
ERI,2015,Eritrea,Sub-Saharan Africa,Low income,Asmara,15.3315,38.9183,,65.909,1.083699942,35.591007232666,5.751,45.8,0.65,3105546.0,0.20930296959053254,5,False
ERI,2016,Eritrea,Sub-Saharan Africa,Low income,Asmara,15.3315,38.9183,,66.242,1.177099943,35.5254287719727,5.772,46.9,0.66,3124698.0,0.2112204123406486,5,False
ERI,2017,Eritrea,Sub-Saharan Africa,Low income,Asmara,15.3315,38.9183,,66.612,2.496099949,35.4427146911621,5.804,48.0,0.72,3150347.0,0.22854625220650296,5,False
ERI,2018,Eritrea,Sub-Saharan Africa,Low income,Asmara,15.3315,38.9183,,66.979,5.293000221,35.3451042175293,5.756,49.1,0.8,3192760.0,0.2505669076285095,5,False
ERI,2019,Eritrea,Sub-Saharan Africa,Low income,Asmara,15.3315,38.9183,,67.306,11.22379971,35.2352333068848,5.812,50.3,,3240194.0,,5,False
ERI,2020,Eritrea,Sub-Saharan Africa,Low income,Asmara,15.3315,38.9183,,66.98,14.34939957,35.116138458252,6.375,51.4,,3291271.0,,5,False
ERI,2021,Eritrea,Sub-Saharan Africa,Low income,Asmara,15.3315,38.9183,,66.94,,34.9871139526367,6.489,52.5,,3350183.0,,4,False
ERI,2022,Eritrea,Sub-Saharan Africa,Low income,Asmara,15.3315,38.9183,,67.789,,34.8469276428223,6.033,53.4,,3409447.0,,4,False
ERI,2023,Eritrea,Sub-Saharan Africa,Low income,Asmara,15.3315,38.9183,,68.624,,34.696403503418,5.909,54.4,,3470390.0,,4,False
ESP,2014,Spain,Europe & Central Asia,High income,Madrid,40.4167,-3.70327,29707.765509467,83.2292682926829,76.1867089778712,79.1196713833488,24.441,100.0,240.96,46460733.0,5.186315076001922,6,True
ESP,2015,Spain,Europe & Central Asia,High income,Madrid,40.4167,-3.70327,25982.4416197775,82.8317073170732,78.6896318703515,79.2454892743023,22.057,100.0,256.28,46422303.0,5.5206222750301714,6,True
ESP,2016,Spain,Europe & Central Asia,High income,Madrid,40.4167,-3.70327,26755.6061149398,83.3292682926829,80.5613329432179,79.3615955277997,19.635,100.0,247.03,46458139.0,5.317259910045041,6,True
ESP,2017,Spain,Europe & Central Asia,High income,Madrid,40.4167,-3.70327,28381.3425596906,83.2829268292683,84.6022457016524,79.4663233085683,17.224,100.0,263.44,46571232.0,5.6567109927433314,6,True
ESP,2018,Spain,Europe & Central Asia,High income,Madrid,40.4167,-3.70327,30602.4212881113,83.4317073170732,86.107235525659,79.5580057813361,15.255,100.0,258.34,46782011.0,5.522208098322237,6,True
ESP,2019,Spain,Europe & Central Asia,High income,Madrid,40.4167,-3.70327,29786.5245689007,83.8317073170732,90.718665325267,79.6349761108307,14.104,100.0,,47118501.0,,6,True
ESP,2020,Spain,Europe & Central Asia,High income,Madrid,40.4167,-3.70327,27233.9426461608,82.2317073170732,93.20564892,79.6955674617799,15.532,100.0,,47359424.0,,6,True
ESP,2021,Spain,Europe & Central Asia,High income,Madrid,40.4167,-3.70327,30799.4775937775,83.1780487804878,93.89752157,79.7846242983598,14.914,100.0,,47443821.0,,6,True
ESP,2022,Spain,Europe & Central Asia,High income,Madrid,40.4167,-3.70327,30319.4987196616,83.1341463414634,94.4855432,79.9548794567814,13.033,100.0,,47786102.0,,6,True
ESP,2023,Spain,Europe & Central Asia,High income,Madrid,40.4167,-3.70327,33493.2225409111,83.9341463414634,95.44564516,80.128491001856,12.179,100.0,,48352528.0,,6,True
EST,2014,Estonia,Europe & Central Asia,High income,Tallinn,59.4392,24.7586,20581.7898991695,77.0341463414634,84.2415280294352,68.2668382808032,7.352,100.0,17.82,1314545.0,13.556021284931289,6,True
EST,2015,Estonia,Europe & Central Asia,High income,Tallinn,59.4392,24.7586,17722.1557669523,77.590243902439,88.4097035040431,68.4796609690553,6.412,100.0,15.37,1315407.0,11.684596478504371,6,True
EST,2016,Estonia,Europe & Central Asia,High income,Tallinn,59.4392,24.7586,18666.3736521706,77.6414634146342,87.2402327514547,68.724038178078,6.882,100.0,15.65,1315790.0,11.893995242401903,6,True
EST,2017,Estonia,Europe & Central Asia,High income,Tallinn,59.4392,24.7586,20851.5223496861,78.0926829268293,88.1024568740199,68.9931941915158,5.807,100.0,16.28,1317384.0,12.35782429420731,6,True
EST,2018,Estonia,Europe & Central Asia,High income,Tallinn,59.4392,24.7586,23618.1361254581,78.2439024390244,89.3570077747426,69.2803532930133,5.412,100.0,16.0,1321977.0,12.103085000722404,6,True
EST,2019,Estonia,Europe & Central Asia,High income,Tallinn,59.4392,24.7586,24021.2501413306,78.6463414634147,90.2289281997919,69.5787397662154,4.514,100.0,,1326898.0,,6,True
EST,2020,Estonia,Europe & Central Asia,High income,Tallinn,59.4392,24.7586,23933.9939421065,78.5951219512195,89.05828666,69.8815778947665,6.956,100.0,,1329522.0,,6,True
EST,2021,Estonia,Europe & Central Asia,High income,Tallinn,59.4392,24.7586,27951.1659277744,76.9439024390244,90.97970174,70.1777274135822,6.178,100.0,,1330932.0,,6,True
EST,2022,Estonia,Europe & Central Asia,High income,Tallinn,59.4392,24.7586,28340.3826549406,77.8439024390244,91.52016546,70.4892333736738,5.571,100.0,,1348840.0,,6,True
EST,2023,Estonia,Europe & Central Asia,High income,Tallinn,59.4392,24.7586,30264.0064885057,78.7926829268293,93.18342241,70.6770085523126,6.378,100.0,,1370286.0,,6,True
ETH,2014,Ethiopia,Sub-Saharan Africa,Not classified,Addis Ababa,9.02274,38.7468,549.986577082588,62.927,7.699999809,19.0262870788574,2.361,27.2,12.33,101115610.0,0.12193962930154899,6,True
ETH,2015,Ethiopia,Sub-Saharan Africa,Not classified,Addis Ababa,9.02274,38.7468,597.912113218663,63.592,13.8551755555556,19.451566696167,2.442,29.0,12.88,103867135.0,0.1240045756533094,6,True
ETH,2016,Ethiopia,Sub-Saharan Africa,Not classified,Addis Ababa,9.02274,38.7468,641.651523286233,64.162,15.3669238595896,19.8763618469238,2.556,42.9,14.95,106718162.0,0.14008861959223023,6,True
ETH,2017,Ethiopia,Sub-Saharan Africa,Not classified,Addis Ababa,9.02274,38.7468,696.348429076216,64.766,15.62440014,20.3084850311279,2.665,44.3,15.46,109666481.0,0.14097288304527616,6,True
ETH,2018,Ethiopia,Sub-Saharan Africa,Not classified,Addis Ababa,9.02274,38.7468,739.702022272086,65.257,15.88619995,20.7838096618652,2.811,44.8,16.28,112664152.0,0.14450026659766632,6,True
ETH,2019,Ethiopia,Sub-Saharan Africa,Not classified,Addis Ababa,9.02274,38.7468,793.473247210264,65.741,15.98460007,21.2486705780029,2.928,48.0,,115737383.0,,6,True
ETH,2020,Ethiopia,Sub-Saharan Africa,Not classified,Addis Ababa,9.02274,38.7468,829.790982547947,65.969,16.06959915,21.6260051727295,3.998,51.1,,118917671.0,,6,True
ETH,2021,Ethiopia,Sub-Saharan Africa,Not classified,Addis Ababa,9.02274,38.7468,893.00983544905,65.33,16.6981031,22.1067085266113,3.935,54.2,,122138588.0,,6,True
ETH,2022,Ethiopia,Sub-Saharan Africa,Not classified,Addis Ababa,9.02274,38.7468,982.103161506992,66.897,17.9836998,22.7367687225342,3.386,55.4,,125384287.0,,6,True
ETH,2023,Ethiopia,Sub-Saharan Africa,Not classified,Addis Ababa,9.02274,38.7468,1055.81091592527,67.315,20.33749962,23.0586471557617,3.375,55.4,,128691692.0,,6,True
FIN,2014,Finland,Europe & Central Asia,High income,Helsinki,60.1608,24.9525,50073.7760815871,81.1804878048781,86.5303927529377,70.9879168940753,8.663,100.0,46.16,5461512.0,8.451871935830225,6,True
FIN,2015,Finland,Europe & Central Asia,High income,Helsinki,60.1608,24.9525,42560.3456767103,81.4804878048781,86.4221333325445,71.3054930040604,9.376,100.0,42.82,5479531.0,7.8145374120522355,6,True
FIN,2016,Finland,Europe & Central Asia,High income,Helsinki,60.1608,24.9525,43451.2562442158,81.4292682926829,87.7036499599455,71.6158383428171,8.818,100.0,45.71,5495303.0,8.318012673732458,6,True
FIN,2017,Finland,Europe & Central Asia,High income,Helsinki,60.1608,24.9525,46085.0174739036,81.6317073170732,87.4689290730615,71.9563038312956,8.64,100.0,43.01,5508214.0,7.8083386012235545,6,True
FIN,2018,Finland,Europe & Central Asia,High income,Helsinki,60.1608,24.9525,49654.2497035329,81.7341463414634,88.8899599985585,72.3423467740343,7.361,100.0,44.36,5515525.0,8.042752049895523,6,True
FIN,2019,Finland,Europe & Central Asia,High income,Helsinki,60.1608,24.9525,48358.1807773701,81.9829268292683,89.6073851129779,72.7431214358314,6.695,100.0,,5521606.0,,6,True
FIN,2020,Finland,Europe & Central Asia,High income,Helsinki,60.1608,24.9525,48828.6846862799,81.9317073170732,92.17027106,73.0849439791673,7.759,100.0,,5529543.0,,6,True
FIN,2021,Finland,Europe & Central Asia,High income,Helsinki,60.1608,24.9525,53099.1351400148,81.8853658536585,92.80806082,73.3710215780329,7.617,100.0,,5541017.0,,6,True
FIN,2022,Finland,Europe & Central Asia,High income,Helsinki,60.1608,24.9525,50440.560224974,81.1878048780488,92.98879471,73.6967597835949,6.719,100.0,,5556106.0,,6,True
FIN,2023,Finland,Europe & Central Asia,High income,Helsinki,60.1608,24.9525,52834.2916752703,81.5853658536585,93.51385075,74.0062548602828,7.149,100.0,,5583911.0,,6,True
FJI,2014,Fiji,East Asia & Pacific,Upper middle income,Suva,-18.1149,178.399,5293.35676680464,66.581,37.40000153,54.0838287543856,4.323,93.0,1.31,917585.0,1.4276606526915763,6,True
FJI,2015,Fiji,East Asia & Pacific,Upper middle income,Suva,-18.1149,178.399,5097.53106864695,66.48,42.5,54.6234188083653,4.288,93.2,1.51,918578.0,1.6438451606722564,6,True
FJI,2016,Fiji,East Asia & Pacific,Upper middle income,Suva,-18.1149,178.399,5363.79026679243,66.657,49.41999817,55.1734720973874,4.319,93.4,1.74,919166.0,1.8930204119821665,6,True
FJI,2017,Fiji,East Asia & Pacific,Upper middle income,Suva,-18.1149,178.399,5826.84814459328,67.06,53.6473999,55.7408343449609,4.418,96.0,1.81,918759.0,1.9700487287743575,6,True
FJI,2018,Fiji,East Asia & Pacific,Upper middle income,Suva,-18.1149,178.399,6085.41979485376,66.965,58.2364006,56.2328347385698,4.523,95.1,1.9,917180.0,2.0715671950980177,6,True
FJI,2019,Fiji,East Asia & Pacific,Upper middle income,Suva,-18.1149,178.399,5842.07344577597,67.009,63.21789932,56.70989552257,4.661,96.1,,914899.0,,6,True
FJI,2020,Fiji,East Asia & Pacific,Upper middle income,Suva,-18.1149,178.399,4620.6457238014,66.924,68.62560272,57.186684691874,5.054,97.1,,914963.0,,6,True
FJI,2021,Fiji,East Asia & Pacific,Upper middle income,Suva,-18.1149,178.399,4536.73312110335,64.904,70.56800079,57.6618364761928,5.225,92.1,,916711.0,,6,True
FJI,2022,Fiji,East Asia & Pacific,Upper middle income,Suva,-18.1149,178.399,5414.12092119088,67.148,72.56549835,58.1352701465266,5.403,92.0,,919422.0,,6,True
FJI,2023,Fiji,East Asia & Pacific,Upper middle income,Suva,-18.1149,178.399,5926.20586394763,67.316,74.1160965,58.6069049738768,5.316,99.3,,924145.0,,6,True
FRA,2014,France,Europe & Central Asia,High income,Paris,48.8566,2.35097,43148.0459288416,82.719512195122,83.7510996681821,77.3524296788613,10.273,100.0,304.53,66312067.0,4.592376829393661,6,True
FRA,2015,France,Europe & Central Asia,High income,Paris,48.8566,2.35097,36702.4323733379,82.3219512195122,78.0060377071902,77.7610919150066,10.354,100.0,310.52,66548272.0,4.666086596508471,6,True
FRA,2016,France,Europe & Central Asia,High income,Paris,48.8566,2.35097,37024.2157133669,82.5731707317073,79.2698113207547,78.5999114705779,10.057,100.0,312.71,66724104.0,4.686612202390908,6,True
FRA,2017,France,Europe & Central Asia,High income,Paris,48.8566,2.35097,38687.1626407164,82.5756097560976,80.5024597243607,78.6467804026368,9.409,100.0,316.36,66918020.0,4.727575621633754,6,True
FRA,2018,France,Europe & Central Asia,High income,Paris,48.8566,2.35097,41418.1766484844,82.6756097560976,82.0431867788484,78.6714432536599,9.018,100.0,309.96,67158348.0,4.615360699462113,6,True
FRA,2019,France,Europe & Central Asia,High income,Paris,48.8566,2.35097,40408.2848574751,82.8268292682927,83.3397440866883,78.6890784549356,8.415,100.0,,67382061.0,,6,True
FRA,2020,France,Europe & Central Asia,High income,Paris,48.8566,2.35097,39169.8606000707,82.1756097560976,84.70639801,78.7119131765249,8.009,100.0,,67601110.0,,6,True
FRA,2021,France,Europe & Central Asia,High income,Paris,48.8566,2.35097,43725.0999521245,82.3243902439024,86.09548575,78.7364603392338,7.871,100.0,,67842811.0,,6,True
FRA,2022,France,Europe & Central Asia,High income,Paris,48.8566,2.35097,40988.6396406579,82.1292682926829,85.33331734,78.7591921123356,7.303,100.0,,68184457.0,,6,True
FRA,2023,France,Europe & Central Asia,High income,Paris,48.8566,2.35097,44700.1384177544,82.8317073170732,86.83635789,78.7804323126547,7.335,100.0,,68372286.0,,6,True
FRO,2014,Faroe Islands,Europe & Central Asia,High income,Torshavn,61.8926,-6.91181,60172.0632541664,81.5912048780488,93.3,37.9093894958496,,100.0,,48428.0,,5,False
FRO,2015,Faroe Islands,Europe & Central Asia,High income,Torshavn,61.8926,-6.91181,52637.1903526574,81.7995975609756,94.2,38.1431503295898,,100.0,,48899.0,,5,False
FRO,2016,Faroe Islands,Europe & Central Asia,High income,Torshavn,61.8926,-6.91181,56875.2803813296,81.962112195122,95.1086816720257,38.3200225830078,,100.0,,49464.0,,5,False
FRO,2017,Faroe Islands,Europe & Central Asia,High income,Torshavn,61.8926,-6.91181,59387.353086482,82.1062926829268,97.5819589384468,38.3324699401855,,100.0,,50180.0,,5,False
FRO,2018,Faroe Islands,Europe & Central Asia,High income,Torshavn,61.8926,-6.91181,62526.4908515743,82.2486024390244,,38.4058837890625,,100.0,,50996.0,,4,False
FRO,2019,Faroe Islands,Europe & Central Asia,High income,Torshavn,61.8926,-6.91181,63068.2872688483,82.3912829268293,,38.3945655822754,,100.0,,51792.0,,4,False
FRO,2020,Faroe Islands,Europe & Central Asia,High income,Torshavn,61.8926,-6.91181,62243.1905561324,82.5341926829268,,38.6689987182617,,100.0,,52565.0,,4,False
FRO,2021,Faroe Islands,Europe & Central Asia,High income,Torshavn,61.8926,-6.91181,69415.1853254579,82.6763219512195,,38.8083763122559,,100.0,,53296.0,,4,False
FRO,2022,Faroe Islands,Europe & Central Asia,High income,Torshavn,61.8926,-6.91181,67058.2022648126,82.8162292682927,,38.9959824546757,,100.0,,53912.0,,4,False
FRO,2023,Faroe Islands,Europe & Central Asia,High income,Torshavn,61.8926,-6.91181,72465.3769660215,82.9521195121951,,39.1975270123645,,100.0,,54414.0,,4,False
FSM,2014,"Micronesia, Fed. Sts.",East Asia & Pacific,Lower middle income,Palikir,6.91771,158.185,2896.73082002714,65.294,29.64999962,22.3046193122479,,71.2,0.14,108396.0,1.2915605741909295,5,False
FSM,2015,"Micronesia, Fed. Sts.",East Asia & Pacific,Lower middle income,Palikir,6.91771,158.185,2853.07643587028,65.306,31.50110054,22.3122336099411,,73.0,0.15,108716.0,1.3797417123514477,5,False
FSM,2016,"Micronesia, Fed. Sts.",East Asia & Pacific,Lower middle income,Palikir,6.91771,158.185,2979.60119184048,65.576,33.35219955,22.3214896137555,,74.8,0.17,109075.0,1.5585606234242493,5,False
FSM,2017,"Micronesia, Fed. Sts.",East Asia & Pacific,Lower middle income,Palikir,6.91771,158.185,3279.10779039285,65.761,35.30410004,22.332401189542,,76.5,0.17,109481.0,1.552780847818343,5,False
FSM,2018,"Micronesia, Fed. Sts.",East Asia & Pacific,Lower middle income,Palikir,6.91771,158.185,3566.58690371125,65.943,36.61460114,22.3449820355433,,78.3,0.18,109909.0,1.6377184761939423,5,False
FSM,2019,"Micronesia, Fed. Sts.",East Asia & Pacific,Lower middle income,Palikir,6.91771,158.185,3572.65918282222,66.196,37.97370148,22.359245777081,,80.1,,110282.0,,5,False
FSM,2020,"Micronesia, Fed. Sts.",East Asia & Pacific,Lower middle income,Palikir,6.91771,158.185,3362.02802120524,65.878,39.38330078,22.3752060036598,,81.9,,110916.0,,5,False
FSM,2021,"Micronesia, Fed. Sts.",East Asia & Pacific,Lower middle income,Palikir,6.91771,158.185,3508.22314197664,66.152,,22.3928762855411,,83.6,,111624.0,,4,False
FSM,2022,"Micronesia, Fed. Sts.",East Asia & Pacific,Lower middle income,Palikir,6.91771,158.185,3710.12451611752,66.961,39.0279007,22.4122701819053,,85.3,,112114.0,,5,False
FSM,2023,"Micronesia, Fed. Sts.",East Asia & Pacific,Lower middle income,Palikir,6.91771,158.185,3919.64307910859,67.198,39.39889908,22.4334012451903,,86.9,,112630.0,,5,False
GAB,2014,Gabon,Sub-Saharan Africa,Upper middle income,Libreville,0.38832,9.45162,9201.36276648105,66.07,38.07120132,87.6236017962969,19.873,87.1,5.5,1978399.0,2.7800256672187964,6,True
GAB,2015,Gabon,Sub-Saharan Africa,Upper middle income,Libreville,0.38832,9.45162,7047.12654634355,66.336,45.78450012,88.085308383892,19.943,87.3,5.48,2040989.0,2.684972824449323,6,True
GAB,2016,Gabon,Sub-Saharan Africa,Upper middle income,Libreville,0.38832,9.45162,6677.07003901644,66.583,48.0522995,88.5445883406178,20.117,88.1,5.71,2100306.0,2.71865147269017,6,True
GAB,2017,Gabon,Sub-Saharan Africa,Upper middle income,Libreville,0.38832,9.45162,6921.73373135624,66.816,51.60490036,89.0009733256896,20.307,86.3,4.7,2156900.0,2.179053270898048,6,True
GAB,2018,Gabon,Sub-Saharan Africa,Upper middle income,Libreville,0.38832,9.45162,7624.2775233771,67.043,55.42020035,89.4539949981866,20.459,89.6,4.61,2212318.0,2.083787231311231,6,True
GAB,2019,Gabon,Sub-Saharan Africa,Upper middle income,Libreville,0.38832,9.45162,7441.1786472281,67.337,59.51760101,89.9031850170394,20.371,90.3,,2267706.0,,6,True
GAB,2020,Gabon,Sub-Saharan Africa,Upper middle income,Libreville,0.38832,9.45162,6605.80346077565,67.073,63.91790009,90.3480750410147,21.279,91.1,,2322539.0,,6,True
GAB,2021,Gabon,Sub-Saharan Africa,Upper middle income,Libreville,0.38832,9.45162,8181.40914134656,67.072,65.76809692,90.7881967286967,21.223,91.8,,2376722.0,,6,True
GAB,2022,Gabon,Sub-Saharan Africa,Upper middle income,Libreville,0.38832,9.45162,8409.2074145028,67.713,67.67169952,91.2243355459988,20.319,93.5,,2430747.0,,6,True
GAB,2023,Gabon,Sub-Saharan Africa,Upper middle income,Libreville,0.38832,9.45162,7802.82433276138,68.337,68.19789886,91.6375962797313,20.161,94.1,,2484789.0,,6,True
GBR,2014,United Kingdom,Europe & Central Asia,High income,London,51.5002,-0.126236,47746.2421759562,81.3048780487805,91.6133009176453,81.6355750750722,6.398,100.0,414.85,64620000.0,6.4198390591148256,6,True
GBR,2015,United Kingdom,Europe & Central Asia,High income,London,51.5002,-0.126236,45255.3449216209,80.9560975609756,92.0002998740234,81.8243772295647,5.552,100.0,400.37,65088000.0,6.151210668633235,6,True
GBR,2016,United Kingdom,Europe & Central Asia,High income,London,51.5002,-0.126236,41257.9085545556,81.1560975609756,94.7758006318882,82.0229991698295,4.909,100.0,378.89,65607000.0,5.7751459447924764,6,True
GBR,2017,United Kingdom,Europe & Central Asia,High income,London,51.5002,-0.126236,40916.8115070354,81.2560975609756,90.4245504868553,82.23065673273,4.501,100.0,366.38,65966000.0,5.554073310493284,6,True
GBR,2018,United Kingdom,Europe & Central Asia,High income,London,51.5002,-0.126236,43702.9976303165,81.2560975609756,90.692008988783,82.4465657551295,4.145,100.0,358.8,66289000.0,5.412662734390321,6,True
GBR,2019,United Kingdom,Europe & Central Asia,High income,London,51.5002,-0.126236,43158.7411267323,81.3691219512195,92.5166285497138,82.6699420738913,3.657,100.0,,66631000.0,,6,True
GBR,2020,United Kingdom,Europe & Central Asia,High income,London,51.5002,-0.126236,40812.6794663879,80.331756097561,94.81820132,82.9000015258789,4.472,100.0,,66744000.0,,6,True
GBR,2021,United Kingdom,Europe & Central Asia,High income,London,51.5002,-0.126236,47691.3768799404,80.6473170731707,96.19650269,82.9886431523641,4.864,100.0,,66984000.0,,6,True
GBR,2022,United Kingdom,Europe & Central Asia,High income,London,51.5002,-0.126236,47057.043229179,81.0112195121951,95.46530151,83.0753982997505,3.768,100.0,,67604000.0,,6,True
GBR,2023,United Kingdom,Europe & Central Asia,High income,London,51.5002,-0.126236,49944.4702124201,81.2380975609756,95.44719696,83.1601932891335,4.025,100.0,,68492000.0,,6,True
GEO,2014,Georgia,Europe & Central Asia,Upper middle income,Tbilisi,41.71,44.793,4830.33486170249,73.105,49.1024547144647,57.0237612994258,17.439,100.0,8.47,3719414.0,2.277240447016654,6,True
GEO,2015,Georgia,Europe & Central Asia,Upper middle income,Tbilisi,41.71,44.793,4086.6223465965,73.241,47.5697596438736,57.3803800455672,16.506,100.0,9.2,3725276.0,2.4696156741138107,6,True
GEO,2016,Georgia,Europe & Central Asia,Upper middle income,Tbilisi,41.71,44.793,4143.40125686315,73.136,58.4592896118725,57.6984032005062,16.604,100.0,9.65,3727505.0,2.5888630598751714,6,True
GEO,2017,Georgia,Europe & Central Asia,Upper middle income,Tbilisi,41.71,44.793,4418.75206546679,73.435,59.7055045962571,57.9996827205757,13.939,100.0,9.63,3728004.0,2.5831517348157353,6,True
GEO,2018,Georgia,Europe & Central Asia,Upper middle income,Tbilisi,41.71,44.793,4804.0546040444,73.985,62.7179081974285,58.3038181862576,12.667,99.9,9.46,3726549.0,2.538541690985413,6,True
GEO,2019,Georgia,Europe & Central Asia,Upper middle income,Tbilisi,41.71,44.793,4741.2832715876,74.165,68.8467135616978,58.6304091780343,11.565,100.0,,3720161.0,,6,True
GEO,2020,Georgia,Europe & Central Asia,Upper middle income,Tbilisi,41.71,44.793,4300.85701291207,73.509,72.53157487,58.9990552763878,11.734,100.0,,3722716.0,,6,True
GEO,2021,Georgia,Europe & Central Asia,Upper middle income,Tbilisi,41.71,44.793,5083.60695484577,71.635,76.4427093,59.4293560618005,11.785,100.0,,3708610.0,,6,True
GEO,2022,Georgia,Europe & Central Asia,Upper middle income,Tbilisi,41.71,44.793,6729.84659930283,74.141,78.71127536,60.0101622679115,11.621,100.0,,3712502.0,,6,True
GEO,2023,Georgia,Europe & Central Asia,Upper middle income,Tbilisi,41.71,44.793,8283.66960652261,74.496,81.88425624,60.7523077799724,11.549,100.0,,3715483.0,,6,True
GHA,2014,Ghana,Sub-Saharan Africa,Lower middle income,Accra,5.57045,-0.20795,1949.90832923846,62.832,19.0,53.0663398797148,4.403,78.3,14.37,28041592.0,0.5124530732777226,6,True
GHA,2015,Ghana,Sub-Saharan Africa,Lower middle income,Accra,5.57045,-0.20795,1722.77282833606,63.175,23.0,53.6226415210752,6.806,74.0,15.13,28696068.0,0.5272499354266933,6,True
GHA,2016,Ghana,Sub-Saharan Africa,Lower middle income,Accra,5.57045,-0.20795,1912.47991339951,63.522,28.0,54.167052758274,5.256,79.3,14.11,29356742.0,0.4806391662944069,6,True
GHA,2017,Ghana,Sub-Saharan Africa,Lower middle income,Accra,5.57045,-0.20795,2012.28662641265,63.829,37.88420105,54.6991419779128,3.369,79.0,14.78,30008354.0,0.4925295136147754,6,True
GHA,2018,Ghana,Sub-Saharan Africa,Lower middle income,Accra,5.57045,-0.20795,2195.32166016377,64.138,43.0,55.218477566593,3.204,80.4,16.11,30637585.0,0.52582473455398,6,True
GHA,2019,Ghana,Sub-Saharan Africa,Lower middle income,Accra,5.57045,-0.20795,2186.65822682613,64.455,22.0732,55.7246279109161,3.067,83.5,,31258945.0,,6,True
GHA,2020,Ghana,Sub-Saharan Africa,Lower middle income,Accra,5.57045,-0.20795,2195.45481659987,64.309,62.51760101,56.2171613974837,3.178,85.4,,31887809.0,,6,True
GHA,2021,Ghana,Sub-Saharan Africa,Lower middle income,Accra,5.57045,-0.20795,2445.18662529344,64.286,68.6,56.6952556826536,3.2,86.3,,32518665.0,,6,True
GHA,2022,Ghana,Sub-Saharan Africa,Lower middle income,Accra,5.57045,-0.20795,2229.89122647803,65.246,69.91329956,57.250609602871,2.87,85.1,,33149152.0,,6,True
GHA,2023,Ghana,Sub-Saharan Africa,Lower middle income,Accra,5.57045,-0.20795,2383.90410483418,65.498,70.67430115,57.8074737774654,2.829,89.5,,33787914.0,,6,True
GIB,2014,Gibraltar,Europe & Central Asia,High income,,,,,82.644,,100.0,,99.9,,32813.0,,3,False
GIB,2015,Gibraltar,Europe & Central Asia,High income,,,,,82.668,,100.0,,100.0,,33193.0,,3,False
GIB,2016,Gibraltar,Europe & Central Asia,High income,,,,,82.741,94.4444715818151,100.0,,100.0,,33658.0,,4,False
GIB,2017,Gibraltar,Europe & Central Asia,High income,,,,,82.858,,100.0,,100.0,,34245.0,,3,False
GIB,2018,Gibraltar,Europe & Central Asia,High income,,,,,83.028,,100.0,,100.0,,34854.0,,3,False
GIB,2019,Gibraltar,Europe & Central Asia,High income,,,,,83.183,,100.0,,100.0,,35494.0,,3,False
GIB,2020,Gibraltar,Europe & Central Asia,High income,,,,,83.07,,100.0,,100.0,,36173.0,,3,False
GIB,2021,Gibraltar,Europe & Central Asia,High income,,,,,80.274,,100.0,,100.0,,36858.0,,3,False
GIB,2022,Gibraltar,Europe & Central Asia,High income,,,,,83.517,,100.0,,100.0,,37609.0,,3,False
GIB,2023,Gibraltar,Europe & Central Asia,High income,,,,,83.553,,100.0,,100.0,,38471.0,,3,False
GIN,2014,Guinea,Sub-Saharan Africa,Lower middle income,Conakry,9.51667,-13.7,765.146999389279,57.581,6.400000095,34.8177920826682,5.044,33.5,2.24,11472924.0,0.19524229394354917,6,True
GIN,2015,Guinea,Sub-Saharan Africa,Lower middle income,Conakry,9.51667,-13.7,747.356966759448,57.899,9.199999809,35.0373191833496,5.15,34.9,2.54,11767070.0,0.21585662361148528,6,True
GIN,2016,Guinea,Sub-Saharan Africa,Lower middle income,Conakry,9.51667,-13.7,711.996509782316,58.49,13.10000038,35.3100280761719,4.997,33.5,2.83,12073030.0,0.2344067727819777,6,True
GIN,2017,Guinea,Sub-Saharan Africa,Lower middle income,Conakry,9.51667,-13.7,833.598621691121,58.715,18.70000076,35.5827331542969,4.86,35.4,2.97,12385659.0,0.2397934579015941,6,True
GIN,2018,Guinea,Sub-Saharan Africa,Lower middle income,Conakry,9.51667,-13.7,933.273615633705,59.043,21.8300230430563,35.8554382324219,4.835,45.0,3.12,12704774.0,0.24557697759912928,6,True
GIN,2019,Guinea,Sub-Saharan Africa,Lower middle income,Conakry,9.51667,-13.7,1031.34146480732,59.379,23.89049911,36.1281547546387,5.018,42.2,,13034346.0,,6,True
GIN,2020,Guinea,Sub-Saharan Africa,Lower middle income,Conakry,9.51667,-13.7,1053.66097696415,59.35,26.14550018,36.4802208060551,6.007,44.7,,13371183.0,,6,True
GIN,2021,Guinea,Sub-Saharan Africa,Lower middle income,Conakry,9.51667,-13.7,1244.96550477914,59.373,28.61330032,36.8502178436256,5.815,46.8,,13710513.0,,6,True
GIN,2022,Guinea,Sub-Saharan Africa,Lower middle income,Conakry,9.51667,-13.7,1416.59612011764,60.432,31.31399918,37.2384967469106,5.174,47.7,,14055137.0,,6,True
GIN,2023,Guinea,Sub-Saharan Africa,Lower middle income,Conakry,9.51667,-13.7,1555.49375806861,60.74,32.31560135,37.6454083954705,5.141,51.1,,14405468.0,,6,True
GMB,2014,"Gambia, The",Sub-Saharan Africa,Low income,Banjul,13.4495,-16.5885,568.00453558864,62.576,15.56000042,58.6141799655551,8.191,53.0,0.52,2164528.0,0.24023713252958612,6,True
GMB,2015,"Gambia, The",Sub-Saharan Africa,Low income,Banjul,13.4495,-16.5885,619.536364296461,62.971,17.59950066,59.2458499408388,7.226,54.7,0.53,2224529.0,0.23825268180365372,6,True
GMB,2016,"Gambia, The",Sub-Saharan Africa,Low income,Banjul,13.4495,-16.5885,650.056501323611,63.386,19.90640068,59.8652472486563,6.244,56.4,0.53,2283769.0,0.23207250820901765,6,True
GMB,2017,"Gambia, The",Sub-Saharan Africa,Low income,Banjul,13.4495,-16.5885,642.522641296331,63.708,22.5156002,60.471712657237,5.097,56.2,0.54,2342189.0,0.230553554815602,6,True
GMB,2018,"Gambia, The",Sub-Saharan Africa,Low income,Banjul,13.4495,-16.5885,696.219806960615,64.034,28.30900002,61.0645869348107,4.055,60.3,0.57,2399632.0,0.2375364222514119,6,True
GMB,2019,"Gambia, The",Sub-Saharan Africa,Low income,Banjul,13.4495,-16.5885,738.186751987483,64.427,31.11829948,61.643210849607,4.481,62.1,,2456844.0,,6,True
GMB,2020,"Gambia, The",Sub-Saharan Africa,Low income,Banjul,13.4495,-16.5885,720.335143352133,64.418,36.01100159,62.2069251698555,5.84,62.2,,2515733.0,,6,True
GMB,2021,"Gambia, The",Sub-Saharan Africa,Low income,Banjul,13.4495,-16.5885,781.890925169531,63.847,41.67309952,62.7550706637859,6.213,63.7,,2576010.0,,6,True
GMB,2022,"Gambia, The",Sub-Saharan Africa,Low income,Banjul,13.4495,-16.5885,836.244875868476,64.859,48.22539902,63.2869880996278,6.067,65.4,,2636470.0,,6,True
GMB,2023,"Gambia, The",Sub-Saharan Africa,Low income,Banjul,13.4495,-16.5885,883.024111719809,65.86,48.72829819,63.8020182456108,6.479,66.9,,2697845.0,,6,True
GNB,2014,Guinea-Bissau,Sub-Saharan Africa,Low income,Bissau,11.8037,-15.1804,652.022501029449,59.476,3.319999933,41.7271995544434,3.285,17.2,0.28,1741122.0,0.1608158417388328,6,True
GNB,2015,Guinea-Bissau,Sub-Saharan Africa,Low income,Bissau,11.8037,-15.1804,645.066837207039,60.071,6.099999905,42.1568145751953,3.168,20.1,0.28,1786457.0,0.15673481085746815,6,True
GNB,2016,Guinea-Bissau,Sub-Saharan Africa,Low income,Bissau,11.8037,-15.1804,679.665386626818,60.619,13.80000019,42.586109161377,3.139,22.9,0.3,1831893.0,0.1637650233938336,6,True
GNB,2017,Guinea-Bissau,Sub-Saharan Africa,Low income,Bissau,11.8037,-15.1804,783.123186602022,61.148,14.80000019,43.0155792236328,3.089,26.0,0.3,1877072.0,0.15982338450522943,6,True
GNB,2018,Guinea-Bissau,Sub-Saharan Africa,Low income,Bissau,11.8037,-15.1804,808.531613218504,61.652,15.69999981,43.4449081420898,3.127,28.4,0.31,1922168.0,0.16127622559526536,6,True
GNB,2019,Guinea-Bissau,Sub-Saharan Africa,Low income,Bissau,11.8037,-15.1804,811.216425885129,62.161,17.92149925,43.8745574951172,2.413,30.9,,1967696.0,,6,True
GNB,2020,Guinea-Bissau,Sub-Saharan Africa,Low income,Bissau,11.8037,-15.1804,846.915855715971,61.343,20.45730019,44.3038330078125,2.887,33.4,,2013255.0,,6,True
GNB,2021,Guinea-Bissau,Sub-Saharan Africa,Low income,Bissau,11.8037,-15.1804,926.780921081233,61.653,23.3519001,44.7334136962891,3.016,35.8,,2058841.0,,6,True
GNB,2022,Guinea-Bissau,Sub-Saharan Africa,Low income,Bissau,11.8037,-15.1804,883.199131457831,63.605,27.67379951,45.1627159118652,2.666,37.4,,2105529.0,,6,True
GNB,2023,Guinea-Bissau,Sub-Saharan Africa,Low income,Bissau,11.8037,-15.1804,988.087886357022,64.085,28.71240044,45.5923843383789,2.632,40.5,,2153339.0,,6,True
GNQ,2014,Equatorial Guinea,Sub-Saharan Africa,Upper middle income,Malabo,3.7523,8.7741,15548.6624656619,60.228,18.86000061,65.5593240167184,7.669,66.0,8.09,1399828.0,5.7792814545787055,6,True
GNQ,2015,Equatorial Guinea,Sub-Saharan Africa,Upper middle income,Malabo,3.7523,8.7741,9068.91003238645,60.635,21.31999969,68.951270615355,7.778,66.1,7.14,1453923.0,4.910851537529842,6,True
GNQ,2016,Equatorial Guinea,Sub-Saharan Africa,Upper middle income,Malabo,3.7523,8.7741,7453.19797948517,61.081,23.78000069,69.253269853051,7.798,66.2,5.6,1508186.0,3.7130698733445344,6,True
GNQ,2017,Equatorial Guinea,Sub-Saharan Africa,Upper middle income,Malabo,3.7523,8.7741,7809.10465655488,61.481,26.23999977,69.5516019132985,7.843,66.4,5.63,1562396.0,3.6034398449560805,6,True
GNQ,2018,Equatorial Guinea,Sub-Saharan Africa,Upper middle income,Malabo,3.7523,8.7741,8102.47084834031,61.915,29.39999962,69.8396623666175,7.818,66.5,6.67,1616422.0,4.126397685752854,6,True
GNQ,2019,Equatorial Guinea,Sub-Saharan Africa,Upper middle income,Malabo,3.7523,8.7741,6804.14923073888,62.297,49.13370132,70.1175419547293,7.917,66.6,,1670177.0,,6,True
GNQ,2020,Equatorial Guinea,Sub-Saharan Africa,Upper middle income,Malabo,3.7523,8.7741,5764.05502912947,62.141,55.00130081,70.3853314193247,8.625,66.7,,1716468.0,,6,True
GNQ,2021,Equatorial Guinea,Sub-Saharan Africa,Upper middle income,Malabo,3.7523,8.7741,6945.63069794539,62.447,58.71730042,70.6431215020592,8.821,66.8,,1758786.0,,6,True
GNQ,2022,Equatorial Guinea,Sub-Saharan Africa,Upper middle income,Malabo,3.7523,8.7741,7589.29964909381,63.355,63.65950012,70.8910029445467,8.334,67.0,,1803545.0,,6,True
GNQ,2023,Equatorial Guinea,Sub-Saharan Africa,Upper middle income,Malabo,3.7523,8.7741,6677.793435386,63.707,63.51950073,71.1290664883517,8.218,66.9,,1847549.0,,6,True
GRC,2014,Greece,Europe & Central Asia,High income,Athens,37.9792,23.7166,21474.7257123892,81.3853658536585,63.2073404784561,77.3130486275866,26.708,100.0,69.55,10892413.0,6.385178380584724,6,True
GRC,2015,Greece,Europe & Central Asia,High income,Athens,37.9792,23.7166,17980.7298238137,81.0365853658537,66.8349594911035,77.5194426317545,24.981,100.0,68.01,10820883.0,6.285069342307832,6,True
GRC,2016,Greece,Europe & Central Asia,High income,Athens,37.9792,23.7166,17919.2426377048,81.3878048780488,69.0879154723892,77.7122988766348,23.514,100.0,66.85,10775971.0,6.2036172888735495,6,True
GRC,2017,Greece,Europe & Central Asia,High income,Athens,37.9792,23.7166,18631.9930129293,81.2878048780488,69.8929706543154,77.8895342613411,21.413,100.0,66.8,10754679.0,6.211250005695195,6,True
GRC,2018,Greece,Europe & Central Asia,High income,Athens,37.9792,23.7166,19873.4015238771,81.7878048780488,72.2383733920483,78.0490656849874,19.179,100.0,65.29,10732882.0,6.083175050280065,6,True
GRC,2019,Greece,Europe & Central Asia,High income,Athens,37.9792,23.7166,19335.3602002969,81.6390243902439,75.6712066931757,78.1888100466875,17.045,100.0,,10721582.0,,6,True
GRC,2020,Greece,Europe & Central Asia,High income,Athens,37.9792,23.7166,17886.733165236,81.2878048780488,78.11584474,78.3066842455552,15.899,100.0,,10698599.0,,6,True
GRC,2021,Greece,Europe & Central Asia,High income,Athens,37.9792,23.7166,20654.7001960815,80.0829268292683,78.49426371,78.3884898647442,14.656,100.0,,10569207.0,,6,True
GRC,2022,Greece,Europe & Central Asia,High income,Athens,37.9792,23.7166,20886.5243087629,80.7878048780488,83.17066333,78.5502190980809,12.426,100.0,,10436882.0,,6,True
GRC,2023,Greece,Europe & Central Asia,High income,Athens,37.9792,23.7166,23343.7103964562,81.7365853658537,85.0102229,78.7746303842088,11.023,100.0,,10407351.0,,6,True
GRD,2014,Grenada,Latin America & Caribbean,Upper middle income,Saint George's,12.0653,-61.7449,7986.33421210788,75.045,51.6,35.9014624346562,,91.0,0.25,114132.0,2.1904461500718466,5,False
GRD,2015,Grenada,Latin America & Caribbean,Upper middle income,Saint George's,12.0653,-61.7449,8694.12438005692,75.037,52.5,35.9319491111708,,91.4,0.27,114676.0,2.3544595207366843,5,False
GRD,2016,Grenada,Latin America & Caribbean,Upper middle income,Saint George's,12.0653,-61.7449,9221.23461079424,75.01,53.29999924,35.9706014181883,,91.8,0.28,115130.0,2.432033353600278,5,False
GRD,2017,Grenada,Latin America & Caribbean,Upper middle income,Saint George's,12.0653,-61.7449,9751.42661155932,74.977,54.20000076,36.0173296416579,,92.2,0.29,115438.0,2.512171035534226,5,False
GRD,2018,Grenada,Latin America & Caribbean,Upper middle income,Saint George's,12.0653,-61.7449,10083.021279225,74.957,61.42459869,36.0720421424532,,92.3,0.3,115691.0,2.5931144168517863,5,False
GRD,2019,Grenada,Latin America & Caribbean,Upper middle income,Saint George's,12.0653,-61.7449,10462.7929159533,74.971,64.31279755,36.1346465679904,,93.0,,115981.0,,5,False
GRD,2020,Grenada,Latin America & Caribbean,Upper middle income,Saint George's,12.0653,-61.7449,8968.55890108484,75.019,65.65380096,36.2050502515788,,93.4,,116341.0,,5,False
GRD,2021,Grenada,Latin America & Caribbean,Upper middle income,Saint George's,12.0653,-61.7449,9617.28902905373,74.522,67.02279663,36.2831603706908,,93.7,,116688.0,,5,False
GRD,2022,Grenada,Latin America & Caribbean,Upper middle income,Saint George's,12.0653,-61.7449,10469.3867012856,75.151,68.42030334,36.3688840183487,,94.2,,116913.0,,5,False
GRD,2023,Grenada,Latin America & Caribbean,Upper middle income,Saint George's,12.0653,-61.7449,11414.4781691181,75.205,69.4131012,36.462128238584,,94.4,,117081.0,,5,False
GRL,2014,Greenland,Europe & Central Asia,High income,Nuuk,64.1836,-51.7214,50485.2244135291,70.5082926829268,66.7,85.6772384643555,,100.0,,56295.0,,5,False
GRL,2015,Greenland,Europe & Central Asia,High income,Nuuk,64.1836,-51.7214,44536.3549705377,70.909756097561,67.600443481006,86.046257019043,,100.0,,56114.0,,5,False
GRL,2016,Greenland,Europe & Central Asia,High income,Nuuk,64.1836,-51.7214,48181.7453541266,71.1990243902439,68.500873675421,86.2261047363281,,100.0,,56186.0,,5,False
GRL,2017,Greenland,Europe & Central Asia,High income,Nuuk,64.1836,-51.7214,50765.7494665372,71.2563414634146,69.4824617821988,86.3915557861328,,100.0,,56172.0,,5,False
GRL,2018,Greenland,Europe & Central Asia,High income,Nuuk,64.1836,-51.7214,54545.135857765,71.3609756097561,,86.72509765625,,100.0,,56023.0,,4,False
GRL,2019,Greenland,Europe & Central Asia,High income,Nuuk,64.1836,-51.7214,53309.2035905065,71.4092682926829,,87.0217895507812,,100.0,,56225.0,,4,False
GRL,2020,Greenland,Europe & Central Asia,High income,Nuuk,64.1836,-51.7214,54812.6661771023,71.2858536585366,,87.2840881978115,,100.0,,56367.0,,4,False
GRL,2021,Greenland,Europe & Central Asia,High income,Nuuk,64.1836,-51.7214,58135.9939910203,71.2614634146342,,87.5452017613678,,100.0,,56653.0,,4,False
GRL,2022,Greenland,Europe & Central Asia,High income,Nuuk,64.1836,-51.7214,55635.0006491223,71.230243902439,,87.8049405256832,,100.0,,56661.0,,4,False
GRL,2023,Greenland,Europe & Central Asia,High income,Nuuk,64.1836,-51.7214,58498.9707973609,70.9724390243902,,88.0631147749908,,100.0,,56865.0,,4,False
GTM,2014,Guatemala,Latin America & Caribbean,Upper middle income,Guatemala City,14.6248,-90.5328,3689.14510410202,70.942,23.39999962,53.1458479013964,2.717,85.5,13.95,15681725.0,0.8895705032450193,6,True
GTM,2015,Guatemala,Latin America & Caribbean,Upper middle income,Guatemala City,14.6248,-90.5328,3893.50533299068,70.915,28.80590057,53.4411050262961,2.506,90.5,16.34,15971743.0,1.0230567822184466,6,True
GTM,2016,Guatemala,Latin America & Caribbean,Upper middle income,Guatemala City,14.6248,-90.5328,4060.13784737643,71.215,34.50930023,53.6609232857043,2.583,91.8,17.46,16268760.0,1.0732225443119205,6,True
GTM,2017,Guatemala,Latin America & Caribbean,Upper middle income,Guatemala City,14.6248,-90.5328,4324.99768915601,71.583,37.90000153,53.7994723140017,2.462,93.3,16.51,16567357.0,0.9965379511046936,6,True
GTM,2018,Guatemala,Latin America & Caribbean,Upper middle income,Guatemala City,14.6248,-90.5328,4352.94593289707,71.496,41.5,53.845962303542,2.283,94.2,18.21,16845685.0,1.0809889891684428,6,True
GTM,2019,Guatemala,Latin America & Caribbean,Upper middle income,Guatemala City,14.6248,-90.5328,4511.99839552697,71.639,44.401049838502,54.1882267267974,2.193,95.4,,17103803.0,,6,True
GTM,2020,Guatemala,Latin America & Caribbean,Upper middle income,Guatemala City,14.6248,-90.5328,4477.61785000665,69.971,47.51229858,54.5483167911628,2.965,96.6,,17357325.0,,6,True
GTM,2021,Guatemala,Latin America & Caribbean,Upper middle income,Guatemala City,14.6248,-90.5328,4912.62240414681,67.858,50.84164945,54.9047071553758,2.174,97.9,,17598650.0,,6,True
GTM,2022,Guatemala,Latin America & Caribbean,Upper middle income,Guatemala City,14.6248,-90.5328,5358.70156997677,71.206,54.40430069,55.2581228215265,3.051,99.1,,17847877.0,,6,True
GTM,2023,Guatemala,Latin America & Caribbean,Upper middle income,Guatemala City,14.6248,-90.5328,5758.32760847852,72.602,56.72669983,55.6082319565539,2.344,100.0,,18124838.0,,6,True
GUM,2014,Guam,East Asia & Pacific,High income,Agana,13.4443,144.794,33900.1486530583,76.423,69.27,94.0787476782557,7.6,100.0,,165486.0,,6,True
GUM,2015,Guam,East Asia & Pacific,High income,Agana,13.4443,144.794,35165.7014644795,76.444,73.139999947043,94.079145108702,6.9,100.0,,164905.0,,6,True
GUM,2016,Guam,East Asia & Pacific,High income,Agana,13.4443,144.794,35930.6594898711,76.449,77.009999893206,94.079467256407,5.4,100.0,,164233.0,,6,True
GUM,2017,Guam,East Asia & Pacific,High income,Agana,13.4443,144.794,36779.0078903909,76.463,80.5054655600831,94.0797139460527,5.418,100.0,,163490.0,,6,True
GUM,2018,Guam,East Asia & Pacific,High income,Agana,13.4443,144.794,37195.9503070464,76.561,,94.079885002321,5.45,100.0,,162679.0,,5,False
GUM,2019,Guam,East Asia & Pacific,High income,Agana,13.4443,144.794,39274.9431424899,76.645,,94.0799802498939,5.405,100.0,,161808.0,,5,False
GUM,2020,Guam,East Asia & Pacific,High income,Agana,13.4443,144.794,36482.9363953675,75.529,,94.0804991087801,6.241,100.0,,162158.0,,5,False
GUM,2021,Guam,East Asia & Pacific,High income,Agana,13.4443,144.794,38074.8793745801,75.434,,94.0884327694075,6.0,100.0,,163730.0,,5,False
GUM,2022,Guam,East Asia & Pacific,High income,Agana,13.4443,144.794,41833.1517132825,77.102,,94.1068261842046,5.383,100.0,,165180.0,,5,False
GUM,2023,Guam,East Asia & Pacific,High income,Agana,13.4443,144.794,,77.209,,94.1349341638921,5.262,100.0,,166506.0,,4,False
GUY,2014,Guyana,Latin America & Caribbean,High income,Georgetown,6.80461,-58.1548,5472.68820452237,67.334,32.0,26.4018152016157,12.637,86.9,2.06,754229.0,2.7312659682934495,6,True
GUY,2015,Guyana,Latin America & Caribbean,High income,Georgetown,6.80461,-58.1548,5640.41560569466,67.719,34.0,26.4043918297579,13.009,88.0,2.05,758781.0,2.7017018085587274,6,True
GUY,2016,Guyana,Latin America & Caribbean,High income,Georgetown,6.80461,-58.1548,5870.87823759835,68.069,35.65999985,26.4080892882899,13.263,89.0,2.31,763548.0,3.025350076223106,6,True
GUY,2017,Guyana,Latin America & Caribbean,High income,Georgetown,6.80461,-58.1548,6178.6650437298,68.543,42.6753006,26.412905546573,13.466,90.0,2.32,768479.0,3.018950420245706,6,True
GUY,2018,Guyana,Latin America & Caribbean,High income,Georgetown,6.80461,-58.1548,6048.38697180418,68.829,48.59889984,26.4188378517884,13.627,90.9,2.44,791556.0,3.082536169266609,6,True
GUY,2019,Guyana,Latin America & Caribbean,High income,Georgetown,6.80461,-58.1548,6405.82443444562,69.067,55.31269836,26.4258834773058,13.172,91.6,,807665.0,,6,True
GUY,2020,Guyana,Latin America & Caribbean,High income,Georgetown,6.80461,-58.1548,6775.70939096303,67.751,62.95399857,26.4340397353676,15.308,92.3,,807481.0,,6,True
GUY,2021,Guyana,Latin America & Caribbean,High income,Georgetown,6.80461,-58.1548,9860.87014834386,64.323,71.65090179,26.443303961947,14.576,92.9,,815482.0,,6,True
GUY,2022,Guyana,Latin America & Caribbean,High income,Georgetown,6.80461,-58.1548,17913.4928066879,69.888,76.56240082,26.4536735068183,11.907,93.0,,821637.0,,6,True
GUY,2023,Guyana,Latin America & Caribbean,High income,Georgetown,6.80461,-58.1548,20473.7002190617,70.18,79.3553009,26.4651457279878,11.917,98.9,,826353.0,,6,True
HKG,2014,"Hong Kong SAR, China",East Asia & Pacific,High income,,22.3964,114.109,40315.3739510191,83.9356097560976,79.8662704309064,100.0,3.296,100.0,,7229500.0,,6,True
HKG,2015,"Hong Kong SAR, China",East Asia & Pacific,High income,,22.3964,114.109,42432.1619740441,84.2526829268293,84.9483529634062,100.0,3.314,100.0,,7291300.0,,6,True
HKG,2016,"Hong Kong SAR, China",East Asia & Pacific,High income,,22.3964,114.109,43734.1980702999,84.2114634146342,87.47941467087,100.0,3.392,100.0,,7336600.0,,6,True
HKG,2017,"Hong Kong SAR, China",East Asia & Pacific,High income,,22.3964,114.109,46160.429791493,84.6956097560976,89.4159446487565,100.0,3.124,100.0,,7393200.0,,6,True
HKG,2018,"Hong Kong SAR, China",East Asia & Pacific,High income,,22.3964,114.109,48537.5668888343,84.869756097561,90.5073953294283,100.0,2.805,100.0,,7452600.0,,6,True
HKG,2019,"Hong Kong SAR, China",East Asia & Pacific,High income,,22.3964,114.109,48359.0011950597,85.1558536585366,91.7434003891587,100.0,2.917,100.0,,7507900.0,,6,True
HKG,2020,"Hong Kong SAR, China",East Asia & Pacific,High income,,22.3964,114.109,46109.2299946609,85.4963414634146,92.41313602,100.0,5.808,100.0,,7481000.0,,6,True
HKG,2021,"Hong Kong SAR, China",East Asia & Pacific,High income,,22.3964,114.109,49770.5642374739,85.5326829268293,93.08715788,100.0,5.174,100.0,,7413100.0,,6,True
HKG,2022,"Hong Kong SAR, China",East Asia & Pacific,High income,,22.3964,114.109,48825.8441873536,83.6609756097561,95.61357052,100.0,4.318,100.0,,7346100.0,,6,True
HKG,2023,"Hong Kong SAR, China",East Asia & Pacific,High income,,22.3964,114.109,50562.3633144379,85.2473170731707,95.97781908,100.0,2.949,100.0,,7536100.0,,6,True
HND,2014,Honduras,Latin America & Caribbean,Lower middle income,Tegucigalpa,15.1333,-87.4667,2179.88171977271,71.032,23.0,53.8768089124249,7.078,88.7,9.46,9063122.0,1.0437904289493178,6,True
HND,2015,Honduras,Latin America & Caribbean,Lower middle income,Tegucigalpa,15.1333,-87.4667,2271.20265980349,71.323,27.1395454833776,54.3828473751434,6.147,90.0,9.87,9237305.0,1.0684934621082665,6,True
HND,2016,Honduras,Latin America & Caribbean,Lower middle income,Tegucigalpa,15.1333,-87.4667,2307.34468351082,71.615,29.5282180796457,54.8868414578857,6.727,91.6,9.4,9412380.0,0.9986847109870193,6,True
HND,2017,Honduras,Latin America & Caribbean,Lower middle income,Tegucigalpa,15.1333,-87.4667,2413.0076562942,71.805,31.7357924661485,55.3877322339915,5.528,86.5,9.0,9588137.0,0.9386599294524056,6,True
HND,2018,Honduras,Latin America & Caribbean,Lower middle income,Tegucigalpa,15.1333,-87.4667,2464.64241531918,72.001,36.0400608231468,55.8852577716247,5.648,91.6,9.77,9765210.0,1.0004905168450038,6,True
HND,2019,Honduras,Latin America & Caribbean,Lower middle income,Tegucigalpa,15.1333,-87.4667,2502.32744328073,72.124,39.3883521850111,56.3791561389766,5.698,91.1,,9943633.0,,6,True
HND,2020,Honduras,Latin America & Caribbean,Lower middle income,Tegucigalpa,15.1333,-87.4667,2307.61494319511,70.864,45.24829865,56.8691654042685,10.982,93.1,,10119640.0,,6,True
HND,2021,Honduras,Latin America & Caribbean,Lower middle income,Tegucigalpa,15.1333,-87.4667,2735.14751503977,69.492,51.95159912,57.3550236357547,8.506,94.1,,10289877.0,,6,True
HND,2022,Honduras,Latin America & Caribbean,Lower middle income,Tegucigalpa,15.1333,-87.4667,3003.28996826399,72.715,56.88069916,57.8364689017254,8.774,94.4,,10463872.0,,6,True
HND,2023,Honduras,Latin America & Caribbean,Lower middle income,Tegucigalpa,15.1333,-87.4667,3227.45762509776,72.884,58.0685997,58.3132392705102,6.07,95.6,,10644851.0,,6,True
HRV,2014,Croatia,Europe & Central Asia,High income,Zagreb,45.8069,15.9614,14186.7295493276,77.7243902439024,68.5678992528467,55.4591834926844,17.209,100.0,16.34,4201598.0,3.8889965198955254,6,True
HRV,2015,Croatia,Europe & Central Asia,High income,Zagreb,45.8069,15.9614,12283.7840620053,77.2756097560976,69.8450359238281,55.5812594509004,16.15,100.0,16.68,4151725.0,4.017607139201176,6,True
HRV,2016,Croatia,Europe & Central Asia,High income,Zagreb,45.8069,15.9614,12820.1653893008,77.9219512195122,72.6972696701463,55.7294398599808,13.015,100.0,16.94,4106867.0,4.124798782137333,6,True
HRV,2017,Croatia,Europe & Central Asia,High income,Zagreb,45.8069,15.9614,13901.7878144679,77.7268292682927,67.0961920368478,55.9009887365155,11.078,100.0,17.48,4041407.0,4.32522633825299,6,True
HRV,2018,Croatia,Europe & Central Asia,High income,Zagreb,45.8069,15.9614,15460.3669595491,77.919512195122,75.2946259897258,56.093170097094,8.322,100.0,16.58,3988775.0,4.156664640146411,6,True
HRV,2019,Croatia,Europe & Central Asia,High income,Zagreb,45.8069,15.9614,15563.5987295029,78.2243902439024,79.0797836757554,56.303247958306,6.551,100.0,,3949390.0,,6,True
HRV,2020,Croatia,Europe & Central Asia,High income,Zagreb,45.8069,15.9614,14807.5608543265,77.5243902439024,78.32090004,56.5284863367411,7.389,100.0,,3914206.0,,6,True
HRV,2021,Croatia,Europe & Central Asia,High income,Zagreb,45.8069,15.9614,17788.7865816658,76.4243902439025,81.25396608,56.7683502560171,7.483,100.0,,3878981.0,,6,True
HRV,2022,Croatia,Europe & Central Asia,High income,Zagreb,45.8069,15.9614,18465.5414420364,77.5756097560976,82.07155532,56.9977571733605,6.811,100.0,,3855641.0,,6,True
HRV,2023,Croatia,Europe & Central Asia,High income,Zagreb,45.8069,15.9614,22184.2279304842,78.4731707317073,83.24117599,57.2431560672198,6.121,100.0,,3859686.0,,6,True
HTI,2014,Haiti,Latin America & Caribbean,Lower middle income,Port-au-Prince,18.5392,-72.3288,1460.18898613914,62.969,11.39999962,48.7723916158687,13.808,39.6,3.06,10373235.0,0.294989942867389,6,True
HTI,2015,Haiti,Latin America & Caribbean,Lower middle income,Port-au-Prince,18.5392,-72.3288,1411.12684746796,63.224,14.19999981,49.4334707759572,13.785,40.8,3.32,10523242.0,0.31549212685596323,6,True
HTI,2016,Haiti,Latin America & Caribbean,Lower middle income,Port-au-Prince,18.5392,-72.3288,1318.40268167953,63.325,22.79999924,50.087821148256,13.902,40.4,3.4,10671457.0,0.3186069156254858,6,True
HTI,2017,Haiti,Latin America & Caribbean,Lower middle income,Port-au-Prince,18.5392,-72.3288,1395.23945184461,63.832,27.20000076,50.735083378449,13.932,43.3,3.37,10817754.0,0.3115249246747523,6,True
HTI,2018,Haiti,Latin America & Caribbean,Lower middle income,Port-au-Prince,18.5392,-72.3288,1496.38048970156,64.077,32.4736271300557,51.374898112219,13.934,44.4,3.33,10962362.0,0.303766651748957,6,True
HTI,2019,Haiti,Latin America & Caribbean,Lower middle income,Port-au-Prince,18.5392,-72.3288,1352.17204191532,64.328,35.76409912,52.0069059952475,14.095,45.4,,11105163.0,,6,True
HTI,2020,Haiti,Latin America & Caribbean,Lower middle income,Port-au-Prince,18.5392,-72.3288,1290.32538667383,63.773,39.38809967,52.6307476732151,15.573,46.3,,11243848.0,,6,True
HTI,2021,Haiti,Latin America & Caribbean,Lower middle income,Port-au-Prince,18.5392,-72.3288,1841.33189337222,62.613,43.37919998,53.2460637918026,15.296,47.2,,11374586.0,,6,True
HTI,2022,Haiti,Latin America & Caribbean,Lower middle income,Port-au-Prince,18.5392,-72.3288,1760.62635668777,63.948,47.77470016,53.8524949966907,14.54,49.3,,11503606.0,,6,True
HTI,2023,Haiti,Latin America & Caribbean,Lower middle income,Port-au-Prince,18.5392,-72.3288,1705.75808460999,64.936,47.99269867,54.4496819335618,14.459,51.3,,11637398.0,,6,True
HUN,2014,Hungary,Europe & Central Asia,High income,Budapest,47.4984,19.0408,14352.501883174,75.7634146341463,75.6531974544103,70.3071053512008,7.725,100.0,40.63,9833038.0,4.131988506502263,6,True
HUN,2015,Hungary,Europe & Central Asia,High income,Budapest,47.4984,19.0408,12782.9412577973,75.5682926829269,72.8347370323805,70.4847717285156,6.813,100.0,43.38,9797755.0,4.4275448814549865,6,True
HUN,2016,Hungary,Europe & Central Asia,High income,Budapest,47.4984,19.0408,13215.8605277789,76.0634146341464,79.2594121273057,70.4733810424805,5.115,100.0,44.48,9759755.0,4.557491453422755,6,True
HUN,2017,Hungary,Europe & Central Asia,High income,Budapest,47.4984,19.0408,14736.1668157258,75.8170731707317,76.7505471201922,70.4542541503906,4.156,100.0,46.55,9726756.0,4.785768245857097,6,True
HUN,2018,Hungary,Europe & Central Asia,High income,Budapest,47.4984,19.0408,16605.0570511887,76.0658536585366,76.0743606365063,70.4711761474609,3.667,100.0,46.39,9706964.0,4.779043169419398,6,True
HUN,2019,Hungary,Europe & Central Asia,High income,Budapest,47.4984,19.0408,17012.8598553199,76.3195121951219,80.3716936050482,70.4565277099609,3.411,100.0,,9694824.0,,6,True
HUN,2020,Hungary,Europe & Central Asia,High income,Budapest,47.4984,19.0408,16386.9308821258,75.419512195122,84.77115202,70.2917327880859,4.248,100.0,,9670419.0,,6,True
HUN,2021,Hungary,Europe & Central Asia,High income,Budapest,47.4984,19.0408,19030.628130329,74.0658536585366,88.64083466,70.2059275331413,4.021,100.0,,9630932.0,,6,True
HUN,2022,Hungary,Europe & Central Asia,High income,Budapest,47.4984,19.0408,18428.028825614,75.8682926829268,89.14282688,70.1585064243445,3.583,100.0,,9605074.0,,6,True
HUN,2023,Hungary,Europe & Central Asia,High income,Budapest,47.4984,19.0408,22230.6277875187,76.5707317073171,91.4500713,70.2923026891431,4.096,100.0,,9592186.0,,6,True
IDN,2014,Indonesia,East Asia & Pacific,Upper middle income,Jakarta,-6.19752,106.83,3441.06808464008,69.292,17.1431598350566,52.5002136230469,4.049,97.0,490.05,258877399.0,1.8929810091301171,6,True
IDN,2015,Indonesia,East Asia & Pacific,Upper middle income,Jakarta,-6.19752,106.83,3288.22269725538,69.52,22.062742603379,53.1720771789551,4.514,97.5,490.84,261799249.0,1.8748716884210772,6,True
IDN,2016,Indonesia,East Asia & Pacific,Upper middle income,Jakarta,-6.19752,106.83,3521.46943457574,69.733,25.447353701827,53.812557220459,4.301,97.6,494.98,264627418.0,1.870478893460692,6,True
IDN,2017,Indonesia,East Asia & Pacific,Upper middle income,Jakarta,-6.19752,106.83,3798.88326174526,69.953,32.335806250688,54.4541015625,3.783,98.1,532.92,267346658.0,1.993366978988007,6,True
IDN,2018,Indonesia,East Asia & Pacific,Upper middle income,Jakarta,-6.19752,106.83,3860.95353090726,70.08,39.9046386385762,55.0956840515137,4.387,98.5,583.11,269951846.0,2.1600519079243488,6,True
IDN,2019,Indonesia,East Asia & Pacific,Upper middle income,Jakarta,-6.19752,106.83,4106.94856160358,70.349,47.6906489788375,55.7382049560547,3.59,98.9,,272489381.0,,6,True
IDN,2020,Indonesia,East Asia & Pacific,Upper middle income,Jakarta,-6.19752,106.83,3853.70288774146,68.817,53.72649449,56.2785287648768,4.255,97.0,,274814866.0,,6,True
IDN,2021,Indonesia,East Asia & Pacific,Upper middle income,Jakarta,-6.19752,106.83,4287.17313995098,67.452,62.10447842,56.8761702464027,3.827,99.2,,276758053.0,,6,True
IDN,2022,Indonesia,East Asia & Pacific,Upper middle income,Jakarta,-6.19752,106.83,4730.83484836107,70.925,66.48461277,57.4934704226599,3.462,100.0,,278830529.0,,6,True
IDN,2023,Indonesia,East Asia & Pacific,Upper middle income,Jakarta,-6.19752,106.83,4876.30774512252,71.146,69.20836554,58.1179353397878,3.308,99.4,,281190067.0,,6,True
IMN,2014,Isle of Man,Europe & Central Asia,High income,Douglas,54.1509,-4.47928,91885.4528718026,80.199,,52.0997913403899,,100.0,,83892.0,,4,False
IMN,2015,Isle of Man,Europe & Central Asia,High income,Douglas,54.1509,-4.47928,84753.5187422732,80.267,,52.1164840474526,,100.0,,83593.0,,4,False
IMN,2016,Isle of Man,Europe & Central Asia,High income,Douglas,54.1509,-4.47928,82025.9454509241,80.391,,52.1331532169475,,100.0,,83466.0,,4,False
IMN,2017,Isle of Man,Europe & Central Asia,High income,Douglas,54.1509,-4.47928,83481.3038489014,80.506,,52.1498415744309,,100.0,,83609.0,,4,False
IMN,2018,Isle of Man,Europe & Central Asia,High income,Douglas,54.1509,-4.47928,89393.8244248812,80.614,,52.1651893864538,,100.0,,83805.0,,4,False
IMN,2019,Isle of Man,Europe & Central Asia,High income,Douglas,54.1509,-4.47928,87127.5517977404,80.74,,52.1789898247578,,100.0,,83957.0,,4,False
IMN,2020,Isle of Man,Europe & Central Asia,High income,Douglas,54.1509,-4.47928,79513.5330346598,80.591,,52.1909519786866,,100.0,,84064.0,,4,False
IMN,2021,Isle of Man,Europe & Central Asia,High income,Douglas,54.1509,-4.47928,94299.969348965,80.42,,52.1999559660634,,100.0,,84106.0,,4,False
IMN,2022,Isle of Man,Europe & Central Asia,High income,Douglas,54.1509,-4.47928,88328.548125887,80.956,,52.1955609162662,,100.0,,84132.0,,4,False
IMN,2023,Isle of Man,Europe & Central Asia,High income,Douglas,54.1509,-4.47928,,80.999,,52.1832571730182,,100.0,,84165.0,,3,False
IND,2014,India,South Asia,Lower middle income,New Delhi,28.6353,77.225,1553.88396075118,68.932,13.5,32.2288233408821,7.656,85.1,2136.87,1312277191.0,1.628367859058521,6,True
IND,2015,India,South Asia,Lower middle income,New Delhi,28.6353,77.225,1583.99815907985,69.326,14.89999962,32.5472990022299,7.629,88.0,2150.22,1328024498.0,1.6191116980433895,6,True
IND,2016,India,South Asia,Lower middle income,New Delhi,28.6353,77.225,1707.50892912243,69.709,16.5,32.8650780972823,7.611,89.6,2183.28,1343944296.0,1.6245316167479014,6,True
IND,2017,India,South Asia,Lower middle income,New Delhi,28.6353,77.225,1950.10468280866,70.068,18.20000076,33.1821328157539,7.626,91.8,2301.44,1359657400.0,1.6926616955124136,6,True
IND,2018,India,South Asia,Lower middle income,New Delhi,28.6353,77.225,1966.25455171679,70.415,20.0813000379384,33.4984353473598,7.652,95.7,2434.52,1374659064.0,1.7709991253511277,6,True
IND,2019,India,South Asia,Lower middle income,New Delhi,28.6353,77.225,2041.42863698585,70.746,29.52350044,33.8139578818147,6.51,95.9,,1389030312.0,,6,True
IND,2020,India,South Asia,Lower middle income,New Delhi,28.6353,77.225,1907.04251637669,70.156,43.40544313,34.1286726088333,7.859,96.5,,1402617695.0,,6,True
IND,2021,India,South Asia,Lower middle income,New Delhi,28.6353,77.225,2239.61384367482,67.282,49.2580986,34.4425517181304,6.38,99.6,,1414203896.0,,6,True
IND,2022,India,South Asia,Lower middle income,New Delhi,28.6353,77.225,2347.44829434623,71.698,55.9,34.7555673994206,4.822,99.2,,1425423212.0,,6,True
IND,2023,India,South Asia,Lower middle income,New Delhi,28.6353,77.225,2530.12031278204,72.003,60.25230026,35.0676918424186,4.172,99.5,,1438069596.0,,6,True
IRL,2014,Ireland,Europe & Central Asia,High income,Dublin,53.3441,-6.26749,57214.5379785709,81.3487804878049,83.4917223351728,62.535401730577,11.858,100.0,35.55,4657740.0,7.6324569426374165,6,True
IRL,2015,Ireland,Europe & Central Asia,High income,Dublin,53.3441,-6.26749,64250.1385181257,81.4536585365854,83.4947916666667,62.6392123492764,9.908,100.0,36.99,4701957.0,7.8669371072512995,6,True
IRL,2016,Ireland,Europe & Central Asia,High income,Dublin,53.3441,-6.26749,64129.5571542383,81.6536585365854,83.5,62.7229399123734,8.374,100.0,38.71,4762722.0,8.127705123246749,6,True
IRL,2017,Ireland,Europe & Central Asia,High income,Dublin,53.3441,-6.26749,72161.4047531385,82.1560975609756,84.1140070623844,62.9035196521232,6.713,100.0,37.53,4827445.0,7.774298826812113,6,True
IRL,2018,Ireland,Europe & Central Asia,High income,Dublin,53.3441,-6.26749,80804.1123164826,82.2048780487805,87.0001401148942,63.0844503476779,5.741,100.0,37.11,4898022.0,7.576527831030567,6,True
IRL,2019,Ireland,Europe & Central Asia,High income,Dublin,53.3441,-6.26749,81827.6688873996,82.7024390243903,87.0000552425146,63.2737009154127,4.95,100.0,,4976456.0,,6,True
IRL,2020,Ireland,Europe & Central Asia,High income,Dublin,53.3441,-6.26749,86514.0706108754,82.4560975609756,91.99989097,63.4713366724915,5.623,100.0,,5039747.0,,6,True
IRL,2021,Ireland,Europe & Central Asia,High income,Dublin,53.3441,-6.26749,103783.446284479,82.2536585365854,93.50610352,63.6774229356985,6.357,100.0,,5110585.0,,6,True
IRL,2022,Ireland,Europe & Central Asia,High income,Dublin,53.3441,-6.26749,105190.685952731,82.509756097561,95.03690338,63.8920250215059,4.465,100.0,,5212836.0,,6,True
IRL,2023,Ireland,Europe & Central Asia,High income,Dublin,53.3441,-6.26749,106818.917130804,82.8073170731707,96.8660965,64.1152082461268,4.243,100.0,,5311538.0,,6,True
IRN,2014,"Iran, Islamic Rep.","Middle East, North Africa, Afghanistan & Pakistan",Upper middle income,Tehran,35.6878,51.4447,5672.06372896319,75.635,39.353614505223,72.8324070385223,10.68,100.0,610.67,81502045.0,7.492695428685256,6,True
IRN,2015,"Iran, Islamic Rep.","Middle East, North Africa, Afghanistan & Pakistan",Upper middle income,Tehran,35.6878,51.4447,4952.73355532178,75.907,45.3349761533285,73.3561403575949,11.166,100.0,602.23,82619362.0,7.289211456268568,6,True
IRN,2016,"Iran, Islamic Rep.","Middle East, North Africa, Afghanistan & Pakistan",Upper middle income,Tehran,35.6878,51.4447,5710.59947089104,76.155,53.2267716709857,73.8796100096595,12.618,100.0,605.76,83812228.0,7.22758497721836,6,True
IRN,2017,"Iran, Islamic Rep.","Middle East, North Africa, Afghanistan & Pakistan",Upper middle income,Tehran,35.6878,51.4447,6000.93346404409,76.396,64.0439736249513,74.4011840820312,12.232,99.9,620.78,85026754.0,7.3009961076486585,6,True
IRN,2018,"Iran, Islamic Rep.","Middle East, North Africa, Afghanistan & Pakistan",Upper middle income,Tehran,35.6878,51.4447,4783.01067340237,76.621,70.2005650008363,74.8034286499023,12.195,100.0,629.29,86117998.0,7.307299456729126,6,True
IRN,2019,"Iran, Islamic Rep.","Middle East, North Africa, Afghanistan & Pakistan",Upper middle income,Tehran,35.6878,51.4447,3997.4935449585,76.855,72.4509047672065,75.2038879394531,10.74,100.0,,87051648.0,,6,True
IRN,2020,"Iran, Islamic Rep.","Middle East, North Africa, Afghanistan & Pakistan",Upper middle income,Tehran,35.6878,51.4447,3202.50003502169,74.141,75.56986637,75.5986404418945,9.687,100.0,,87723443.0,,6,True
IRN,2021,"Iran, Islamic Rep.","Middle East, North Africa, Afghanistan & Pakistan",Upper middle income,Tehran,35.6878,51.4447,4605.14881318992,73.752,78.5957366,75.9926376342773,9.282,100.0,,88455488.0,,6,True
IRN,2022,"Iran, Islamic Rep.","Middle East, North Africa, Afghanistan & Pakistan",Upper middle income,Tehran,35.6878,51.4447,4721.20437099984,76.799,81.71649933,76.3342208862305,9.085,100.0,,89524246.0,,6,True
IRN,2023,"Iran, Islamic Rep.","Middle East, North Africa, Afghanistan & Pakistan",Upper middle income,Tehran,35.6878,51.4447,5049.29931642754,77.654,83.71050262,76.6759567260742,8.129,100.0,,90608707.0,,6,True
IRQ,2014,Iraq,"Middle East, North Africa, Afghanistan & Pakistan",Upper middle income,Baghdad,33.3302,44.394,6249.39226978969,69.679,11.6453267304545,69.6666641235352,10.59,99.2,168.84,36550059.0,4.619417987806805,6,True
IRQ,2015,Iraq,"Middle East, North Africa, Afghanistan & Pakistan",Upper middle income,Baghdad,33.3302,44.394,4440.14189252367,69.977,15.21440029,69.920524597168,10.865,99.4,162.19,37560535.0,4.318096108055969,6,True
IRQ,2016,Iraq,"Middle East, North Africa, Afghanistan & Pakistan",Upper middle income,Baghdad,33.3302,44.394,4334.42096404188,68.683,19.87719917,69.9123778259643,10.82,99.7,172.35,38469627.0,4.480157813851432,6,True
IRQ,2017,Iraq,"Middle East, North Africa, Afghanistan & Pakistan",Upper middle income,Baghdad,33.3302,44.394,4759.2846435467,69.788,25.96920013,69.8944511190753,13.02,99.9,174.29,39337353.0,4.4306489051258735,6,True
IRQ,2018,Iraq,"Middle East, North Africa, Afghanistan & Pakistan",Upper middle income,Baghdad,33.3302,44.394,5646.68932074742,71.116,33.92810059,69.8765148865842,13.458,99.9,188.14,40265624.0,4.67247198255266,6,True
IRQ,2019,Iraq,"Middle East, North Africa, Afghanistan & Pakistan",Upper middle income,Baghdad,33.3302,44.394,5671.8568632942,71.245,44.3263465511579,69.8683395385742,14.096,100.0,,41192171.0,,6,True
IRQ,2020,Iraq,"Middle East, North Africa, Afghanistan & Pakistan",Upper middle income,Baghdad,33.3302,44.394,4295.18945121228,69.651,53.67779922,69.8683166503906,15.766,100.0,,42116605.0,,6,True
IRQ,2021,Iraq,"Middle East, North Africa, Afghanistan & Pakistan",Upper middle income,Baghdad,33.3302,44.394,4868.49431080783,70.704,65.00219727,69.8682708740234,16.173,100.0,,43071211.0,,6,True
IRQ,2022,Iraq,"Middle East, North Africa, Afghanistan & Pakistan",Upper middle income,Baghdad,33.3302,44.394,6520.73154560584,72.037,78.71560926,69.8682861328125,15.41,100.0,,44070551.0,,6,True
IRQ,2023,Iraq,"Middle East, North Africa, Afghanistan & Pakistan",Upper middle income,Baghdad,33.3302,44.394,5965.31835077761,72.324,81.80889893,69.868278503418,15.239,100.0,,45074049.0,,6,True
ISL,2014,Iceland,Europe & Central Asia,High income,Reykjavik,64.1353,-21.8952,55140.364935793,82.8609756097561,98.1580233097118,93.6196716315805,4.897,100.0,2.05,327386.0,6.26172163745548,6,True
ISL,2015,Iceland,Europe & Central Asia,High income,Reykjavik,64.1353,-21.8952,53505.6964079339,82.4682926829268,98.19999695,93.727919768566,3.979,100.0,2.06,330815.0,6.227045327448876,6,True
ISL,2016,Iceland,Europe & Central Asia,High income,Reykjavik,64.1353,-21.8952,62854.0906407932,82.2048780487805,98.23999786,93.7822647094726,2.978,100.0,2.07,335439.0,6.171017681307182,6,True
ISL,2017,Iceland,Europe & Central Asia,High income,Reykjavik,64.1353,-21.8952,72976.3729990975,82.6609756097561,98.2552011867973,93.7718982310092,2.742,100.0,2.17,343400.0,6.319161327897496,6,True
ISL,2018,Iceland,Europe & Central Asia,High income,Reykjavik,64.1353,-21.8952,75633.8651351915,82.8609756097561,99.0109539916991,93.8526667025487,2.704,100.0,2.2,352721.0,6.237224321772732,6,True
ISL,2019,Iceland,Europe & Central Asia,High income,Reykjavik,64.1353,-21.8952,69296.3144361601,83.1634146341463,99.5049411693787,93.9770847416131,3.507,100.0,,360563.0,,6,True
ISL,2020,Iceland,Europe & Central Asia,High income,Reykjavik,64.1353,-21.8952,60127.9393575616,83.0634146341463,99.5327519,94.1367102874722,5.478,100.0,,366463.0,,6,True
ISL,2021,Iceland,Europe & Central Asia,High income,Reykjavik,64.1353,-21.8952,70425.4064277273,83.1658536585366,99.68701957,94.2108206403841,6.029,100.0,,372520.0,,6,True
ISL,2022,Iceland,Europe & Central Asia,High income,Reykjavik,64.1353,-21.8952,76350.4550416502,82.119512195122,97.58339691,94.1787071228028,3.789,100.0,,382003.0,,6,True
ISL,2023,Iceland,Europe & Central Asia,High income,Reykjavik,64.1353,-21.8952,82138.7892973557,82.4560975609756,97.94860077,94.1518261784801,3.518,100.0,,385663.0,,6,True
ISR,2014,Israel,"Middle East, North Africa, Afghanistan & Pakistan",High income,,31.7717,35.2035,38343.3046626235,82.1536585365854,75.0177531628076,91.7151980935716,5.789,100.0,64.71,8215700.0,7.876383022749126,6,True
ISR,2015,Israel,"Middle East, North Africa, Afghanistan & Pakistan",High income,,31.7717,35.2035,36213.1041481958,82.0512195121951,77.3520896572253,91.7042921554705,5.176,100.0,66.14,8380100.0,7.892507249316834,6,True
ISR,2016,Israel,"Middle East, North Africa, Afghanistan & Pakistan",High income,,31.7717,35.2035,37671.5389138798,82.4073170731707,79.6531241815281,91.6894623646632,4.723,100.0,65.26,8546000.0,7.636321085888135,6,True
ISR,2017,Israel,"Middle East, North Africa, Afghanistan & Pakistan",High income,,31.7717,35.2035,41138.470964272,82.5512195121951,81.5811835871611,91.6701057535759,4.14,100.0,66.04,8713300.0,7.579217977115445,6,True
ISR,2018,Israel,"Middle East, North Africa, Afghanistan & Pakistan",High income,,31.7717,35.2035,42362.6652754196,82.8024390243903,83.7331569615326,91.6456193546346,3.917,100.0,61.97,8882800.0,6.97640383662809,6,True
ISR,2019,Israel,"Middle East, North Africa, Afghanistan & Pakistan",High income,,31.7717,35.2035,44250.6313628073,82.8048780487805,86.7878776180583,91.6154002002652,3.731,100.0,,9054000.0,,6,True
ISR,2020,Israel,"Middle East, North Africa, Afghanistan & Pakistan",High income,,31.7717,35.2035,44575.5719045492,82.6487804878049,90.12734091,91.5788453228939,4.169,100.0,,9215100.0,,6,True
ISR,2021,Israel,"Middle East, North Africa, Afghanistan & Pakistan",High income,,31.7717,35.2035,52270.9040241956,82.5,90.29689758,91.5353517549466,4.812,100.0,,9371400.0,,6,True
ISR,2022,Israel,"Middle East, North Africa, Afghanistan & Pakistan",High income,,31.7717,35.2035,54949.621556429,82.7,91.85079615,91.4979834273327,3.695,100.0,,9557500.0,,6,True
ISR,2023,Israel,"Middle East, North Africa, Afghanistan & Pakistan",High income,,31.7717,35.2035,52003.7200729997,83.1951219512195,87.03842615,91.5089569794505,3.371,100.0,,9849000.0,,6,True
ITA,2014,Italy,Europe & Central Asia,High income,Rome,41.8955,12.4823,36028.3494022349,83.090243902439,55.6384602242293,69.5807638614879,12.683,100.0,327.49,60320707.0,5.429147241261612,6,True
ITA,2015,Italy,Europe & Central Asia,High income,Rome,41.8955,12.4823,30639.8829751432,82.5439024390244,58.1417349568747,69.6100006103516,11.896,100.0,337.86,60229605.0,5.609533716849048,6,True
ITA,2016,Italy,Europe & Central Asia,High income,Rome,41.8955,12.4823,31391.5692898108,83.2439024390244,61.3242527666303,69.5969232525286,11.688,100.0,333.34,60115223.0,5.545018106312273,6,True
ITA,2017,Italy,Europe & Central Asia,High income,Rome,41.8955,12.4823,32844.115660604,82.9463414634147,63.0773469984291,69.5180784259382,11.211,100.0,329.19,60002252.0,5.486294081095489,6,True
ITA,2018,Italy,Europe & Central Asia,High income,Rome,41.8955,12.4823,34904.1081923834,83.3463414634146,74.3871829234822,69.4800033569336,10.538,100.0,324.85,60148658.0,5.400785500484483,6,True
ITA,2019,Italy,Europe & Central Asia,High income,Rome,41.8955,12.4823,33812.788724868,83.4975609756098,67.8507102874836,69.5050010681153,9.884,100.0,,59729081.0,,6,True
ITA,2020,Italy,Europe & Central Asia,High income,Rome,41.8955,12.4823,32091.4866621366,82.1951219512195,70.48342785,69.5187492370606,9.192,100.0,,59438851.0,,6,True
ITA,2021,Italy,Europe & Central Asia,High income,Rome,41.8955,12.4823,36852.5425414951,82.6463414634146,74.8623274,69.4812507629394,9.497,100.0,,59133173.0,,6,True
ITA,2022,Italy,Europe & Central Asia,High income,Rome,41.8955,12.4823,35653.9042103495,82.7,85.06074504,69.4839779766539,8.069,100.0,,59013667.0,,6,True
ITA,2023,Italy,Europe & Central Asia,High income,Rome,41.8955,12.4823,39277.0838783918,83.3512195121951,87.0278292,69.5381540123301,7.627,100.0,,58984216.0,,6,True
JAM,2014,Jamaica,Latin America & Caribbean,Upper middle income,Kingston,17.9927,-76.792,4975.11325459872,72.357,40.4027351046672,54.8660395670395,9.046,93.3,7.4,2793749.0,2.6487705230498517,6,True
JAM,2015,Jamaica,Latin America & Caribbean,Upper middle income,Kingston,17.9927,-76.792,5339.30718256806,72.214,42.2212211907441,55.1995248014924,8.825,94.9,7.29,2802534.0,2.6012173268905925,6,True
JAM,2016,Jamaica,Latin America & Caribbean,Upper middle income,Kingston,17.9927,-76.792,5302.29553353854,72.052,44.3668563671334,55.549259277615,8.634,96.6,7.75,2809915.0,2.7580905472229587,6,True
JAM,2017,Jamaica,Latin America & Caribbean,Upper middle income,Kingston,17.9927,-76.792,5605.43541173019,71.879,55.0720670507751,55.9152267548307,7.399,97.4,7.19,2815764.0,2.553481044576179,6,True
JAM,2018,Jamaica,Latin America & Caribbean,Upper middle income,Kingston,17.9927,-76.792,5976.90362644337,71.606,68.2145170876072,56.297410990325,5.47,98.2,8.51,2820097.0,3.01762669865611,6,True
JAM,2019,Jamaica,Latin America & Caribbean,Upper middle income,Kingston,17.9927,-76.792,6030.68896415921,71.532,70.8410169743356,56.6957957395074,4.987,98.9,,2823271.0,,6,True
JAM,2020,Jamaica,Latin America & Caribbean,Upper middle income,Kingston,17.9927,-76.792,5299.04530804283,71.452,76.38400269,57.1103647563627,6.501,99.7,,2830739.0,,6,True
JAM,2021,Jamaica,Latin America & Caribbean,Upper middle income,Kingston,17.9927,-76.792,5625.67806271236,69.085,82.36071561,57.5411017937226,5.188,100.0,,2837682.0,,6,True
JAM,2022,Jamaica,Latin America & Caribbean,Upper middle income,Kingston,17.9927,-76.792,6626.47502388538,71.481,85.84329987,57.9879906034775,4.083,100.0,,2839144.0,,6,True
JAM,2023,Jamaica,Latin America & Caribbean,Upper middle income,Kingston,17.9927,-76.792,7542.40084275345,71.479,89.47304282,58.4510149367429,3.022,97.7,,2839786.0,,6,True
JOR,2014,Jordan,"Middle East, North Africa, Afghanistan & Pakistan",Lower middle income,Amman,31.9497,35.9263,4191.18050084986,74.606,46.2,88.0371754329978,11.9,99.8,25.59,8791710.0,2.91069655391272,6,True
JOR,2015,Jordan,"Middle East, North Africa, Afghanistan & Pakistan",Lower middle income,Amman,31.9497,35.9263,4042.75678097555,75.06,54.22000122,89.8881391939133,13.075,99.9,25.36,9544729.0,2.6569638593196307,6,True
JOR,2016,Jordan,"Middle East, North Africa, Afghanistan & Pakistan",Lower middle income,Amman,31.9497,35.9263,3986.71677010853,75.55,56.15000153,90.56272794707,15.275,100.0,24.86,10006367.0,2.4844181709505557,6,True
JOR,2017,Jordan,"Middle East, North Africa, Afghanistan & Pakistan",Lower middle income,Amman,31.9497,35.9263,4065.61628749384,76.071,64.5,90.8764609714428,18.12,100.0,26.1,10234226.0,2.550266136393705,6,True
JOR,2018,Jordan,"Middle East, North Africa, Afghanistan & Pakistan",Lower middle income,Amman,31.9497,35.9263,4145.43989673265,76.491,65.2,91.2008859099729,18.257,99.9,24.7,10462306.0,2.360856201300172,6,True
JOR,2019,Jordan,"Middle East, North Africa, Afghanistan & Pakistan",Lower middle income,Amman,31.9497,35.9263,4170.1144003465,76.865,70.08470154,91.515966492507,16.801,99.9,,10671891.0,,6,True
JOR,2020,Jordan,"Middle East, North Africa, Afghanistan & Pakistan",Lower middle income,Amman,31.9497,35.9263,4022.0401356135,75.583,78.4178009,91.8216722992319,19.213,99.9,,10865228.0,,6,True
JOR,2021,Jordan,"Middle East, North Africa, Afghanistan & Pakistan",Lower middle income,Amman,31.9497,35.9263,4183.49998326866,74.204,85.999997,92.117972910453,19.837,99.9,,11066356.0,,6,True
JOR,2022,Jordan,"Middle East, North Africa, Afghanistan & Pakistan",Lower middle income,Amman,31.9497,35.9263,4332.25159897931,77.088,90.4999984,92.4048379066163,18.2,100.0,,11256263.0,,6,True
JOR,2023,Jordan,"Middle East, North Africa, Afghanistan & Pakistan",Lower middle income,Amman,31.9497,35.9263,4466.08314208575,77.814,92.53443944,92.682236868336,16.62,100.0,,11439213.0,,6,True
JPN,2014,Japan,East Asia & Pacific,High income,Tokyo,35.67,139.77,38475.3952461838,83.5878048780488,89.1068330166075,91.2548945132333,3.589,100.0,1219.82,127276000.0,9.584053552908639,6,True
JPN,2015,Japan,East Asia & Pacific,High income,Tokyo,35.67,139.77,34960.6393843385,83.7939024390244,91.0580283929962,91.3532644103625,3.385,100.0,1181.5,127141000.0,9.292832367214352,6,True
JPN,2016,Japan,East Asia & Pacific,High income,Tokyo,35.67,139.77,39375.4731620781,83.9848780487805,93.1827212821617,91.4541254852142,3.132,100.0,1171.39,127076000.0,9.218027007460103,6,True
JPN,2017,Japan,East Asia & Pacific,High income,Tokyo,35.67,139.77,38834.0529341227,84.099756097561,91.7265472366635,91.5498419685883,2.822,100.0,1151.93,126972000.0,9.072315156097407,6,True
JPN,2018,Japan,East Asia & Pacific,High income,Tokyo,35.67,139.77,39751.1330982711,84.2109756097561,88.7463508901772,91.6377318609728,2.467,100.0,1106.15,126811000.0,8.72282372980262,6,True
JPN,2019,Japan,East Asia & Pacific,High income,Tokyo,35.67,139.77,40415.9567649547,84.3563414634146,92.7303978145525,91.7164207898107,2.351,100.0,,126633000.0,,6,True
JPN,2020,Japan,East Asia & Pacific,High income,Tokyo,35.67,139.77,40028.7341726762,84.56,90.21945812,91.7809926267889,2.809,100.0,,126261000.0,,6,True
JPN,2021,Japan,East Asia & Pacific,High income,Tokyo,35.67,139.77,40094.5599795288,84.4456097560976,82.91407928,91.8741049279527,2.808,100.0,,125681593.0,,6,True
JPN,2022,Japan,East Asia & Pacific,High income,Tokyo,35.67,139.77,34065.6438962526,83.9963414634146,84.92343147,91.9776532428406,2.614,100.0,,125124989.0,,6,True
JPN,2023,Japan,East Asia & Pacific,High income,Tokyo,35.67,139.77,33836.1756271617,84.0412195121951,85.00990295,92.0826903891473,2.6,100.0,,124516650.0,,6,True
KAZ,2014,Kazakhstan,Europe & Central Asia,Upper middle income,Astana,51.1879,71.4382,12427.7094576939,71.415,66.0,55.5524361787178,5.06,100.0,205.23,17816285.0,11.519236473821563,6,True
KAZ,2015,Kazakhstan,Europe & Central Asia,Upper middle income,Astana,51.1879,71.4382,10196.1226255982,72.024,70.82993359566,56.1106048930882,4.93,100.0,206.64,18084169.0,11.426568729810034,6,True
KAZ,2016,Kazakhstan,Europe & Central Asia,Upper middle income,Astana,51.1879,71.4382,7475.56688689424,72.549,74.5877264735738,56.7476265001667,4.96,100.0,223.02,18363600.0,12.1446775142129,6,True
KAZ,2017,Kazakhstan,Europe & Central Asia,Upper middle income,Astana,51.1879,71.4382,8943.08416791984,72.996,76.4267482325439,57.4586448748837,4.9,100.0,225.56,18651931.0,12.093117865383482,6,True
KAZ,2018,Kazakhstan,Europe & Central Asia,Upper middle income,Astana,51.1879,71.4382,9472.48527327758,73.369,78.9039190578816,58.2388038921695,4.85,100.0,220.45,18932727.0,11.643858805971268,6,True
KAZ,2019,Kazakhstan,Europe & Central Asia,Upper middle income,Astana,51.1879,71.4382,9457.12614657136,73.658,81.8776204746284,59.0832474269546,4.8,100.0,,19209555.0,,6,True
KAZ,2020,Kazakhstan,Europe & Central Asia,Upper middle income,Astana,51.1879,71.4382,8781.50797787648,71.195,85.94259898,59.9871193541692,4.89,100.0,,19482117.0,,6,True
KAZ,2021,Kazakhstan,Europe & Central Asia,Upper middle income,Astana,51.1879,71.4382,9983.60103576902,70.131,90.9239507,61.030254280267,5.568,100.0,,19743603.0,,6,True
KAZ,2022,Kazakhstan,Europe & Central Asia,Upper middle income,Astana,51.1879,71.4382,11255.3396437881,73.503,92.29685266,61.444157327248,4.86,100.0,,20034609.0,,6,True
KAZ,2023,Kazakhstan,Europe & Central Asia,Upper middle income,Astana,51.1879,71.4382,12879.4275257974,74.402,92.87846096,61.7560919499181,4.835,100.0,,20330104.0,,6,True
KEN,2014,Kenya,Sub-Saharan Africa,Lower middle income,Nairobi,-1.27975,36.8126,1482.81566253497,61.99,16.5,31.7931545274563,2.767,36.0,15.03,46051440.0,0.3263741589839536,6,True
KEN,2015,Kenya,Sub-Saharan Africa,Lower middle income,Nairobi,-1.27975,36.8126,1489.11959777284,62.279,16.5878548475992,31.7338026039958,2.762,41.6,17.09,47088526.0,0.36293342458840183,6,True
KEN,2016,Kenya,Sub-Saharan Africa,Lower middle income,Nairobi,-1.27975,36.8126,1554.12610314423,62.526,16.6,31.6502520105647,2.757,53.1,18.77,48139687.0,0.3899069804920003,6,True
KEN,2017,Kenya,Sub-Saharan Africa,Lower middle income,Nairobi,-1.27975,36.8126,1667.48447230835,62.725,17.82710075,31.5383650847102,3.542,55.8,18.89,49197766.0,0.38396052373597617,6,True
KEN,2018,Kenya,Sub-Saharan Africa,Lower middle income,Nairobi,-1.27975,36.8126,1836.45275528993,62.825,19.5,31.3940041639796,4.284,61.2,18.4,50207107.0,0.3664819803299959,6,True
KEN,2019,Kenya,Sub-Saharan Africa,Lower middle income,Nairobi,-1.27975,36.8126,1960.40808854893,62.939,22.6687733618171,31.1895566421135,5.014,69.7,,51202827.0,,6,True
KEN,2020,Kenya,Sub-Saharan Africa,Lower middle income,Nairobi,-1.27975,36.8126,1927.66459027849,61.596,24.7227993,31.2063494632616,5.613,71.5,,52217334.0,,6,True
KEN,2021,Kenya,Sub-Saharan Africa,Lower middle income,Nairobi,-1.27975,36.8126,2061.35622089594,61.225,26.96290016,31.2879334021971,5.693,76.5,,53219166.0,,6,True
KEN,2022,Kenya,Sub-Saharan Africa,Lower middle income,Nairobi,-1.27975,36.8126,2109.56288513137,63.549,29.40589905,31.4307820066946,5.565,76.0,,54252461.0,,6,True
KEN,2023,Kenya,Sub-Saharan Africa,Lower middle income,Nairobi,-1.27975,36.8126,1942.58802756191,63.646,32.07040024,31.6330340816429,5.409,76.2,,55339003.0,,6,True
KGZ,2014,Kyrgyz Republic,Europe & Central Asia,Lower middle income,Bishkek,42.8851,74.6057,1264.52668823891,70.4024390243902,28.29999924,35.1455493029297,4.02,99.8,9.71,5905848.0,1.6441330694592884,6,True
KGZ,2015,Kyrgyz Republic,Europe & Central Asia,Lower middle income,Bishkek,42.8851,74.6057,1105.65193844261,70.6512195121951,30.24699974,35.1008937681291,4.138,98.7,10.27,6040036.0,1.7003209914642894,6,True
KGZ,2016,Kyrgyz Republic,Europe & Central Asia,Lower middle income,Bishkek,42.8851,74.6057,1103.27489428412,70.9512195121951,40.52619934,35.0515747230627,4.294,99.7,9.7,6175338.0,1.5707642237558495,6,True
KGZ,2017,Kyrgyz Republic,Europe & Central Asia,Lower middle income,Bishkek,42.8851,74.6057,1221.39046807082,71.2,50.80530167,34.9980805726839,4.425,100.0,9.34,6306696.0,1.4809656276440153,6,True
KGZ,2018,Kyrgyz Republic,Europe & Central Asia,Lower middle income,Bishkek,42.8851,74.6057,1283.5203037417,71.4,62.8,34.9408997219466,4.559,100.0,11.0,6444079.0,1.706993350019452,6,True
KGZ,2019,Kyrgyz Republic,Europe & Central Asia,Lower middle income,Bishkek,42.8851,74.6057,1421.99927504102,71.6,64.1,34.8805205758044,5.45,99.9,,6590211.0,,6,True
KGZ,2020,Kyrgyz Republic,Europe & Central Asia,Lower middle income,Bishkek,42.8851,74.6057,1229.51766602907,71.8,72.0,34.8174315392111,5.945,99.9,,6726596.0,,6,True
KGZ,2021,Kyrgyz Republic,Europe & Central Asia,Lower middle income,Bishkek,42.8851,74.6057,1349.99730650542,71.9,77.11769867,34.7521210171204,5.149,99.7,,6851224.0,,6,True
KGZ,2022,Kyrgyz Republic,Europe & Central Asia,Lower middle income,Bishkek,42.8851,74.6057,1739.72018344174,72.0487804878049,84.1937027,34.7003053497743,4.767,99.7,,6975220.0,,6,True
KGZ,2023,Kyrgyz Republic,Europe & Central Asia,Lower middle income,Bishkek,42.8851,74.6057,2138.22210211478,72.2487804878049,91.04440308,34.706439175362,3.498,100.0,,7099750.0,,6,True
KHM,2014,Cambodia,East Asia & Pacific,Lower middle income,Phnom Penh,11.5556,104.874,1431.56396469993,69.117,14.0,27.8179557823331,0.692,56.1,6.63,15396772.0,0.43060974079501857,6,True
KHM,2015,Cambodia,East Asia & Pacific,Lower middle income,Phnom Penh,11.5556,104.874,1547.32010444393,69.398,6.43319107021405,30.0669222549819,0.393,62.7,8.58,15623251.0,0.5491814731773815,6,True
KHM,2016,Cambodia,East Asia & Pacific,Lower middle income,Phnom Penh,11.5556,104.874,1675.19555711109,69.635,32.3984517141849,32.4767436038024,0.716,68.8,9.9,15852803.0,0.6244952391069264,6,True
KHM,2017,Cambodia,East Asia & Pacific,Lower middle income,Phnom Penh,11.5556,104.874,1826.35391688754,69.842,32.9002785437986,35.0127905056235,0.141,89.1,11.37,16073372.0,0.707381126996874,6,True
KHM,2018,Cambodia,East Asia & Pacific,Lower middle income,Phnom Penh,11.5556,104.874,2036.67377566578,69.993,65.0,37.6404336372742,0.129,80.7,11.16,16274522.0,0.6857344258713097,6,True
KHM,2019,Cambodia,East Asia & Pacific,Lower middle income,Phnom Penh,11.5556,104.874,2225.87705485686,70.127,52.305878224498,39.5830241256026,0.119,84.0,,16481304.0,,6,True
KHM,2020,Cambodia,East Asia & Pacific,Lower middle income,Phnom Penh,11.5556,104.874,2081.73914242939,70.059,56.37590027,39.832658030922,0.172,86.4,,16725474.0,,6,True
KHM,2021,Cambodia,East Asia & Pacific,Lower middle income,Phnom Penh,11.5556,104.874,2167.40324198499,69.301,60.76269913,40.1091858128847,0.396,82.5,,16974305.0,,6,True
KHM,2022,Cambodia,East Asia & Pacific,Lower middle income,Phnom Penh,11.5556,104.874,2325.03050040841,70.528,65.49079895,40.374616187368,0.245,92.3,,17201724.0,,6,True
KHM,2023,Cambodia,East Asia & Pacific,Lower middle income,Phnom Penh,11.5556,104.874,2429.74853452838,70.668,68.92549896,40.6290788072508,0.256,95.0,,17423880.0,,6,True
KIR,2014,Kiribati,East Asia & Pacific,Lower middle income,Tarawa,1.32905,172.979,1736.70535682101,65.869,12.25,50.3909308922385,,83.4,0.06,115326.0,0.5202642942614848,5,False
KIR,2015,Kiribati,East Asia & Pacific,Lower middle income,Tarawa,1.32905,172.979,1639.85274740652,65.831,14.89999962,50.9541970402064,,90.6,0.06,116815.0,0.5136326670376236,5,False
KIR,2016,Kiribati,East Asia & Pacific,Lower middle income,Tarawa,1.32905,172.979,1742.66799324117,65.799,19.41939926,51.7710553002321,,92.6,0.08,118478.0,0.6752308445449788,5,False
KIR,2017,Kiribati,East Asia & Pacific,Lower middle income,Tarawa,1.32905,172.979,1853.05122713319,65.787,25.30960083,52.9734697275451,,85.7,0.08,120275.0,0.6651423820411557,5,False
KIR,2018,Kiribati,East Asia & Pacific,Lower middle income,Tarawa,1.32905,172.979,1912.73809378187,65.807,32.9864006,54.5004023142497,,87.5,0.08,122084.0,0.6552865240326333,5,False
KIR,2019,Kiribati,East Asia & Pacific,Lower middle income,Tarawa,1.32905,172.979,1750.9977188915,65.866,41.79299927,56.2846727145489,,89.3,,123921.0,,5,False
KIR,2020,Kiribati,East Asia & Pacific,Lower middle income,Tarawa,1.32905,172.979,1751.78249168214,65.205,52.95090103,58.4123714112748,,91.0,,126099.0,,5,False
KIR,2021,Kiribati,East Asia & Pacific,Lower middle income,Tarawa,1.32905,172.979,2222.04819501897,64.148,67.08760071,59.6364645301985,,92.8,,128377.0,,5,False
KIR,2022,Kiribati,East Asia & Pacific,Lower middle income,Tarawa,1.32905,172.979,2069.7671726925,66.269,84.99849701,60.5739126559419,,94.4,,130469.0,,5,False
KIR,2023,Kiribati,East Asia & Pacific,Lower middle income,Tarawa,1.32905,172.979,2177.70125812262,66.473,88.0,61.5244676194408,,95.9,,132530.0,,5,False
KNA,2014,St. Kitts and Nevis,Latin America & Caribbean,High income,Basseterre,17.3,-62.7309,20219.3954237956,71.228,65.38179779,31.2290015317909,,100.0,0.23,47089.0,4.884367899084712,5,False
KNA,2015,St. Kitts and Nevis,Latin America & Caribbean,High income,Basseterre,17.3,-62.7309,20328.8003530109,71.211,66.17310333,31.2513929695583,,100.0,0.24,47087.0,5.096948202263895,5,False
KNA,2016,St. Kitts and Nevis,Latin America & Caribbean,High income,Basseterre,17.3,-62.7309,21387.5415511103,71.227,66.97389984,31.2806171906169,,100.0,0.25,47075.0,5.310674455655868,5,False
KNA,2017,St. Kitts and Nevis,Latin America & Caribbean,High income,Basseterre,17.3,-62.7309,22464.9899633959,71.284,67.78440094,31.3169642505921,,100.0,0.24,47050.0,5.100956429330499,5,False
KNA,2018,St. Kitts and Nevis,Latin America & Caribbean,High income,Basseterre,17.3,-62.7309,22901.3816403197,71.336,68.60479736,31.3607229995076,,100.0,0.26,47008.0,5.530973451327434,5,False
KNA,2019,St. Kitts and Nevis,Latin America & Caribbean,High income,Basseterre,17.3,-62.7309,23595.4923231291,71.54,69.43499756,31.4121818392285,,100.0,,46952.0,,5,False
KNA,2020,St. Kitts and Nevis,Latin America & Caribbean,High income,Basseterre,17.3,-62.7309,18859.0190361046,71.181,70.27529907,31.4716289738952,,100.0,,46870.0,,5,False
KNA,2021,St. Kitts and Nevis,Latin America & Caribbean,High income,Basseterre,17.3,-62.7309,18361.1449697886,69.271,74.37159729,31.5393525093972,,100.0,,46763.0,,5,False
KNA,2022,St. Kitts and Nevis,Latin America & Caribbean,High income,Basseterre,17.3,-62.7309,21011.5744209816,70.313,75.76229858,31.6156404983167,,100.0,,46709.0,,5,False
KNA,2023,St. Kitts and Nevis,Latin America & Caribbean,High income,Basseterre,17.3,-62.7309,22576.9248439166,72.145,76.58950043,31.7007809622822,,100.0,,46758.0,,5,False
KOR,2014,"Korea, Rep.",East Asia & Pacific,High income,Seoul,37.5323,126.957,30667.0912467447,81.7219512195122,87.5568264944747,81.7315682816954,3.082,100.0,586.0,50746659.0,11.547558234326322,6,True
KOR,2015,"Korea, Rep.",East Asia & Pacific,High income,Seoul,37.5323,126.957,30171.7906545222,82.0243902439024,89.8962557995106,81.639489860678,3.546,100.0,606.51,51014947.0,11.888868570225114,6,True
KOR,2016,"Korea, Rep.",East Asia & Pacific,High income,Seoul,37.5323,126.957,30832.0628072516,82.2756097560976,92.8430256796075,81.5559241797057,3.65,100.0,614.78,51217803.0,12.003248167438967,6,True
KOR,2017,"Korea, Rep.",East Asia & Pacific,High income,Seoul,37.5323,126.957,33296.9845439195,82.6268292682927,95.0694218761004,81.471030429984,3.653,100.0,625.35,51361911.0,12.175364736720953,6,True
KOR,2018,"Korea, Rep.",East Asia & Pacific,High income,Seoul,37.5323,126.957,35363.9508228687,82.6268292682927,96.0228595797887,81.3823523035196,3.824,100.0,630.87,51585058.0,12.229704190698012,6,True
KOR,2019,"Korea, Rep.",East Asia & Pacific,High income,Seoul,37.5323,126.957,33826.9443301597,83.2268292682927,96.157579184239,81.2901063535619,3.746,100.0,,51764822.0,,6,True
KOR,2020,"Korea, Rep.",East Asia & Pacific,High income,Seoul,37.5323,126.957,33645.7719545073,83.4268292682927,96.50506052,81.1759595622913,3.931,100.0,,51836239.0,,6,True
KOR,2021,"Korea, Rep.",East Asia & Pacific,High income,Seoul,37.5323,126.957,37518.4635305697,83.5268292682927,97.57132698,81.1616526507785,3.639,100.0,,51769539.0,,6,True
KOR,2022,"Korea, Rep.",East Asia & Pacific,High income,Seoul,37.5323,126.957,34822.4048404971,82.6804878048781,97.16855335,81.1624941626873,2.857,100.0,,51672569.0,,6,True
KOR,2023,"Korea, Rep.",East Asia & Pacific,High income,Seoul,37.5323,126.957,35674.095995632,83.4292682926829,97.41597478,81.1645551720421,2.675,100.0,,51712619.0,,6,True
KWT,2014,Kuwait,"Middle East, North Africa, Afghanistan & Pakistan",High income,Kuwait City,29.3721,47.9824,44368.7813457751,79.0803414634146,78.69999695,100.0,2.9,100.0,83.58,3665876.0,22.799461847591136,6,True
KWT,2015,Kuwait,"Middle East, North Africa, Afghanistan & Pakistan",High income,Kuwait City,29.3721,47.9824,29882.2126495698,79.3765609756098,82.0,100.0,2.2,100.0,88.04,3834574.0,22.959525621359766,6,True
KWT,2016,Kuwait,"Middle East, North Africa, Afghanistan & Pakistan",High income,Kuwait City,29.3721,47.9824,27323.6890735517,79.6775853658537,85.59999847,100.0,2.16,100.0,89.88,4004096.0,22.447014257400422,6,True
KWT,2017,Kuwait,"Middle East, North Africa, Afghanistan & Pakistan",High income,Kuwait City,29.3721,47.9824,29047.6536135703,79.9160731707317,97.9999893344615,100.0,2.23,100.0,89.72,4154812.0,21.594238198984694,6,True
KWT,2018,Kuwait,"Middle East, North Africa, Afghanistan & Pakistan",High income,Kuwait City,29.3721,47.9824,32067.9623756889,80.1063658536585,99.5988495907557,100.0,2.202,100.0,89.46,4323515.0,20.69149754308705,6,True
KWT,2019,Kuwait,"Middle East, North Africa, Afghanistan & Pakistan",High income,Kuwait City,29.3721,47.9824,31707.8737443551,81.969756097561,99.5426764518489,100.0,2.213,100.0,,4442316.0,,6,True
KWT,2020,Kuwait,"Middle East, North Africa, Afghanistan & Pakistan",High income,Kuwait City,29.3721,47.9824,25236.0755848941,78.7609756097561,99.10587017,100.0,3.489,100.0,,4400267.0,,6,True
KWT,2021,Kuwait,"Middle East, North Africa, Afghanistan & Pakistan",High income,Kuwait City,29.3721,47.9824,34018.6342592913,78.7365853658537,99.7,100.0,2.97,100.0,,4360865.0,,6,True
KWT,2022,Kuwait,"Middle East, North Africa, Afghanistan & Pakistan",High income,Kuwait City,29.3721,47.9824,39981.7691035833,80.5878048780488,99.74729919,100.0,2.133,100.0,,4589643.0,,6,True
KWT,2023,Kuwait,"Middle East, North Africa, Afghanistan & Pakistan",High income,Kuwait City,29.3721,47.9824,34075.849012909,83.1878048780488,99.74731125,100.0,2.08,100.0,,4853420.0,,6,True
LAO,2014,Lao PDR,East Asia & Pacific,Lower middle income,Vientiane,18.5826,102.177,1981.03910900473,66.35,14.26000023,32.6638235172635,1.733,82.5,4.42,6703172.0,0.6593893159835373,6,True
LAO,2015,Lao PDR,East Asia & Pacific,Lower middle income,Vientiane,18.5826,102.177,2121.01339097363,66.688,18.20000076,33.1240204432199,2.006,89.7,8.66,6801645.0,1.2732214045278751,6,True
LAO,2016,Lao PDR,East Asia & Pacific,Lower middle income,Vientiane,18.5826,102.177,2303.22156035363,67.014,21.87000084,33.8267455533474,2.634,89.0,15.36,6908802.0,2.2232508617268234,6,True
LAO,2017,Lao PDR,East Asia & Pacific,Lower middle income,Vientiane,18.5826,102.177,2432.43059478511,67.345,25.51040077,34.5115346444216,3.268,93.6,18.51,7018147.0,2.6374483179106964,6,True
LAO,2018,Lao PDR,East Asia & Pacific,Lower middle income,Vientiane,18.5826,102.177,2545.1075420815,67.594,36.27130127,35.2050070032013,2.897,92.9,18.79,7128045.0,2.636066410916317,6,True
LAO,2019,Lao PDR,East Asia & Pacific,Lower middle income,Vientiane,18.5826,102.177,2589.32081035237,67.911,47.03229904,35.9072880879451,2.531,98.4,,7237636.0,,6,True
LAO,2020,Lao PDR,East Asia & Pacific,Lower middle income,Vientiane,18.5826,102.177,2583.77730696131,68.339,54.0,36.6185033569111,2.349,99.3,,7346533.0,,6,True
LAO,2021,Lao PDR,East Asia & Pacific,Lower middle income,Vientiane,18.5826,102.177,2526.05105018529,67.807,62.0,37.338778268357,2.08,100.0,,7453194.0,,6,True
LAO,2022,Lao PDR,East Asia & Pacific,Lower middle income,Vientiane,18.5826,102.177,2046.40440255621,68.715,64.54000092,38.0682382805397,1.209,100.0,,7559007.0,,6,True
LAO,2023,Lao PDR,East Asia & Pacific,Lower middle income,Vientiane,18.5826,102.177,2066.94979776957,68.964,64.39800262,38.8070088517156,1.186,96.5,,7664993.0,,6,True
LBN,2014,Lebanon,"Middle East, North Africa, Afghanistan & Pakistan",Lower middle income,Beirut,33.8872,35.5134,7577.6413302369,78.148,73.0,88.4182574811842,8.84,99.7,24.94,6346990.0,3.9294216628669654,6,True
LBN,2015,Lebanon,"Middle East, North Africa, Afghanistan & Pakistan",Lower middle income,Beirut,33.8872,35.5134,7714.1099998804,78.275,74.0,88.6246882038608,9.312,99.7,27.05,6472469.0,4.179239792419246,6,True
LBN,2016,Lebanon,"Middle East, North Africa, Afghanistan & Pakistan",Lower middle income,Beirut,33.8872,35.5134,8089.012088155,78.306,76.11000061,88.835892633396,9.794,99.8,27.81,6323060.0,4.398186953785035,6,True
LBN,2017,Lebanon,"Middle East, North Africa, Afghanistan & Pakistan",Lower middle income,Beirut,33.8872,35.5134,8608.21084982387,78.192,78.18080139,89.0519233886895,10.258,99.9,29.28,6160128.0,4.753147986535344,6,True
LBN,2018,Lebanon,"Middle East, North Africa, Afghanistan & Pakistan",Lower middle income,Beirut,33.8872,35.5134,9174.53666204759,78.263,80.90000153,89.272833088641,10.755,99.7,27.71,5984119.0,4.630589732590545,6,True
LBN,2019,Lebanon,"Middle East, North Africa, Afghanistan & Pakistan",Lower middle income,Beirut,33.8872,35.5134,8905.88005497437,78.208,81.48120117,89.4986743521503,11.301,100.0,,5794594.0,,6,True
LBN,2020,Lebanon,"Middle East, North Africa, Afghanistan & Pakistan",Lower middle income,Beirut,33.8872,35.5134,5561.19166950397,76.299,82.0664978,89.729499798117,13.252,100.0,,5702398.0,,6,True
LBN,2021,Lebanon,"Middle East, North Africa, Afghanistan & Pakistan",Lower middle income,Beirut,33.8872,35.5134,4045.37391066234,73.65,82.65599823,89.965362045441,12.715,100.0,,5718122.0,,6,True
LBN,2022,Lebanon,"Middle East, North Africa, Afghanistan & Pakistan",Lower middle income,Beirut,33.8872,35.5134,3654.35845534878,78.003,81.46479797,90.206313713022,11.105,100.0,,5744489.0,,6,True
LBN,2023,Lebanon,"Middle East, North Africa, Afghanistan & Pakistan",Lower middle income,Beirut,33.8872,35.5134,3477.72489842684,77.817,81.7059021,90.4524074197598,10.985,100.0,,5773493.0,,6,True
LBR,2014,Liberia,Sub-Saharan Africa,Low income,Monrovia,6.30039,-10.7957,706.714490064507,59.21,5.409999847,50.2198153156642,2.079,9.4,1.22,4564293.0,0.267292218093799,6,True
LBR,2015,Liberia,Sub-Saharan Africa,Low income,Monrovia,6.30039,-10.7957,692.590082351257,59.248,10.0,50.7434382961363,2.557,15.2,1.26,4659431.0,0.27041928510154994,6,True
LBR,2016,Liberia,Sub-Saharan Africa,Low income,Monrovia,6.30039,-10.7957,714.613063145659,60.483,15.69999981,51.2687310234384,3.081,17.7,1.41,4755608.0,0.29649205737731116,6,True
LBR,2017,Liberia,Sub-Saharan Africa,Low income,Monrovia,6.30039,-10.7957,699.269095727404,60.777,16.29999924,51.7957569553849,3.067,24.2,1.26,4848925.0,0.2598514103641529,6,True
LBR,2018,Liberia,Sub-Saharan Africa,Low income,Monrovia,6.30039,-10.7957,692.203127129794,60.999,17.27770042,52.3245795497906,3.058,22.8,1.32,4944726.0,0.2669510909199013,6,True
LBR,2019,Liberia,Sub-Saharan Africa,Low income,Monrovia,6.30039,-10.7957,658.164180770507,61.232,19.89579964,52.85526226447,3.071,23.1,,5043721.0,,6,True
LBR,2020,Liberia,Sub-Saharan Africa,Low income,Monrovia,6.30039,-10.7957,616.787867006715,61.267,22.91069984,53.3878685572381,4.102,27.6,,5149463.0,,6,True
LBR,2021,Liberia,Sub-Saharan Africa,Low income,Monrovia,6.30039,-10.7957,667.96610514319,61.166,26.38229942,53.9224618859098,3.844,29.8,,5259323.0,,6,True
LBR,2022,Liberia,Sub-Saharan Africa,Low income,Monrovia,6.30039,-10.7957,744.617175237387,61.934,30.38010025,54.4591057083,2.956,31.8,,5373294.0,,6,True
LBR,2023,Liberia,Sub-Saharan Africa,Low income,Monrovia,6.30039,-10.7957,799.194470229642,62.163,31.22410011,54.997863482224,2.905,32.5,,5493031.0,,6,True
LBY,2014,Libya,"Middle East, North Africa, Afghanistan & Pakistan",Upper middle income,Tripoli,32.8578,13.1072,8926.42074591474,71.3,17.76000023,88.0142059326172,19.295,75.5,59.7,6427252.0,9.288573094691168,6,True
LBY,2015,Libya,"Middle East, North Africa, Afghanistan & Pakistan",Upper middle income,Tripoli,32.8578,13.1072,7458.48917756374,71.644,25.0,87.8159103393555,19.69,73.8,53.84,6531819.0,8.242726872866502,6,True
LBY,2016,Libya,"Middle East, North Africa, Afghanistan & Pakistan",Upper middle income,Tripoli,32.8578,13.1072,7525.80299308216,71.799,35.0,87.8160056703177,19.559,72.2,51.18,6632126.0,7.716982457812171,6,True
LBY,2017,Libya,"Middle East, North Africa, Afghanistan & Pakistan",Upper middle income,Tripoli,32.8578,13.1072,9965.83236729757,72.721,47.5,87.8166729870528,19.053,70.6,56.81,6738770.0,8.430321853988191,6,True
LBY,2018,Libya,"Middle East, North Africa, Afghanistan & Pakistan",Upper middle income,Tripoli,32.8578,13.1072,11196.5854810844,73.151,47.5,87.818484275334,18.865,67.0,58.94,6849055.0,8.605566753369626,6,True
LBY,2019,Libya,"Middle East, North Africa, Afghanistan & Pakistan",Upper middle income,Tripoli,32.8578,13.1072,9963.19489084483,72.941,71.40409851,87.8220115209342,19.087,68.5,,6951033.0,,6,True
LBY,2020,Libya,"Middle East, North Africa, Afghanistan & Pakistan",Upper middle income,Tripoli,32.8578,13.1072,6650.33810585348,72.388,74.35810089,87.8278267096263,19.651,69.4,,7045399.0,,6,True
LBY,2021,Libya,"Middle East, North Africa, Afghanistan & Pakistan",Upper middle income,Tripoli,32.8578,13.1072,4935.82787349801,72.062,77.438797,87.8365018271835,19.779,70.2,,7135175.0,,6,True
LBY,2022,Libya,"Middle East, North Africa, Afghanistan & Pakistan",Upper middle income,Tripoli,32.8578,13.1072,5986.63694851258,74.462,80.64720154,87.8486088593786,19.238,70.0,,7223805.0,,6,True
LBY,2023,Libya,"Middle East, North Africa, Afghanistan & Pakistan",Upper middle income,Tripoli,32.8578,13.1072,6026.51518708812,69.339,82.10469818,87.8647197919848,18.713,73.2,,7305659.0,,6,True
LCA,2014,St. Lucia,Latin America & Caribbean,Upper middle income,Castries,14.0,-60.9832,10044.8218377677,72.676,53.17969894,19.3915445904726,21.583,98.1,0.36,174138.0,2.0673259139303313,6,True
LCA,2015,St. Lucia,Latin America & Caribbean,Upper middle income,Castries,14.0,-60.9832,10334.9860823918,72.932,57.26330185,20.0204288176073,20.84,99.0,0.38,174905.0,2.1726079871930475,6,True
LCA,2016,St. Lucia,Latin America & Caribbean,Upper middle income,Castries,14.0,-60.9832,10638.1269396653,72.552,58.22259903,20.8164880000551,19.932,99.8,0.35,175646.0,1.9926442959133712,6,True
LCA,2017,St. Lucia,Latin America & Caribbean,Upper middle income,Castries,14.0,-60.9832,11333.1123822102,72.522,59.16009903,21.783720356472,19.136,99.9,0.37,176342.0,2.0981955518254303,6,True
LCA,2018,St. Lucia,Latin America & Caribbean,Upper middle income,Castries,14.0,-60.9832,11642.6984727769,72.655,60.11259842,22.9261241055144,19.329,100.0,0.39,177017.0,2.203178225820119,6,True
LCA,2019,St. Lucia,Latin America & Caribbean,Upper middle income,Castries,14.0,-60.9832,11794.0597229805,72.249,61.08050156,24.2476974658382,15.613,100.0,,177661.0,,6,True
LCA,2020,St. Lucia,Latin America & Caribbean,Upper middle income,Castries,14.0,-60.9832,8411.07474936367,72.308,62.06399918,25.7524386560998,25.224,100.0,,178250.0,,6,True
LCA,2021,St. Lucia,Latin America & Caribbean,Upper middle income,Castries,14.0,-60.9832,10459.1321248092,69.119,63.06330109,27.4443458949551,20.514,100.0,,178522.0,,6,True
LCA,2022,St. Lucia,Latin America & Caribbean,Upper middle income,Castries,14.0,-60.9832,13103.8243147472,72.67,66.95159912,29.097678526676,15.934,100.0,,178781.0,,6,True
LCA,2023,St. Lucia,Latin America & Caribbean,Upper middle income,Castries,14.0,-60.9832,13554.7684784933,72.697,67.44390106,29.0976313248036,12.094,100.0,,179285.0,,6,True
LIE,2014,Liechtenstein,Europe & Central Asia,High income,Vaduz,47.1411,9.52148,178735.153020908,82.0731707317073,95.20999908,14.4336985145967,,100.0,0.16,37248.0,4.29553264604811,5,False
LIE,2015,Liechtenstein,Europe & Central Asia,High income,Vaduz,47.1411,9.52148,167187.15730982,82.6560975609756,96.6411972,14.4535587761782,,100.0,0.16,37494.0,4.267349442577479,5,False
LIE,2016,Liechtenstein,Europe & Central Asia,High income,Vaduz,47.1411,9.52148,165375.491396259,82.2585365853659,98.09390259,14.4802918687379,,100.0,0.15,37716.0,3.9770919503658924,5,False
LIE,2017,Liechtenstein,Europe & Central Asia,High income,Vaduz,47.1411,9.52148,170547.092298954,83.7463414634147,99.54660034,14.5144332791067,,100.0,0.16,37962.0,4.21474105684632,5,False
LIE,2018,Liechtenstein,Europe & Central Asia,High income,Vaduz,47.1411,9.52148,174988.775083446,83.0414634146342,,14.5565184941154,,100.0,0.14,38246.0,3.6605135177534907,4,False
LIE,2019,Liechtenstein,Europe & Central Asia,High income,Vaduz,47.1411,9.52148,166907.839305016,84.1609756097561,93.14610291,14.6070830005951,,100.0,,38563.0,,5,False
LIE,2020,Liechtenstein,Europe & Central Asia,High income,Vaduz,47.1411,9.52148,164671.093553454,81.6585365853659,94.34999847,14.6666622853765,,100.0,,38901.0,,5,False
LIE,2021,Liechtenstein,Europe & Central Asia,High income,Vaduz,47.1411,9.52148,201944.830335076,84.4024390243902,95.56939697,14.6989159370696,,100.0,,39182.0,,5,False
LIE,2022,Liechtenstein,Europe & Central Asia,High income,Vaduz,47.1411,9.52148,188055.003235348,84.1219512195122,97.88069916,14.6923070071538,,100.0,,39493.0,,5,False
LIE,2023,Liechtenstein,Europe & Central Asia,High income,Vaduz,47.1411,9.52148,206780.590353385,84.5951219512195,98.13230133,14.6783761234077,,100.0,,39846.0,,5,False
LKA,2014,Sri Lanka,South Asia,Lower middle income,Colombo,6.92148,79.8528,3972.04375736464,75.757,10.5000026214106,18.6153877203724,4.157,92.7,17.6,20778000.0,0.8470497641736452,6,True
LKA,2015,Sri Lanka,South Asia,Lower middle income,Colombo,6.92148,79.8528,4057.7158346231,75.99,15.26249981,18.796256612131,4.519,94.3,20.36,20970000.0,0.9709108249880782,6,True
LKA,2016,Sri Lanka,South Asia,Lower middle income,Colombo,6.92148,79.8528,4149.19190775593,76.136,22.19,18.9747679368162,4.242,97.5,21.93,21209000.0,1.0339950021217408,6,True
LKA,2017,Sri Lanka,South Asia,Lower middle income,Colombo,6.92148,79.8528,4398.88828068715,76.239,25.07550049,19.1507693078088,4.046,97.5,23.31,21453000.0,1.0865613200950917,6,True
LKA,2018,Sri Lanka,South Asia,Lower middle income,Colombo,6.92148,79.8528,4358.56095906047,76.485,28.33620071,19.3241083384127,4.318,99.6,21.63,21670000.0,0.9981541301338256,6,True
LKA,2019,Sri Lanka,South Asia,Lower middle income,Colombo,6.92148,79.8528,4081.94772722003,76.698,32.02090073,19.4946326418437,4.67,99.8,,21803000.0,,6,True
LKA,2020,Sri Lanka,South Asia,Lower middle income,Colombo,6.92148,79.8528,3847.60137695639,76.928,36.18473435,19.6621898312161,5.364,100.0,,21919000.0,,6,True
LKA,2021,Sri Lanka,South Asia,Lower middle income,Colombo,6.92148,79.8528,3996.96240014909,76.278,44.45308724,19.8266275195269,4.981,100.0,,22156000.0,,6,True
LKA,2022,Sri Lanka,South Asia,Lower middle income,Colombo,6.92148,79.8528,3342.63650253855,77.3,48.3,19.9877933196367,4.528,100.0,,22181000.0,,6,True
LKA,2023,Sri Lanka,South Asia,Lower middle income,Colombo,6.92148,79.8528,3798.89016573011,77.483,51.2,20.1455348442463,4.528,100.0,,22037000.0,,6,True
LSO,2014,Lesotho,Sub-Saharan Africa,Lower middle income,Maseru,-29.5208,27.7167,1173.5377928819,50.786,22.0,32.6404409096604,16.066,27.8,2.31,2080089.0,1.11052940523218,6,True
LSO,2015,Lesotho,Sub-Saharan Africa,Lower middle income,Maseru,-29.5208,27.7167,1121.19851342518,51.83,25.0,34.0903875831861,16.223,31.8,2.23,2104611.0,1.0595782308464605,6,True
LSO,2016,Lesotho,Sub-Saharan Africa,Lower middle income,Maseru,-29.5208,27.7167,992.491840678465,52.908,32.4538569477365,35.5077950709441,16.138,35.1,2.27,2130422.0,1.0655165971812157,6,True
LSO,2017,Lesotho,Sub-Saharan Africa,Lower middle income,Maseru,-29.5208,27.7167,1069.36673247542,53.874,39.0,36.5283648068846,16.379,33.7,2.44,2157110.0,1.1311430571459036,6,True
LSO,2018,Lesotho,Sub-Saharan Africa,Lower middle income,Maseru,-29.5208,27.7167,1170.65569702819,54.638,40.79999924,37.569092747415,16.614,47.0,2.57,2183603.0,1.1769538693617843,6,True
LSO,2019,Lesotho,Sub-Saharan Africa,Lower middle income,Maseru,-29.5208,27.7167,1082.05706777516,55.249,42.301733569273,38.6040920446259,16.876,44.6,,2209405.0,,6,True
LSO,2020,Lesotho,Sub-Saharan Africa,Lower middle income,Maseru,-29.5208,27.7167,918.582574704447,55.133,43.65750122,39.6329305425532,18.385,47.5,,2235727.0,,6,True
LSO,2021,Lesotho,Sub-Saharan Africa,Lower middle income,Maseru,-29.5208,27.7167,1066.58645143823,54.209,45.05670166,40.6551760851997,18.214,50.4,,2261542.0,,6,True
LSO,2022,Lesotho,Sub-Saharan Africa,Lower middle income,Maseru,-29.5208,27.7167,1030.12582947757,56.812,48.06959915,41.6703965165322,16.623,50.0,,2286110.0,,6,True
LSO,2023,Lesotho,Sub-Saharan Africa,Lower middle income,Maseru,-29.5208,27.7167,916.282976983803,57.375,48.98590088,42.6781596804785,16.348,57.3,,2311472.0,,6,True
LTU,2014,Lithuania,Europe & Central Asia,High income,Vilnius,54.6896,25.2799,16446.1647181663,74.5170731707317,72.1335378644566,67.1514937628023,10.698,100.0,10.86,2937253.0,3.6973321671643538,6,True
LTU,2015,Lithuania,Europe & Central Asia,High income,Vilnius,54.6896,25.2799,14269.8039878287,74.3219512195122,71.3780590101754,67.2282485961914,9.12,100.0,11.07,2911109.0,3.8026745133899142,6,True
LTU,2016,Lithuania,Europe & Central Asia,High income,Vilnius,54.6896,25.2799,14934.2702840428,74.6707317073171,74.3766455618662,67.1894226074219,7.862,100.0,11.2,2877325.0,3.8925043225912956,6,True
LTU,2017,Lithuania,Europe & Central Asia,High income,Vilnius,54.6896,25.2799,16800.1510246099,75.4804878048781,77.6152565124514,67.1012954711914,7.073,100.0,11.22,2842639.0,3.9470365389344195,6,True
LTU,2018,Lithuania,Europe & Central Asia,High income,Vilnius,54.6896,25.2799,19247.2315367967,75.6804878048781,79.7225827680518,67.1464742010457,6.147,100.0,11.59,2819200.0,4.111095346197503,6,True
LTU,2019,Lithuania,Europe & Central Asia,High income,Vilnius,54.6896,25.2799,19608.7943945553,76.2829268292683,81.5818683764046,67.245735168457,6.255,100.0,,2811089.0,,6,True
LTU,2020,Lithuania,Europe & Central Asia,High income,Vilnius,54.6896,25.2799,20428.6478157394,75.0292682926829,83.05554724,67.4254608154297,8.487,100.0,,2810369.0,,6,True
LTU,2021,Lithuania,Europe & Central Asia,High income,Vilnius,54.6896,25.2799,23870.4594851722,74.0365853658537,86.93054425,68.1912117004395,7.112,100.0,,2808380.0,,6,True
LTU,2022,Lithuania,Europe & Central Asia,High income,Vilnius,54.6896,25.2799,25085.784063499,75.6439024390244,87.72420219,68.2866452426813,5.955,100.0,,2831639.0,,6,True
LTU,2023,Lithuania,Europe & Central Asia,High income,Vilnius,54.6896,25.2799,27786.0057829276,77.290243902439,88.50287484,68.575454583199,6.841,100.0,,2871585.0,,6,True
LUX,2014,Luxembourg,Europe & Central Asia,High income,Luxembourg,49.61,6.1296,123678.702143275,82.2292682926829,94.6702052774766,90.4577807676859,6.044,100.0,9.65,556319.0,17.346162902938783,6,True
LUX,2015,Luxembourg,Europe & Central Asia,High income,Luxembourg,49.61,6.1296,105462.012584423,82.2926829268293,96.3767141704759,90.9893679353068,6.796,100.0,9.13,569604.0,16.028679573879398,6,True
LUX,2016,Luxembourg,Europe & Central Asia,High income,Luxembourg,49.61,6.1296,106899.293549552,82.6853658536585,98.1366986657616,91.5357090052649,6.669,100.0,8.86,582014.0,15.223001508554777,6,True
LUX,2017,Luxembourg,Europe & Central Asia,High income,Luxembourg,49.61,6.1296,110193.213797228,82.0951219512195,97.3629603241751,92.0963768119916,5.523,100.0,9.0,596336.0,15.09216280754474,6,True
LUX,2018,Luxembourg,Europe & Central Asia,High income,Luxembourg,49.61,6.1296,116926.759593905,82.2951219512195,97.061298705829,92.6709441899184,5.589,100.0,9.32,607950.0,15.330208076322066,6,True
LUX,2019,Luxembourg,Europe & Central Asia,High income,Luxembourg,49.61,6.1296,112696.649059674,82.6390243902439,97.120635693272,93.2589839734767,5.592,100.0,,620001.0,,6,True
LUX,2020,Luxembourg,Europe & Central Asia,High income,Luxembourg,49.61,6.1296,116860.02817236,82.1439024390244,98.45962893,93.8600689970981,6.766,100.0,,630419.0,,6,True
LUX,2021,Luxembourg,Europe & Central Asia,High income,Luxembourg,49.61,6.1296,134965.815442152,82.5975609756098,98.66086333,94.5861743396533,5.571,100.0,,640064.0,,6,True
LUX,2022,Luxembourg,Europe & Central Asia,High income,Luxembourg,49.61,6.1296,123719.658915996,82.9463414634147,98.24203749,94.7605400940185,4.588,100.0,,653103.0,,6,True
LUX,2023,Luxembourg,Europe & Central Asia,High income,Luxembourg,49.61,6.1296,133230.619178899,83.309756097561,99.34785707,94.8015300320787,5.184,100.0,,666430.0,,6,True
LVA,2014,Latvia,Europe & Central Asia,High income,Riga,56.9465,24.1048,15185.814581236,74.1243902439024,75.8261041383556,67.8686035364944,10.846,100.0,7.28,1993782.0,3.6513520535344384,6,True
LVA,2015,Latvia,Europe & Central Asia,High income,Riga,56.9465,24.1048,13321.9753140616,74.4804878048781,79.2005829239344,67.8965395668259,9.873,100.0,7.32,1977527.0,3.7015929491733868,6,True
LVA,2016,Latvia,Europe & Central Asia,High income,Riga,56.9465,24.1048,13838.5266823272,74.580487804878,79.8420977843089,67.9307110858472,9.643,100.0,7.15,1959537.0,3.64882112458198,6,True
LVA,2017,Latvia,Europe & Central Asia,High income,Riga,56.9465,24.1048,15132.4958333982,74.6292682926829,80.1140770037369,67.9706866054779,8.715,100.0,7.12,1942248.0,3.6658552357886327,6,True
LVA,2018,Latvia,Europe & Central Asia,High income,Riga,56.9465,24.1048,17252.1710428626,74.7829268292683,83.5771748630956,68.0160346376376,7.412,100.0,7.63,1927174.0,3.9591650779846552,6,True
LVA,2019,Latvia,Europe & Central Asia,High income,Riga,56.9465,24.1048,17294.9751600969,75.3878048780488,86.13545644343,68.066323694246,6.312,100.0,,1913822.0,,6,True
LVA,2020,Latvia,Europe & Central Asia,High income,Riga,56.9465,24.1048,17564.2321549354,75.1853658536585,88.89796078,68.1211222872228,8.098,100.0,,1900449.0,,6,True
LVA,2021,Latvia,Europe & Central Asia,High income,Riga,56.9465,24.1048,20261.8887788916,72.9804878048781,91.17964988,68.1808791463693,7.513,100.0,,1884490.0,,6,True
LVA,2022,Latvia,Europe & Central Asia,High income,Riga,56.9465,24.1048,20221.103686109,74.2780487804878,91.03009059,68.2570218109034,6.815,100.0,,1879383.0,,6,True
LVA,2023,Latvia,Europe & Central Asia,High income,Riga,56.9465,24.1048,22710.2637544197,75.4268292682927,92.18791291,68.3586316343061,6.465,100.0,,1883710.0,,6,True
MAC,2014,"Macao SAR, China",East Asia & Pacific,High income,,22.1667,113.55,88355.3181764446,83.0219512195122,69.7809492200465,100.0,1.67,100.0,,621700.0,,6,True
MAC,2015,"Macao SAR, China",East Asia & Pacific,High income,,22.1667,113.55,69902.9605741233,83.2243902439024,77.6001318608868,100.0,1.81,100.0,,642900.0,,6,True
MAC,2016,"Macao SAR, China",East Asia & Pacific,High income,,22.1667,113.55,68911.6755919628,83.2756097560976,81.6429854646415,100.0,1.939,100.0,,652500.0,,6,True
MAC,2017,"Macao SAR, China",East Asia & Pacific,High income,,22.1667,113.55,77570.9876166977,83.5268292682927,83.1740890688259,100.0,1.981,100.0,,648400.0,,6,True
MAC,2018,"Macao SAR, China",East Asia & Pacific,High income,,22.1667,113.55,83588.2875009014,83.6780487804878,83.7940896091516,100.0,1.803,100.0,,658900.0,,6,True
MAC,2019,"Macao SAR, China",East Asia & Pacific,High income,,22.1667,113.55,81882.6964523869,83.9292682926829,86.4679257062588,100.0,1.73,100.0,,672000.0,,6,True
MAC,2020,"Macao SAR, China",East Asia & Pacific,High income,,22.1667,113.55,36883.6652578543,84.1292682926829,87.46230316,100.0,2.542,100.0,,685400.0,,6,True
MAC,2021,"Macao SAR, China",East Asia & Pacific,High income,,22.1667,113.55,44884.8961602393,83.7292682926829,88.46810492,100.0,2.221,100.0,,682500.0,,6,True
MAC,2022,"Macao SAR, China",East Asia & Pacific,High income,,22.1667,113.55,36806.891255461,83.0804878048781,89.48549652,100.0,2.446,100.0,,677300.0,,6,True
MAC,2023,"Macao SAR, China",East Asia & Pacific,High income,,22.1667,113.55,67216.3631112124,83.1804878048781,89.82640076,100.0,2.206,100.0,,678800.0,,6,True
MAF,2014,St. Martin (French part),Latin America & Caribbean,High income,Marigot,,,20638.7705882379,79.727,,100.0,,100.0,,37450.0,,4,False
MAF,2015,St. Martin (French part),Latin America & Caribbean,High income,Marigot,,,,79.829,,100.0,,100.0,,37369.0,,3,False
MAF,2016,St. Martin (French part),Latin America & Caribbean,High income,Marigot,,,,79.885,,100.0,,100.0,,37175.0,,3,False
MAF,2017,St. Martin (French part),Latin America & Caribbean,High income,Marigot,,,,78.762,,100.0,,100.0,,36837.0,,3,False
MAF,2018,St. Martin (French part),Latin America & Caribbean,High income,Marigot,,,,80.029,,100.0,,100.0,,36012.0,,3,False
MAF,2019,St. Martin (French part),Latin America & Caribbean,High income,Marigot,,,19033.0649634889,80.078,,100.0,,100.0,,34267.0,,4,False
MAF,2020,St. Martin (French part),Latin America & Caribbean,High income,Marigot,,,,80.085,,100.0,,100.0,,31786.0,,3,False
MAF,2021,St. Martin (French part),Latin America & Caribbean,High income,Marigot,,,21668.3776525323,80.206,,100.0,,100.0,,29961.0,,4,False
MAF,2022,St. Martin (French part),Latin America & Caribbean,High income,Marigot,,,,80.236,,100.0,,100.0,,28870.0,,3,False
MAF,2023,St. Martin (French part),Latin America & Caribbean,High income,Marigot,,,,80.224,,100.0,,100.0,,27515.0,,3,False
MAR,2014,Morocco,"Middle East, North Africa, Afghanistan & Pakistan",Lower middle income,Rabat,33.9905,-6.8704,3435.40698242188,72.522,56.7746379160074,60.3030486171654,9.7,97.3,61.16,34204780.0,1.7880541842397466,6,True
MAR,2015,Morocco,"Middle East, North Africa, Afghanistan & Pakistan",Lower middle income,Rabat,33.9905,-6.8704,3146.24780273438,72.894,57.0799993486116,60.6417124737154,9.46,97.3,63.15,34607588.0,1.824744330636391,6,True
MAR,2016,Morocco,"Middle East, North Africa, Afghanistan & Pakistan",Lower middle income,Rabat,33.9905,-6.8704,3140.85546875,73.228,58.271236420398,60.9657656537179,9.3,97.8,63.08,35023457.0,1.8010786313869587,6,True
MAR,2017,Morocco,"Middle East, North Africa, Afghanistan & Pakistan",Lower middle income,Rabat,33.9905,-6.8704,3296.52661132813,73.608,61.7622120123071,61.2761057031842,9.22,100.0,65.93,35446392.0,1.8599918434575797,6,True
MAR,2018,Morocco,"Middle East, North Africa, Afghanistan & Pakistan",Lower middle income,Rabat,33.9905,-6.8704,3501.69799804688,73.946,64.8038651924043,61.5695822753314,9.272,98.1,66.68,35839760.0,1.8605035301575683,6,True
MAR,2019,Morocco,"Middle East, North Africa, Afghanistan & Pakistan",Lower middle income,Rabat,33.9905,-6.8704,3508.09765625,74.245,84.1203630467602,61.8430450233765,9.191,99.6,,36210898.0,,6,True
MAR,2020,Morocco,"Middle East, North Africa, Afghanistan & Pakistan",Lower middle income,Rabat,33.9905,-6.8704,3268.0302734375,73.133,84.12036305,62.0933436005366,11.189,100.0,,36584208.0,,6,True
MAR,2021,Morocco,"Middle East, North Africa, Afghanistan & Pakistan",Lower middle income,Rabat,33.9905,-6.8704,3785.93627929688,73.385,88.13031937,62.3173276600289,10.551,100.0,,36954442.0,,6,True
MAR,2022,Morocco,"Middle East, North Africa, Afghanistan & Pakistan",Lower middle income,Rabat,33.9905,-6.8704,3463.1376953125,75.161,89.9,62.5118468550703,9.413,100.0,,37329064.0,,6,True
MAR,2023,Morocco,"Middle East, North Africa, Afghanistan & Pakistan",Lower middle income,Rabat,33.9905,-6.8704,3813.72607421875,75.313,91.0,62.673750838878,8.896,100.0,,37712505.0,,6,True
MCO,2014,Monaco,Europe & Central Asia,High income,Monaco,43.7325,7.41891,195693.570738894,85.093,92.40000153,100.0,,100.0,,36128.0,,5,False
MCO,2015,Monaco,Europe & Central Asia,High income,Monaco,43.7325,7.41891,170437.101188261,85.323,93.36329651,100.0,,100.0,,36757.0,,5,False
MCO,2016,Monaco,Europe & Central Asia,High income,Monaco,43.7325,7.41891,173604.753555915,85.63,95.20819855,100.0,,100.0,,37276.0,,5,False
MCO,2017,Monaco,Europe & Central Asia,High income,Monaco,43.7325,7.41891,170663.375247872,85.878,97.0530014,100.0,,100.0,,37678.0,,5,False
MCO,2018,Monaco,Europe & Central Asia,High income,Monaco,43.7325,7.41891,188298.315668437,86.084,,100.0,,100.0,,38154.0,,4,False
MCO,2019,Monaco,Europe & Central Asia,High income,Monaco,43.7325,7.41891,193746.785647412,86.151,98.0,100.0,,100.0,,38109.0,,5,False
MCO,2020,Monaco,Europe & Central Asia,High income,Monaco,43.7325,7.41891,176891.886538492,86.089,98.57080078,100.0,,100.0,,38050.0,,5,False
MCO,2021,Monaco,Europe & Central Asia,High income,Monaco,43.7325,7.41891,223823.363960226,85.113,99.07759857,100.0,,100.0,,38527.0,,5,False
MCO,2022,Monaco,Europe & Central Asia,High income,Monaco,43.7325,7.41891,226052.001905201,85.746,98.75189972,100.0,,100.0,,38931.0,,5,False
MCO,2023,Monaco,Europe & Central Asia,High income,Monaco,43.7325,7.41891,256799.788612806,86.372,98.87049866,100.0,,100.0,,38956.0,,5,False
MDA,2014,Moldova,Europe & Central Asia,Upper middle income,Chisinau,47.0167,28.8497,3289.95758568777,70.241,66.9999982002077,39.6298484802246,1.45,99.8,7.71,2857815.0,2.6978653271817805,6,True
MDA,2015,Moldova,Europe & Central Asia,Upper middle income,Chisinau,47.0167,28.8497,2749.55137054338,70.118,69.0000044661932,39.6954040527344,1.781,99.9,8.02,2835978.0,2.8279485948057426,6,True
MDA,2016,Moldova,Europe & Central Asia,Upper middle income,Chisinau,47.0167,28.8497,2847.08794770479,70.179,70.9999991066624,39.7373237609863,1.591,99.9,8.14,2803186.0,2.903838703532338,6,True
MDA,2017,Moldova,Europe & Central Asia,Upper middle income,Chisinau,47.0167,28.8497,3453.26727720294,70.375,71.76709747,39.9736557006836,1.622,100.0,8.16,2755189.0,2.9616842982459644,6,True
MDA,2018,Moldova,Europe & Central Asia,Upper middle income,Chisinau,47.0167,28.8497,4156.44981956646,70.236,72.54239655,40.3258094787598,1.239,100.0,8.59,2707203.0,3.1730165783651985,6,True
MDA,2019,Moldova,Europe & Central Asia,Upper middle income,Chisinau,47.0167,28.8497,4405.33418162155,70.181,73.32610321,40.772289276123,1.502,100.0,,2664224.0,,6,True
MDA,2020,Moldova,Europe & Central Asia,Upper middle income,Chisinau,47.0167,28.8497,4375.7788930524,69.914,74.11830139,41.3368530273438,1.206,100.0,,2635130.0,,6,True
MDA,2021,Moldova,Europe & Central Asia,Upper middle income,Chisinau,47.0167,28.8497,5274.60582195352,68.991,74.91899872,41.8115425109863,0.794,100.0,,2595809.0,,6,True
MDA,2022,Moldova,Europe & Central Asia,Upper middle income,Chisinau,47.0167,28.8497,5744.29618434435,71.546,74.91899872,42.4048843383789,0.909,100.0,,2528654.0,,6,True
MDA,2023,Moldova,Europe & Central Asia,Upper middle income,Chisinau,47.0167,28.8497,6799.58594644576,71.198,76.50330353,43.0011825561523,1.57,100.0,,2457783.0,,6,True
MDG,2014,Madagascar,Sub-Saharan Africa,Low income,Antananarivo,-20.4667,45.7167,505.684922503435,63.261,3.700000048,28.9185894345838,1.385,23.0,3.05,24764348.0,0.12316092472937305,6,True
MDG,2015,Madagascar,Sub-Saharan Africa,Low income,Antananarivo,-20.4667,45.7167,445.320069480568,63.362,4.173999786,29.1731079210354,1.785,23.8,3.32,25426702.0,0.1305713969511264,6,True
MDG,2016,Madagascar,Sub-Saharan Africa,Low income,Antananarivo,-20.4667,45.7167,453.970714522463,63.431,4.713699818,29.4239466316878,1.949,22.9,3.22,26099952.0,0.12337187440038204,6,True
MDG,2017,Madagascar,Sub-Saharan Africa,Low income,Antananarivo,-20.4667,45.7167,491.866848718929,63.433,6.406000137,29.671033028335,2.123,24.1,3.5,26788375.0,0.13065368840028557,6,True
MDG,2018,Madagascar,Sub-Saharan Africa,Low income,Antananarivo,-20.4667,45.7167,500.45718552916,63.491,7.747799873,29.9181125346909,2.303,36.5,3.37,27494926.0,0.12256806946852666,6,True
MDG,2019,Madagascar,Sub-Saharan Africa,Low income,Antananarivo,-20.4667,45.7167,499.818837622534,63.504,9.379400253,30.3046972370204,2.479,31.0,,28219554.0,,6,True
MDG,2020,Madagascar,Sub-Saharan Africa,Low income,Antananarivo,-20.4667,45.7167,450.771615201509,62.706,11.35470009,30.7019474167548,3.292,32.0,,28953556.0,,6,True
MDG,2021,Madagascar,Sub-Saharan Africa,Low income,Antananarivo,-20.4667,45.7167,483.469463351195,62.516,13.74590015,31.1137123216036,3.498,35.1,,29691083.0,,6,True
MDG,2022,Madagascar,Sub-Saharan Africa,Low income,Antananarivo,-20.4667,45.7167,503.51453347296,63.068,17.81170082,31.5397813465886,3.186,36.1,,30437261.0,,6,True
MDG,2023,Madagascar,Sub-Saharan Africa,Low income,Antananarivo,-20.4667,45.7167,508.718427705591,63.632,18.24080086,31.9799438860946,3.044,39.4,,31195932.0,,6,True
MDV,2014,Maldives,South Asia,Upper middle income,Male,4.1742,73.5109,8939.07416571472,78.187,49.27999878,38.1938859868107,7.461,100.0,1.36,413617.0,3.288066012760597,6,True
MDV,2015,Maldives,South Asia,Upper middle income,Male,4.1742,73.5109,9644.90655028145,78.607,54.4620018,38.5771510715291,6.611,99.8,1.35,428154.0,3.1530710912428708,6,True
MDV,2016,Maldives,South Asia,Upper middle income,Male,4.1742,73.5109,9947.80744731739,78.913,59.47750092,38.9560872317815,5.771,100.0,1.75,443308.0,3.947593997852509,6,True
MDV,2017,Maldives,South Asia,Upper middle income,Male,4.1742,73.5109,10509.628805812,79.228,64.95500183,39.32787719143,5.377,99.8,1.82,458287.0,3.9713105543033076,6,True
MDV,2018,Maldives,South Asia,Upper middle income,Male,4.1742,73.5109,11423.2838427029,79.433,70.93689728,39.6923354428279,4.962,100.0,1.91,473099.0,4.037209970851767,6,True
MDV,2019,Maldives,South Asia,Upper middle income,Male,4.1742,73.5109,11740.2724029785,79.707,77.46970367,40.0492764783282,4.562,100.0,,487731.0,,6,True
MDV,2020,Maldives,South Asia,Upper middle income,Male,4.1742,73.5109,7393.8886543933,78.713,79.09780121,40.3985147902839,5.42,100.0,,502118.0,,6,True
MDV,2021,Maldives,South Asia,Upper middle income,Male,4.1742,73.5109,10176.143882547,78.052,81.95760345,40.7398648710483,5.016,100.0,,516154.0,,6,True
MDV,2022,Maldives,South Asia,Upper middle income,Male,4.1742,73.5109,11786.0191492983,80.76,83.91189054,41.0641769690663,4.303,100.0,,524106.0,,6,True
MDV,2023,Maldives,South Asia,Upper middle income,Male,4.1742,73.5109,12587.6126038651,81.041,84.55290222,41.5096832933973,4.019,100.0,,525994.0,,6,True
MEX,2014,Mexico,Latin America & Caribbean,Upper middle income,Mexico City,19.427,-99.1276,11391.3773497683,74.404,44.3856962723411,76.9741367091766,4.819,99.2,458.32,119784261.0,3.8262121932696984,6,True
MEX,2015,Mexico,Latin America & Caribbean,Upper middle income,Mexico City,19.427,-99.1276,10021.2386118827,74.431,57.4310429923633,77.1903854182753,4.311,99.0,472.59,121072306.0,3.9033699415950665,6,True
MEX,2016,Mexico,Latin America & Caribbean,Upper middle income,Mexico City,19.427,-99.1276,9097.92397674769,74.376,59.5404459967255,77.4405087351486,3.853,99.5,479.25,122251351.0,3.9202020761308396,6,True
MEX,2017,Mexico,Latin America & Caribbean,Upper middle income,Mexico City,19.427,-99.1276,9649.27816772402,74.261,53.0317886110982,77.7206924598541,3.419,100.0,471.81,123400057.0,3.8234180070111314,6,True
MEX,2018,Mexico,Latin America & Caribbean,Upper middle income,Mexico City,19.427,-99.1276,10084.7937562021,74.301,56.6595667981289,78.0271223924494,3.275,99.5,472.14,124573711.0,3.7900452367514363,6,True
MEX,2019,Mexico,Latin America & Caribbean,Upper middle income,Mexico City,19.427,-99.1276,10369.5553585271,74.53,69.6321092705209,78.355984332992,3.477,99.6,,125762982.0,,6,True
MEX,2020,Mexico,Latin America & Caribbean,Upper middle income,Mexico City,19.427,-99.1276,8841.27075039868,70.449,71.49017499,78.677960602824,4.44,99.4,,126799054.0,,6,True
MEX,2021,Mexico,Latin America & Caribbean,Upper middle income,Mexico City,19.427,-99.1276,10314.0506722115,69.75,75.62650476,78.9324007418057,4.019,100.0,,127648148.0,,6,True
MEX,2022,Mexico,Latin America & Caribbean,Upper middle income,Mexico City,19.427,-99.1276,11405.7940473759,73.973,78.63217894,79.199683215791,3.256,100.0,,128613117.0,,6,True
MEX,2023,Mexico,Latin America & Caribbean,Upper middle income,Mexico City,19.427,-99.1276,13860.9597809326,75.069,81.18318755,79.4734935748046,2.765,99.7,,129739759.0,,6,True
MHL,2014,Marshall Islands,East Asia & Pacific,Upper middle income,Majuro,7.11046,171.135,3735.23977829545,65.11,16.79999924,75.0790555372177,,91.5,0.15,49796.0,3.0122901437866494,5,False
MHL,2015,Marshall Islands,East Asia & Pacific,Upper middle income,Majuro,7.11046,171.135,3764.34426229508,65.292,19.28240013,75.4702568207363,,92.1,0.15,48800.0,3.0737704918032787,5,False
MHL,2016,Marshall Islands,East Asia & Pacific,Upper middle income,Majuro,7.11046,171.135,4229.80988911945,65.477,29.78779984,75.8524215301796,,92.7,0.18,47709.0,3.772873042822109,5,False
MHL,2017,Marshall Islands,East Asia & Pacific,Upper middle income,Majuro,7.11046,171.135,4592.83457628576,65.673,38.70119858,76.2253071645634,,93.8,0.18,46529.0,3.86855509467214,5,False
MHL,2018,Marshall Islands,East Asia & Pacific,Upper middle income,Majuro,7.11046,171.135,4858.12079054875,65.87,43.88249969,76.5886712229035,,95.3,0.19,45285.0,4.195649773655736,5,False
MHL,2019,Marshall Islands,East Asia & Pacific,Upper middle income,Majuro,7.11046,171.135,5292.33985502306,66.047,49.75749969,76.9422712042154,,96.8,,44007.0,,5,False
MHL,2020,Marshall Islands,East Asia & Pacific,Upper middle income,Majuro,7.11046,171.135,5661.96787336674,65.387,56.41910172,77.285864607515,,98.3,,42706.0,,5,False
MHL,2021,Marshall Islands,East Asia & Pacific,Upper middle income,Majuro,7.11046,171.135,6315.31279603534,65.421,63.97259903,77.6163157431143,,99.8,,41367.0,,5,False
MHL,2022,Marshall Islands,East Asia & Pacific,Upper middle income,Majuro,7.11046,171.135,6455.66062185762,66.725,64.26719666,77.9855966195187,,100.0,,40077.0,,5,False
MHL,2023,Marshall Islands,East Asia & Pacific,Upper middle income,Majuro,7.11046,171.135,6793.24495895856,66.945,64.07589722,78.3593928884282,,100.0,,38827.0,,5,False
MKD,2014,North Macedonia,Europe & Central Asia,Upper middle income,Skopje,42.0024,21.4361,5925.38592218015,75.4512195121951,68.0584815397496,58.8033670608162,28.215,99.8,7.78,1917557.0,4.057245755927985,6,True
MKD,2015,North Macedonia,Europe & Central Asia,Upper middle income,Skopje,42.0024,21.4361,5262.68671928674,75.4024390243902,70.3802030766689,59.0700383784659,26.395,99.9,7.48,1912430.0,3.9112542681300755,6,True
MKD,2016,North Macedonia,Europe & Central Asia,Upper middle income,Skopje,42.0024,21.4361,5598.48622617967,75.4,72.1568144676058,59.3823070989891,24.312,100.0,7.39,1906313.0,3.8765931932479085,6,True
MKD,2017,North Macedonia,Europe & Central Asia,Upper middle income,Skopje,42.0024,21.4361,5955.2973863451,75.9536585365854,74.5168241807954,59.7437719356273,22.857,100.0,7.86,1898657.0,4.139768267780858,6,True
MKD,2018,North Macedonia,Europe & Central Asia,Upper middle income,Skopje,42.0024,21.4361,6713.98925398989,76.6487804878049,79.1677551850871,60.1580316016216,21.208,99.8,7.37,1889051.0,3.901429871401037,6,True
MKD,2019,North Macedonia,Europe & Central Asia,Upper middle income,Skopje,42.0024,21.4361,6718.85826635458,76.6024390243903,81.4128827618364,60.6286848102132,17.414,100.0,,1876262.0,,6,True
MKD,2020,North Macedonia,Europe & Central Asia,Upper middle income,Skopje,42.0024,21.4361,6659.59651070776,74.3951219512195,81.40553811,61.1593302746435,16.575,100.0,,1856124.0,,6,True
MKD,2021,North Macedonia,Europe & Central Asia,Upper middle income,Skopje,42.0024,21.4361,7620.80296977508,73.2463414634146,81.873703,61.6841975628139,15.801,100.0,,1837114.0,,6,True
MKD,2022,North Macedonia,Europe & Central Asia,Upper middle income,Skopje,42.0024,21.4361,7606.2375253797,74.4248780487805,83.85030365,61.9530566607267,14.476,100.0,,1831712.0,,6,True
MKD,2023,North Macedonia,Europe & Central Asia,Upper middle income,Skopje,42.0024,21.4361,8674.35846327485,75.3160975609756,88.5,62.2518322545779,13.174,100.0,,1827816.0,,6,True
MLI,2014,Mali,Sub-Saharan Africa,Low income,Bamako,13.5667,-7.50034,947.915033288325,57.482,7.0,25.2656728660325,1.476,34.2,3.12,18020267.0,0.17313838912597687,6,True
MLI,2015,Mali,Sub-Saharan Africa,Low income,Bamako,13.5667,-7.50034,838.11986940103,57.852,10.32999992,25.847015486705,1.404,37.6,3.41,18593022.0,0.1834021387163421,6,True
MLI,2016,Mali,Sub-Saharan Africa,Low income,Bamako,13.5667,-7.50034,872.468587171653,58.286,14.0,26.4468586077195,1.367,38.8,4.42,19191289.0,0.2303128257825725,6,True
MLI,2017,Mali,Sub-Saharan Africa,Low income,Bamako,13.5667,-7.50034,924.057531692284,58.562,18.89999962,27.0646702892896,1.498,34.8,5.05,19813011.0,0.25488301601407276,6,True
MLI,2018,Mali,Sub-Saharan Africa,Low income,Bamako,13.5667,-7.50034,996.379292136901,58.873,21.39999962,27.6999185916288,1.62,50.9,5.62,20442030.0,0.2749237722476682,6,True
MLI,2019,Mali,Sub-Saharan Africa,Low income,Bamako,13.5667,-7.50034,971.949318638092,59.217,24.96030045,28.3520715749509,3.29,47.9,,21068405.0,,6,True
MLI,2020,Mali,Sub-Saharan Africa,Low income,Bamako,13.5667,-7.50034,953.242943290974,58.858,29.11300087,29.0205972994693,3.528,50.6,,21713836.0,,6,True
MLI,2021,Mali,Sub-Saharan Africa,Low income,Bamako,13.5667,-7.50034,1027.27345365357,59.116,33.95650101,29.7049638253978,4.006,53.4,,22388630.0,,6,True
MLI,2022,Mali,Sub-Saharan Africa,Low income,Bamako,13.5667,-7.50034,976.914116406452,60.035,35.19919968,30.4015705681899,2.387,53.0,,23072640.0,,6,True
MLI,2023,Mali,Sub-Saharan Africa,Low income,Bamako,13.5667,-7.50034,1043.9533853528,60.439,36.03879929,31.0031889023235,2.947,54.5,,23769127.0,,6,True
MLT,2014,Malta,"Middle East, North Africa, Afghanistan & Pakistan",High income,Valletta,35.9042,14.5189,27424.5765646694,81.8951219512195,73.1141157845193,94.412512773898,5.737,100.0,2.35,433481.0,5.421229534858506,6,True
MLT,2015,Malta,"Middle East, North Africa, Afghanistan & Pakistan",High income,Valletta,35.9042,14.5189,25529.6813337717,81.7975609756098,75.9600189752747,94.4387696268011,5.389,100.0,1.65,444220.0,3.714375759758678,6,True
MLT,2016,Malta,"Middle East, North Africa, Afghanistan & Pakistan",High income,Valletta,35.9042,14.5189,26459.0770929988,82.3536585365854,78.0751488032182,94.4800033569336,4.694,100.0,1.35,454505.0,2.970264353527464,6,True
MLT,2017,Malta,"Middle East, North Africa, Afghanistan & Pakistan",High income,Valletta,35.9042,14.5189,30317.2443175543,82.1951219512195,81.0119110762945,94.5691806330314,4.008,100.0,1.52,467106.0,3.2540793738466216,6,True
MLT,2018,Malta,"Middle East, North Africa, Afghanistan & Pakistan",High income,Valletta,35.9042,14.5189,33382.2677499267,82.2487804878049,81.6580442928014,94.7242373261706,3.956,100.0,1.55,483903.0,3.2031212867041536,6,True
MLT,2019,Malta,"Middle East, North Africa, Afghanistan & Pakistan",High income,Valletta,35.9042,14.5189,32421.9179752262,82.6585365853659,85.7785963798031,94.9332032524644,4.08,100.0,,503912.0,,6,True
MLT,2020,Malta,"Middle East, North Africa, Afghanistan & Pakistan",High income,Valletta,35.9042,14.5189,31823.4363934505,82.0975609756098,86.85876183,95.1841082280263,4.856,100.0,,515490.0,,6,True
MLT,2021,Malta,"Middle East, North Africa, Afghanistan & Pakistan",High income,Valletta,35.9042,14.5189,38096.8360735119,82.2585365853659,87.46977742,95.5145343617045,3.754,100.0,,518150.0,,6,True
MLT,2022,Malta,"Middle East, North Africa, Afghanistan & Pakistan",High income,Valletta,35.9042,14.5189,35638.8869457406,82.2975609756098,91.54062209,95.6003155132879,3.471,100.0,,531113.0,,6,True
MLT,2023,Malta,"Middle East, North Africa, Afghanistan & Pakistan",High income,Valletta,35.9042,14.5189,40905.8059585057,83.3560975609756,92.07266941,95.6272277147965,3.479,100.0,,552747.0,,6,True
MMR,2014,Myanmar,East Asia & Pacific,Lower middle income,Naypyidaw,21.914,95.9562,1293.00042319714,64.994,7.400000095,29.6164342116462,0.763,52.0,17.04,50681634.0,0.3362164684745563,6,True
MMR,2015,Myanmar,East Asia & Pacific,Lower middle income,Naypyidaw,21.914,95.9562,1166.73305547935,65.288,10.89999962,29.7166821191682,0.766,60.5,19.01,51089056.0,0.3720953466041729,6,True
MMR,2016,Myanmar,East Asia & Pacific,Lower middle income,Naypyidaw,21.914,95.9562,1229.19713491328,65.64,16.0,29.8129165582094,1.058,55.6,21.89,51495696.0,0.4250840691618189,6,True
MMR,2017,Myanmar,East Asia & Pacific,Lower middle income,Naypyidaw,21.914,95.9562,1272.82241815234,65.909,23.621081950267,29.9051727703437,1.356,69.8,31.4,51894938.0,0.6050686485067195,6,True
MMR,2018,Myanmar,East Asia & Pacific,Lower middle income,Naypyidaw,21.914,95.9562,1298.21310327675,66.232,29.37899971,29.993574050729,0.767,66.1,32.52,52272247.0,0.6221274551292965,6,True
MMR,2019,Myanmar,East Asia & Pacific,Lower middle income,Naypyidaw,21.914,95.9562,1425.98954241668,66.457,36.54050064,30.0782436945232,0.407,68.3,,52640713.0,,6,True
MMR,2020,Myanmar,East Asia & Pacific,Lower middle income,Naypyidaw,21.914,95.9562,1490.21683599469,66.612,45.4477005,30.1593049968842,1.476,70.4,,53016522.0,,6,True
MMR,2021,Myanmar,East Asia & Pacific,Lower middle income,Naypyidaw,21.914,95.9562,1242.7213439951,65.553,,30.2368812529698,4.34,72.5,,53387102.0,,5,False
MMR,2022,Myanmar,East Asia & Pacific,Lower middle income,Naypyidaw,21.914,95.9562,1158.05005055976,66.506,,30.311095757938,3.063,73.6,,53756787.0,,5,False
MMR,2023,Myanmar,East Asia & Pacific,Lower middle income,Naypyidaw,21.914,95.9562,1233.19666209269,66.889,,30.3820718069466,2.977,76.8,,54133798.0,,5,False
MNE,2014,Montenegro,Europe & Central Asia,Upper middle income,Podgorica,42.4602,19.2595,7342.17339453427,76.3390243902439,63.8868840056697,64.7232143772459,18.054,97.7,2.22,623744.0,3.5591524728093575,6,True
MNE,2015,Montenegro,Europe & Central Asia,Upper middle income,Podgorica,42.4602,19.2595,6421.00307345999,76.6024390243903,68.1197860085679,64.8181652937171,17.555,99.5,2.36,624651.0,3.7781096964545,6,True
MNE,2016,Montenegro,Europe & Central Asia,Upper middle income,Podgorica,42.4602,19.2595,6968.01539365317,76.5414634146342,69.8816468416779,64.9101692293409,17.732,99.6,2.11,625353.0,3.374094311532846,6,True
MNE,2017,Montenegro,Europe & Central Asia,Upper middle income,Podgorica,42.4602,19.2595,7674.2813940676,76.6853658536585,71.2723325399382,64.9992438680584,16.082,100.0,2.23,625982.0,3.562402752794809,6,True
MNE,2018,Montenegro,Europe & Central Asia,Upper middle income,Podgorica,42.4602,19.2595,8673.59128084795,77.8853658536585,71.5171004874886,65.0854068937869,15.19,100.0,2.52,626438.0,4.022744469524518,6,True
MNE,2019,Montenegro,Europe & Central Asia,Upper middle income,Podgorica,42.4602,19.2595,8749.02375172644,76.6829268292683,73.4766657478691,65.1686759904159,15.128,100.0,,626753.0,,6,True
MNE,2020,Montenegro,Europe & Central Asia,Upper middle income,Podgorica,42.4602,19.2595,7538.53635992191,75.9317073170732,77.60879306,65.2490688418027,17.878,99.9,,626590.0,,6,True
MNE,2021,Montenegro,Europe & Central Asia,Upper middle income,Podgorica,42.4602,19.2595,9317.15520065156,73.8243902439024,82.21969752,65.3266031317675,16.543,99.8,,625053.0,,6,True
MNE,2022,Montenegro,Europe & Central Asia,Upper middle income,Podgorica,42.4602,19.2595,10024.5435616209,76.1878048780488,88.22192026,65.4012965440866,14.851,100.0,,623591.0,,6,True
MNE,2023,Montenegro,Europe & Central Asia,Upper middle income,Podgorica,42.4602,19.2595,12259.8775034436,77.5878048780488,88.5515976,65.4731667624849,13.146,100.0,,623529.0,,6,True
MNG,2014,Mongolia,East Asia & Pacific,Upper middle income,Ulaanbaatar,47.9129,106.937,4126.23975800524,70.5831707317073,19.9424474349209,67.9941357229626,4.798,86.0,18.12,2963113.0,6.115190342049054,6,True
MNG,2015,Mongolia,East Asia & Pacific,Upper middle income,Ulaanbaatar,47.9129,106.937,3838.92126989984,70.810243902439,22.5000041337688,67.9999999906095,4.861,88.0,17.3,3026864.0,5.71548639119564,6,True
MNG,2016,Mongolia,East Asia & Pacific,Upper middle income,Ulaanbaatar,47.9129,106.937,3619.90026383792,70.2239024390244,22.2657705007562,67.9776754820979,7.235,90.8,18.17,3088856.0,5.882436733858749,6,True
MNG,2017,Mongolia,East Asia & Pacific,Upper middle income,Ulaanbaatar,47.9129,106.937,3645.96708669551,70.5434146341463,23.71430016,67.9260583223672,6.359,93.6,19.47,3148917.0,6.1830781821178515,6,True
MNG,2018,Mongolia,East Asia & Pacific,Upper middle income,Ulaanbaatar,47.9129,106.937,4107.64288528468,70.8270731707317,47.1300018848989,67.8683444833372,5.377,98.1,21.32,3208189.0,6.645493766109166,6,True
MNG,2019,Mongolia,East Asia & Pacific,Upper middle income,Ulaanbaatar,47.9129,106.937,4347.54610314873,71.0531707317073,51.079994082603,67.8277299551557,9.024,98.9,,3267673.0,,6,True
MNG,2020,Mongolia,East Asia & Pacific,Upper middle income,Ulaanbaatar,47.9129,106.937,4001.25193077703,71.3490243902439,62.50002848,68.0894771770775,6.413,99.5,,3327204.0,,6,True
MNG,2021,Mongolia,East Asia & Pacific,Upper middle income,Ulaanbaatar,47.9129,106.937,4517.61578018785,71.6451219512195,81.60682285,69.2153244018555,7.871,100.0,,3383741.0,,6,True
MNG,2022,Mongolia,East Asia & Pacific,Upper middle income,Ulaanbaatar,47.9129,106.937,4993.51487463495,71.9007317073171,81.07720184,69.783805847168,5.954,100.0,,3433748.0,,6,True
MNG,2023,Mongolia,East Asia & Pacific,Upper middle income,Ulaanbaatar,47.9129,106.937,5838.63108083902,72.1224390243902,83.74320221,70.4464492797852,5.178,100.0,,3481145.0,,6,True
MNP,2014,Northern Mariana Islands,East Asia & Pacific,High income,Saipan,15.1935,145.765,15945.417608954,77.377,,91.2512344351276,,100.0,,52178.0,,4,False
MNP,2015,Northern Mariana Islands,East Asia & Pacific,High income,Saipan,15.1935,145.765,17665.1007493109,77.36,,91.3254068507915,,100.0,,51514.0,,4,False
MNP,2016,Northern Mariana Islands,East Asia & Pacific,High income,Saipan,15.1935,145.765,24225.474169342,77.392,,91.3990047853283,,100.0,,50773.0,,4,False
MNP,2017,Northern Mariana Islands,East Asia & Pacific,High income,Saipan,15.1935,145.765,31225.6049960968,77.47,,91.4720215898621,,100.0,,49959.0,,4,False
MNP,2018,Northern Mariana Islands,East Asia & Pacific,High income,Saipan,15.1935,145.765,26509.3628379893,77.51,,91.5444506155168,,100.0,,49077.0,,4,False
MNP,2019,Northern Mariana Islands,East Asia & Pacific,High income,Saipan,15.1935,145.765,24496.6652122421,77.844,,91.6162852134162,,100.0,,48129.0,,4,False
MNP,2020,Northern Mariana Islands,East Asia & Pacific,High income,Saipan,15.1935,145.765,18220.8382427201,78.03,,91.6908367362908,,100.0,,47528.0,,4,False
MNP,2021,Northern Mariana Islands,East Asia & Pacific,High income,Saipan,15.1935,145.765,19455.50139424,78.16,,91.7842137303802,,100.0,,46979.0,,4,False
MNP,2022,Northern Mariana Islands,East Asia & Pacific,High income,Saipan,15.1935,145.765,23785.754590043,78.531,,91.8785788645608,,100.0,,46078.0,,4,False
MNP,2023,Northern Mariana Islands,East Asia & Pacific,High income,Saipan,15.1935,145.765,,78.808,,91.9754112887573,,100.0,,45143.0,,3,False
MOZ,2014,Mozambique,Sub-Saharan Africa,Low income,Maputo,-25.9664,32.5713,697.142680444123,57.965,6.0,31.8972245802342,3.377,24.8,4.47,25788475.0,0.17333324285363907,6,True
MOZ,2015,Mozambique,Sub-Saharan Africa,Low income,Maputo,-25.9664,32.5713,610.563774706589,58.711,6.5,32.1372836259918,3.426,24.0,5.64,26547572.0,0.21244880699447768,6,True
MOZ,2016,Mozambique,Sub-Saharan Africa,Low income,Maputo,-25.9664,32.5713,441.489734819071,59.455,7.0,32.3819234395234,3.65,26.2,5.79,27337105.0,0.21180004246974946,6,True
MOZ,2017,Mozambique,Sub-Saharan Africa,Low income,Maputo,-25.9664,32.5713,470.93856305196,60.148,7.7963266079129,32.6274411492675,3.935,24.3,6.02,28166393.0,0.21372988724541336,6,True
MOZ,2018,Mozambique,Sub-Saharan Africa,Low income,Maputo,-25.9664,32.5713,517.507260258101,60.79,10.89999962,32.9902559073541,4.21,31.1,6.64,29018644.0,0.22881841067418587,6,True
MOZ,2019,Mozambique,Sub-Saharan Africa,Low income,Maputo,-25.9664,32.5713,519.09255091362,61.306,12.47929955,33.4177241517032,4.462,29.7,,29884380.0,,6,True
MOZ,2020,Mozambique,Sub-Saharan Africa,Low income,Maputo,-25.9664,32.5713,462.433876479921,61.39,14.28740025,33.9044006416285,5.019,30.6,,30783688.0,,6,True
MOZ,2021,Mozambique,Sub-Saharan Africa,Low income,Maputo,-25.9664,32.5713,509.907829475551,60.268,16.35759926,34.4499259401554,5.413,31.5,,31707800.0,,6,True
MOZ,2022,Mozambique,Sub-Saharan Africa,Low income,Maputo,-25.9664,32.5713,578.251663751351,63.011,18.96220016,35.0536638047945,6.789,33.2,,32656246.0,,6,True
MOZ,2023,Mozambique,Sub-Saharan Africa,Low income,Maputo,-25.9664,32.5713,622.000297682823,63.611,19.94560051,35.7149783148407,6.661,36.0,,33635160.0,,6,True
MRT,2014,Mauritania,Sub-Saharan Africa,Lower middle income,Nouakchott,18.2367,-15.9824,1713.00865264234,66.207,11.80000019,50.4694791226856,10.026,38.8,2.52,3848514.0,0.65479818963891,6,True
MRT,2015,Mauritania,Sub-Saharan Africa,Lower middle income,Nouakchott,18.2367,-15.9824,1554.94897871782,66.498,17.60000038,51.6680350049622,10.104,39.5,2.95,3965959.0,0.7438301807961202,6,True
MRT,2016,Mauritania,Sub-Saharan Africa,Lower middle income,Nouakchott,18.2367,-15.9824,1565.76575722696,66.823,19.23279953,52.9185627319946,10.287,41.2,2.81,4086657.0,0.6876035840541548,6,True
MRT,2017,Mauritania,Sub-Saharan Africa,Lower middle income,Nouakchott,18.2367,-15.9824,1615.00401327323,67.088,21.01720047,54.1970448502004,10.336,42.9,3.8,4210600.0,0.9024842065263858,6,True
MRT,2018,Mauritania,Sub-Saharan Africa,Lower middle income,Nouakchott,18.2367,-15.9824,1722.93528854073,67.419,22.96699905,55.1305077000081,10.411,43.6,4.0,4337685.0,0.9221508707985941,6,True
MRT,2019,Mauritania,Sub-Saharan Africa,Lower middle income,Nouakchott,18.2367,-15.9824,1767.072710621,67.64,25.0977993,56.0596215779146,10.416,44.9,,4467708.0,,6,True
MRT,2020,Mauritania,Sub-Saharan Africa,Lower middle income,Nouakchott,18.2367,-15.9824,1795.76459566714,66.794,29.90649986,56.9836701058893,11.051,45.4,,4600131.0,,6,True
MRT,2021,Mauritania,Sub-Saharan Africa,Lower middle income,Nouakchott,18.2367,-15.9824,1947.78918383313,66.762,35.63660049,57.901535141641,11.131,47.7,,4734874.0,,6,True
MRT,2022,Mauritania,Sub-Saharan Africa,Lower middle income,Nouakchott,18.2367,-15.9824,1960.35240077424,68.281,42.46450043,58.8120996197226,10.52,49.0,,4875637.0,,6,True
MRT,2023,Mauritania,Sub-Saharan Africa,Lower middle income,Nouakchott,18.2367,-15.9824,2135.78187606359,68.484,44.95629883,59.7142464747058,10.37,50.3,,5022441.0,,6,True
MUS,2014,Mauritius,Sub-Saharan Africa,Upper middle income,Port Louis,-20.1605,57.4977,10490.3315563853,74.1943902439024,44.8032753683379,39.7887571971735,7.467,99.5,3.95,1261208.0,3.1319179707074487,6,True
MUS,2015,Mauritius,Sub-Saharan Africa,Upper middle income,Port Louis,-20.1605,57.4977,9630.5437837507,74.3531707317073,50.1393184766711,39.6709610617726,7.41,99.6,3.96,1262879.0,3.1356923347367402,6,True
MUS,2016,Mauritius,Sub-Saharan Africa,Upper middle income,Port Louis,-20.1605,57.4977,10095.1225574156,74.3948780487805,52.19129944,39.5578893260494,6.814,99.7,4.04,1263747.0,3.1968424059562555,6,True
MUS,2017,Mauritius,Sub-Saharan Africa,Upper middle income,Port Louis,-20.1605,57.4977,10986.7034093005,74.5146341463415,55.4032403002657,39.4499348663789,6.752,99.6,4.18,1264887.0,3.304643023447944,6,True
MUS,2018,Mauritius,Sub-Saharan Africa,Upper middle income,Port Louis,-20.1605,57.4977,11818.7480619272,74.4163414634146,58.596169704299,39.3474905591359,6.426,99.8,4.13,1265577.0,3.2633336414931686,6,True
MUS,2019,Mauritius,Sub-Saharan Africa,Upper middle income,Port Louis,-20.1605,57.4977,11568.2533399824,74.2358536585366,61.7299551453346,39.2509492806955,6.331,100.0,,1265985.0,,6,True
MUS,2020,Mauritius,Sub-Saharan Africa,Upper middle income,Port Louis,-20.1605,57.4977,9135.84773751062,74.1770731707317,67.73290684,39.1607039074325,8.626,99.5,,1266014.0,,6,True
MUS,2021,Mauritius,Sub-Saharan Africa,Upper middle income,Port Louis,-20.1605,57.4977,9177.71195973013,73.680243902439,71.59999847,39.077147315722,7.719,99.6,,1266334.0,,6,True
MUS,2022,Mauritius,Sub-Saharan Africa,Upper middle income,Port Louis,-20.1605,57.4977,10246.5017455553,73.5146341463415,75.5,39.0000125885784,6.322,100.0,,1262523.0,,6,True
MUS,2023,Mauritius,Sub-Saharan Africa,Upper middle income,Port Louis,-20.1605,57.4977,11269.9684462139,73.4121951219512,79.5,39.0039901092226,5.571,100.0,,1248647.0,,6,True
MWI,2014,Malawi,Sub-Saharan Africa,Low income,Lilongwe,-13.9899,33.7703,529.5133440206,61.651,5.829999924,15.766154187056,4.967,11.9,1.1,16621538.0,0.06617919472915201,6,True
MWI,2015,Malawi,Sub-Saharan Africa,Low income,Lilongwe,-13.9899,33.7703,539.605363240686,62.324,6.0,15.8338504946918,4.953,10.8,1.2,17085587.0,0.07023463694867493,6,True
MWI,2016,Malawi,Sub-Saharan Africa,Low income,Lilongwe,-13.9899,33.7703,450.506105510719,63.163,6.300000191,15.899632938282,5.011,11.0,1.36,17557739.0,0.07745872062456334,6,True
MWI,2017,Malawi,Sub-Saharan Africa,Low income,Lilongwe,-13.9899,33.7703,495.769683367165,63.914,7.0,15.9634281867266,5.046,12.7,1.5,18039715.0,0.08314987237880421,6,True
MWI,2018,Malawi,Sub-Saharan Africa,Low income,Lilongwe,-13.9899,33.7703,533.202567189331,64.464,8.798299789,16.0221486554255,5.021,18.0,1.57,18528081.0,0.08473624440653083,6,True
MWI,2019,Malawi,Sub-Saharan Africa,Low income,Lilongwe,-13.9899,33.7703,580.889139762475,64.995,11.05860043,16.1383746619001,4.964,11.2,,19025752.0,,6,True
MWI,2020,Malawi,Sub-Saharan Africa,Low income,Lilongwe,-13.9899,33.7703,602.507478176106,65.216,13.89949989,16.2961471756409,5.72,11.5,,19533888.0,,6,True
MWI,2021,Malawi,Sub-Saharan Africa,Low income,Lilongwe,-13.9899,33.7703,617.446994451007,64.782,15.30300045,16.4881925800694,5.652,14.2,,20047258.0,,6,True
MWI,2022,Malawi,Sub-Saharan Africa,Low income,Lilongwe,-13.9899,33.7703,604.269740360317,66.037,16.84830093,16.7146031979436,5.02,14.0,,20568728.0,,6,True
MWI,2023,Malawi,Sub-Saharan Africa,Low income,Lilongwe,-13.9899,33.7703,633.214767978695,67.353,17.98810346,16.9748746665356,5.009,15.6,,21104482.0,,6,True
MYS,2014,Malaysia,East Asia & Pacific,Upper middle income,Kuala Lumpur,3.12433,101.684,11013.3107334403,75.345,63.6654258813225,72.9802206910773,2.88,99.7,231.68,30696137.0,7.547529514870226,6,True
MYS,2015,Malaysia,East Asia & Pacific,Upper middle income,Kuala Lumpur,3.12433,101.684,9648.6797937523,75.288,71.0640678111957,73.4387869957006,3.1,99.9,232.55,31232798.0,7.445698589028111,6,True
MYS,2016,Malaysia,East Asia & Pacific,Upper middle income,Kuala Lumpur,3.12433,101.684,9476.53409809923,75.371,78.7883099275229,73.8588978909614,3.44,99.9,228.64,31789685.0,7.192270071251099,6,True
MYS,2017,Malaysia,East Asia & Pacific,Upper middle income,Kuala Lumpur,3.12433,101.684,9862.54806612235,75.542,80.1404790103961,74.2354806421432,3.41,100.0,222.89,32355644.0,6.88875177387908,6,True
MYS,2018,Malaysia,East Asia & Pacific,Upper middle income,Kuala Lumpur,3.12433,101.684,10901.8019954421,75.734,81.2010486181174,74.5634625145296,3.3,100.0,239.62,32910967.0,7.280855649121461,6,True
MYS,2019,Malaysia,East Asia & Pacific,Upper middle income,Kuala Lumpur,3.12433,101.684,10920.191763972,75.9,84.1871450078281,74.8377707734042,3.33,100.0,,33440596.0,,6,True
MYS,2020,Malaysia,East Asia & Pacific,Upper middle income,Kuala Lumpur,3.12433,101.684,9957.52626697613,76.057,89.55501192,75.0511895575672,4.54,100.0,,33889558.0,,6,True
MYS,2021,Malaysia,East Asia & Pacific,Upper middle income,Kuala Lumpur,3.12433,101.684,10903.1037480772,73.917,96.7514278,75.5088628191907,4.64,100.0,,34282399.0,,6,True
MYS,2022,Malaysia,East Asia & Pacific,Upper middle income,Kuala Lumpur,3.12433,101.684,11754.5678336248,75.444,97.3986404,75.9741357073003,3.93,100.0,,34695493.0,,6,True
MYS,2023,Malaysia,East Asia & Pacific,Upper middle income,Kuala Lumpur,3.12433,101.684,11386.0395636528,76.657,97.69272633,76.4434752105739,3.858,100.0,,35126298.0,,6,True
NAM,2014,Namibia,Sub-Saharan Africa,Lower middle income,Windhoek,-22.5648,17.0931,5378.32326241205,59.311,14.84000015,44.8214248210559,18.521,48.4,4.0,2312139.0,1.7299997967250238,6,True
NAM,2015,Namibia,Sub-Saharan Africa,Lower middle income,Windhoek,-22.5648,17.0931,4774.10650865775,60.008,25.68790054,45.5103554445325,20.791,51.6,4.27,2374300.0,1.7984247988880933,6,True
NAM,2016,Namibia,Sub-Saharan Africa,Lower middle income,Windhoek,-22.5648,17.0931,4395.68776162376,60.81,31.0333004,46.1751725648784,23.352,49.7,4.36,2439213.0,1.7874617755808944,6,True
NAM,2017,Namibia,Sub-Saharan Africa,Lower middle income,Windhoek,-22.5648,17.0931,5143.96072323076,61.661,36.83739853,46.8135799686288,21.748,52.5,4.33,2506853.0,1.7272652205773533,6,True
NAM,2018,Namibia,Sub-Saharan Africa,Lower middle income,Windhoek,-22.5648,17.0931,5308.60813408705,62.579,42.8207016,47.4232814423189,19.877,52.3,4.25,2577327.0,1.6489952574896394,6,True
NAM,2019,Namibia,Sub-Saharan Africa,Lower middle income,Windhoek,-22.5648,17.0931,4731.9210318831,63.546,49.77590179,48.0019807724839,19.929,53.3,,2650494.0,,6,True
NAM,2020,Namibia,Sub-Saharan Africa,Lower middle income,Windhoek,-22.5648,17.0931,3878.58982993966,64.071,57.8608017,48.547381745659,21.003,52.3,,2728762.0,,6,True
NAM,2021,Namibia,Sub-Saharan Africa,Lower middle income,Windhoek,-22.5648,17.0931,4412.8355693052,60.85,60.25999832,49.0571881483796,20.931,55.2,,2810548.0,,6,True
NAM,2022,Namibia,Sub-Saharan Africa,Lower middle income,Windhoek,-22.5648,17.0931,4349.79908493314,64.19,62.99720001,49.5291037671807,19.615,56.2,,2889662.0,,6,True
NAM,2023,Namibia,Sub-Saharan Africa,Lower middle income,Windhoek,-22.5648,17.0931,4187.60500396525,67.385,63.69549942,49.9545837830821,19.154,56.7,,2963095.0,,6,True
NCL,2014,New Caledonia,East Asia & Pacific,High income,Noum'ea,-22.2677,166.464,37816.9558599295,77.053,70.0,66.7846387072769,14.59,100.0,,281224.0,,6,True
NCL,2015,New Caledonia,East Asia & Pacific,High income,Noum'ea,-22.2677,166.464,30858.7237060533,77.206,74.00175279141,66.8278045547803,13.621,100.0,,283168.0,,6,True
NCL,2016,New Caledonia,East Asia & Pacific,High income,Noum'ea,-22.2677,166.464,30782.8544433514,77.359,,66.8902054658406,12.679,100.0,,283423.0,,5,False
NCL,2017,New Caledonia,East Asia & Pacific,High income,Noum'ea,-22.2677,166.464,32354.7102832901,77.504,82.0058408035186,66.9683393293094,11.676,100.0,,283546.0,,6,True
NCL,2018,New Caledonia,East Asia & Pacific,High income,Noum'ea,-22.2677,166.464,34902.8968780031,77.557,,67.0588809757675,11.702,100.0,,283541.0,,5,False
NCL,2019,New Caledonia,East Asia & Pacific,High income,Noum'ea,-22.2677,166.464,33411.3358835672,77.262,,67.1574673707832,10.88,100.0,,283606.0,,5,False
NCL,2020,New Caledonia,East Asia & Pacific,High income,Noum'ea,-22.2677,166.464,33270.330597637,77.049,,67.2747261065933,13.558,100.0,,284176.0,,5,False
NCL,2021,New Caledonia,East Asia & Pacific,High income,Noum'ea,-22.2677,166.464,35311.5543551452,77.113,,67.4130776539646,11.574,100.0,,285214.0,,5,False
NCL,2022,New Caledonia,East Asia & Pacific,High income,Noum'ea,-22.2677,166.464,33516.363085906,77.698,,67.5720305021282,10.71,100.0,,287123.0,,5,False
NCL,2023,New Caledonia,East Asia & Pacific,High income,Noum'ea,-22.2677,166.464,33701.8923322781,78.766,,67.751522311337,10.922,100.0,,289870.0,,5,False
NER,2014,Niger,Sub-Saharan Africa,Low income,Niamey,13.514,2.1073,565.30989731175,58.693,1.24867568902241,16.2450424611665,0.524,15.7,1.98,19215909.0,0.1030396220131975,6,True
NER,2015,Niger,Sub-Saharan Africa,Low income,Niamey,13.514,2.1073,485.662574175279,58.85,2.476200104,16.3035606587493,0.556,16.6,1.97,19939498.0,0.09879887648124341,6,True
NER,2016,Niger,Sub-Saharan Africa,Low income,Niamey,13.514,2.1073,502.706475406446,59.228,4.322800159,16.3898280543236,0.55,17.0,1.97,20685753.0,0.09523462839375488,6,True
NER,2017,Niger,Sub-Saharan Africa,Low income,Niamey,13.514,2.1073,521.804130023434,59.524,10.2243115586561,16.5036987906896,0.556,17.6,2.07,21435446.0,0.09656901937099885,6,True
NER,2018,Niger,Sub-Saharan Africa,Low income,Niamey,13.514,2.1073,578.568035680892,59.765,10.74180031,16.6449011799221,0.536,17.6,2.29,22188069.0,0.10320862081328483,6,True
NER,2019,Niger,Sub-Saharan Africa,Low income,Niamey,13.514,2.1073,561.691304349698,60.031,11.28549957,16.813146499685,0.531,18.5,,22947757.0,,6,True
NER,2020,Niger,Sub-Saharan Africa,Low income,Niamey,13.514,2.1073,579.512495758236,59.89,11.85680008,17.0081420003794,0.591,18.7,,23717613.0,,6,True
NER,2021,Niger,Sub-Saharan Africa,Low income,Niamey,13.514,2.1073,608.722439593808,59.542,12.45689964,17.2295936666686,0.806,18.6,,24502140.0,,6,True
NER,2022,Niger,Sub-Saharan Africa,Low income,Niamey,13.514,2.1073,609.745147574878,60.398,13.08749962,17.477207007512,0.403,19.5,,25311973.0,,6,True
NER,2023,Niger,Sub-Saharan Africa,Low income,Niamey,13.514,2.1073,638.336080897887,61.183,12.98079967,17.7506873295237,0.407,20.1,,26159867.0,,6,True
NGA,2014,Nigeria,Sub-Saharan Africa,Lower middle income,Abuja,9.05804,7.48906,3088.72131316169,51.94,21.0,54.9232435340404,3.9,54.2,116.2,185896915.0,0.6250776135795476,6,True
NGA,2015,Nigeria,Sub-Saharan Africa,Lower middle income,Abuja,9.05804,7.48906,2585.73360671797,51.939,22.51420021,55.7325682057138,4.134,52.5,108.15,190671878.0,0.5672047767841254,6,True
NGA,2016,Nigeria,Sub-Saharan Africa,Lower middle income,Abuja,9.05804,7.48906,2070.4127339595,52.189,24.13750076,56.541038793347,4.499,59.3,108.42,195443700.0,0.5547377582393292,6,True
NGA,2017,Nigeria,Sub-Saharan Africa,Lower middle income,Abuja,9.05804,7.48906,1876.34027111773,52.397,25.87789917,57.3486345560101,4.83,54.4,112.92,200254579.0,0.5638822371197815,6,True
NGA,2018,Nigeria,Sub-Saharan Africa,Lower middle income,Abuja,9.05804,7.48906,2057.87944554011,52.669,27.74370003,58.1553347527729,5.069,56.5,130.67,204938755.0,0.6376051225645437,6,True
NGA,2019,Nigeria,Sub-Saharan Africa,Lower middle income,Abuja,9.05804,7.48906,3189.81286498516,53.009,29.74410057,58.9611186427056,5.206,55.4,,209485641.0,,6,True
NGA,2020,Nigeria,Sub-Saharan Africa,Lower middle income,Abuja,9.05804,7.48906,2797.18458068686,53.072,31.88879967,59.7659654848781,5.714,55.4,,213996181.0,,6,True
NGA,2021,Nigeria,Sub-Saharan Africa,Lower middle income,Abuja,9.05804,7.48906,2787.48779224428,53.455,35.50979996,60.5698545383604,5.404,59.5,,218529286.0,,6,True
NGA,2022,Nigeria,Sub-Saharan Africa,Lower middle income,Abuja,9.05804,7.48906,2899.16047470324,54.079,39.14720154,61.3727650622225,3.827,60.5,,223150896.0,,6,True
NGA,2023,Nigeria,Sub-Saharan Africa,Lower middle income,Abuja,9.05804,7.48906,2138.76383719983,54.462,40.06399918,62.1746763155343,3.074,61.2,,227882945.0,,6,True
NIC,2014,Nicaragua,Latin America & Caribbean,Lower middle income,Managua,12.1475,-86.2734,1958.37047579547,72.792,17.60000038,57.6222653742564,4.52,81.9,4.76,6066492.0,0.7846379752911568,6,True
NIC,2015,Nicaragua,Latin America & Caribbean,Lower middle income,Managua,12.1475,-86.2734,2074.45620634731,72.899,19.70429993,57.8149881864705,4.7,83.2,5.27,6149417.0,0.8569918091422325,6,True
NIC,2016,Nicaragua,Latin America & Caribbean,Lower middle income,Managua,12.1475,-86.2734,2131.68704828322,73.18,24.57180023,58.0043880782023,3.9,83.9,5.38,6232666.0,0.8631940168139925,6,True
NIC,2017,Nicaragua,Latin America & Caribbean,Lower middle income,Managua,12.1475,-86.2734,2182.61380995674,73.389,30.39999962,58.1892567408822,3.3,84.6,5.4,6316231.0,0.8549402325532426,6,True
NIC,2018,Nicaragua,Latin America & Caribbean,Lower middle income,Managua,12.1475,-86.2734,2035.16549390507,73.879,33.9129982,58.3683858659405,5.2,85.2,5.21,6400080.0,0.8140523243459457,6,True
NIC,2019,Nicaragua,Latin America & Caribbean,Lower middle income,Managua,12.1475,-86.2734,1958.62051528095,73.764,39.01079941,58.5405671448072,5.457,85.7,,6483657.0,,6,True
NIC,2020,Nicaragua,Latin America & Caribbean,Lower middle income,Managua,12.1475,-86.2734,1938.44704754382,70.766,44.87490082,58.7045922689128,6.18,86.0,,6565267.0,,6,True
NIC,2021,Nicaragua,Latin America & Caribbean,Lower middle income,Managua,12.1475,-86.2734,2138.38588469449,70.478,51.62039948,58.8592529296875,6.076,86.3,,6644741.0,,6,True
NIC,2022,Nicaragua,Latin America & Caribbean,Lower middle income,Managua,12.1475,-86.2734,2322.89053964583,74.463,59.38000107,58.9954376220703,4.969,86.5,,6730654.0,,6,True
NIC,2023,Nicaragua,Latin America & Caribbean,Lower middle income,Managua,12.1475,-86.2734,2609.44492072931,74.947,60.30120087,59.1250953674316,4.698,88.3,,6823613.0,,6,True
NLD,2014,Netherlands,Europe & Central Asia,High income,Amsterdam,52.3738,4.89095,53457.2234864322,81.7073170731707,91.6666666666667,89.8364787097165,7.419,100.0,149.89,16865008.0,8.887632902397675,6,True
NLD,2015,Netherlands,Europe & Central Asia,High income,Amsterdam,52.3738,4.89095,45793.8135434697,81.509756097561,91.7241379310345,90.2787737214621,6.872,100.0,158.11,16939923.0,9.333572531587068,6,True
NLD,2016,Netherlands,Europe & Central Asia,High income,Amsterdam,52.3738,4.89095,46808.5291492503,81.5609756097561,90.4109589041096,90.5803239452777,6.007,100.0,158.27,17030314.0,9.293428177542705,6,True
NLD,2017,Netherlands,Europe & Central Asia,High income,Amsterdam,52.3738,4.89095,49513.6817346384,81.7609756097561,93.1972789115646,91.1219700676602,4.837,100.0,155.91,17131296.0,9.100887638623488,6,True
NLD,2018,Netherlands,Europe & Central Asia,High income,Amsterdam,52.3738,4.89095,53955.0770024266,81.8121951219512,91.8918918918919,92.6062472401044,3.832,100.0,151.17,17231624.0,8.772823733851203,6,True
NLD,2019,Netherlands,Europe & Central Asia,High income,Amsterdam,52.3738,4.89095,53554.9007491475,82.1121951219512,93.2885906040269,93.8898028856479,3.379,100.0,,17344874.0,,6,True
NLD,2020,Netherlands,Europe & Central Asia,High income,Amsterdam,52.3738,4.89095,53467.9277413737,81.3585365853659,91.33333333,94.2532277765935,3.82,100.0,,17441500.0,,6,True
NLD,2021,Netherlands,Europe & Central Asia,High income,Amsterdam,52.3738,4.89095,60141.9880911492,81.309756097561,92.05298013,94.6294783220315,4.209,100.0,,17533044.0,,6,True
NLD,2022,Netherlands,Europe & Central Asia,High income,Amsterdam,52.3738,4.89095,59123.318556487,81.6146341463415,92.51968504,94.9856177734136,3.526,100.0,,17700982.0,,6,True
NLD,2023,Netherlands,Europe & Central Asia,High income,Amsterdam,52.3738,4.89095,63515.6030780019,81.8634146341464,97.00680272,95.3221682092129,3.535,100.0,,17877117.0,,6,True
NOR,2014,Norway,Europe & Central Asia,High income,Oslo,59.9138,10.7387,97666.6951838749,82.1,96.3005098242892,80.6117159535579,3.486,100.0,38.28,5137232.0,7.451483600507044,6,True
NOR,2015,Norway,Europe & Central Asia,High income,Oslo,59.9138,10.7387,74809.9658049898,82.3048780487805,96.810325691365,81.2378240971353,4.296,100.0,38.64,5188607.0,7.44708550869241,6,True
NOR,2016,Norway,Europe & Central Asia,High income,Oslo,59.9138,10.7387,70867.3609970749,82.4073170731707,97.2982036675068,81.6800003051758,4.68,100.0,37.95,5234519.0,7.249949804365979,6,True
NOR,2017,Norway,Europe & Central Asia,High income,Oslo,59.9138,10.7387,76131.8384032764,82.609756097561,96.3576012951191,81.9699745912375,4.164,100.0,36.9,5276968.0,6.992651840981412,6,True
NOR,2018,Norway,Europe & Central Asia,High income,Oslo,59.9138,10.7387,82792.8427113304,82.7585365853659,96.4916579887094,82.2452112401723,3.801,100.0,37.35,5311916.0,7.031361188693496,6,True
NOR,2019,Norway,Europe & Central Asia,High income,Oslo,59.9138,10.7387,76430.5889473338,82.9585365853659,98.0000043853142,82.4935894878281,3.684,100.0,,5347896.0,,6,True
NOR,2020,Norway,Europe & Central Asia,High income,Oslo,59.9138,10.7387,68340.0181033702,83.209756097561,94.60755647,82.7029885700532,4.424,100.0,,5379475.0,,6,True
NOR,2021,Norway,Europe & Central Asia,High income,Oslo,59.9138,10.7387,93072.8925119571,83.1634146341463,99.0000036,82.8612877226956,4.359,100.0,,5408320.0,,6,True
NOR,2022,Norway,Europe & Central Asia,High income,Oslo,59.9138,10.7387,109269.520580298,82.509756097561,98.99997764,82.9563661816034,3.231,100.0,,5457127.0,,6,True
NOR,2023,Norway,Europe & Central Asia,High income,Oslo,59.9138,10.7387,87497.2179649556,83.0121951219512,99.00000258,83.0718560702166,3.574,100.0,,5519601.0,,6,True
NPL,2014,Nepal,South Asia,Lower middle income,Kathmandu,27.6939,85.3157,821.455224911731,67.812,15.43999958,64.5640847098488,10.62,84.9,7.13,27672370.0,0.25765772862967645,6,True
NPL,2015,Nepal,South Asia,Lower middle income,Kathmandu,27.6939,85.3157,875.543635474862,67.374,17.58160019,64.9510094249155,10.643,82.0,6.46,27823629.0,0.23217675882610425,6,True
NPL,2016,Nepal,South Asia,Lower middle income,Kathmandu,27.6939,85.3157,877.256454696737,68.444,20.70000076,65.2895168835553,10.714,90.7,9.34,27955462.0,0.3341028669102303,6,True
NPL,2017,Nepal,South Asia,Lower middle income,Kathmandu,27.6939,85.3157,1034.28374906846,68.74,24.3,65.5768928085184,10.66,86.6,11.03,28011258.0,0.3937702476625648,6,True
NPL,2018,Nepal,South Asia,Lower middle income,Kathmandu,27.6939,85.3157,1179.19843190389,69.036,28.60000038,65.8104229225551,10.593,93.9,12.03,28079689.0,0.4284235484232037,6,True
NPL,2019,Nepal,South Asia,Lower middle income,Kathmandu,27.6939,85.3157,1203.14294706401,69.299,33.33660126,65.9873929484157,10.477,89.9,,28414064.0,,6,True
NPL,2020,Nepal,South Asia,Lower middle income,Kathmandu,27.6939,85.3157,1154.21517578318,69.106,36.96530151,66.1050886088505,13.037,89.9,,28966574.0,,6,True
NPL,2021,Nepal,South Asia,Lower middle income,Kathmandu,27.6939,85.3157,1252.75076731986,68.385,40.98910141,66.144235274522,12.241,89.9,,29475010.0,,6,True
NPL,2022,Nepal,South Asia,Lower middle income,Kathmandu,27.6939,85.3157,1385.91066274851,70.087,45.45080185,66.2992968721053,10.661,91.3,,29715436.0,,6,True
NPL,2023,Nepal,South Asia,Lower middle income,Kathmandu,27.6939,85.3157,1382.33055769304,70.354,45.80680084,66.5432933453944,10.437,94.0,,29694614.0,,6,True
NRU,2014,Nauru,East Asia & Pacific,High income,Yaren District,-0.5477,166.920867,9230.05440328927,60.834,,100.0,,99.5,0.05,10742.0,4.6546266989387455,4,False
NRU,2015,Nauru,East Asia & Pacific,High income,Yaren District,-0.5477,166.920867,7747.25584993607,60.897,,100.0,,99.0,0.05,10954.0,4.56454263282819,4,False
NRU,2016,Nauru,East Asia & Pacific,High income,Yaren District,-0.5477,166.920867,8748.15632605428,60.996,,100.0,,99.7,0.06,11150.0,5.381165919282512,4,False
NRU,2017,Nauru,East Asia & Pacific,High income,Yaren District,-0.5477,166.920867,9656.97976571484,61.101,62.38510132,100.0,,99.8,0.07,11324.0,6.181561285764747,5,False
NRU,2018,Nauru,East Asia & Pacific,High income,Yaren District,-0.5477,166.920867,11413.7463016389,61.238,,100.0,,99.9,0.07,11477.0,6.099154831401934,4,False
NRU,2019,Nauru,East Asia & Pacific,High income,Yaren District,-0.5477,166.920867,10801.7705659635,61.393,74.73789978,100.0,,100.0,,11587.0,,5,False
NRU,2020,Nauru,East Asia & Pacific,High income,Yaren District,-0.5477,166.920867,10709.068810538,61.527,77.46659851,100.0,,100.0,,11643.0,,5,False
NRU,2021,Nauru,East Asia & Pacific,High income,Yaren District,-0.5477,166.920867,14979.099896799,61.331,80.29499817,100.0,,100.0,,11709.0,,5,False
NRU,2022,Nauru,East Asia & Pacific,High income,Yaren District,-0.5477,166.920867,12911.9086441381,61.93,83.22660065,100.0,,100.0,,11801.0,,5,False
NRU,2023,Nauru,East Asia & Pacific,High income,Yaren District,-0.5477,166.920867,12752.4723855838,62.109,83.03970337,100.0,,100.0,,11875.0,,5,False
NZL,2014,New Zealand,East Asia & Pacific,High income,Wellington,-41.2865,174.776,44618.266973847,81.4568292682927,84.0,85.5076659530411,5.428,100.0,31.79,4516500.0,7.038636112033655,6,True
NZL,2015,New Zealand,East Asia & Pacific,High income,Wellington,-41.2865,174.776,38665.3723018158,81.6124390243903,85.19999695,85.1518763760531,5.415,100.0,32.19,4609400.0,6.983555343428645,6,True
NZL,2016,New Zealand,East Asia & Pacific,High income,Wellington,-41.2865,174.776,40113.7195382428,81.6585365853659,86.5,84.691365594,5.147,100.0,31.18,4714100.0,6.614199953331495,6,True
NZL,2017,New Zealand,East Asia & Pacific,High income,Wellington,-41.2865,174.776,42950.3841711138,81.8585365853659,87.69999695,84.1701025874108,4.736,100.0,32.92,4813600.0,6.838956290510221,6,True
NZL,2018,New Zealand,East Asia & Pacific,High income,Wellington,-41.2865,174.776,43257.0769238879,81.7073170731707,89.0,83.8017846685577,4.335,100.0,32.21,4900600.0,6.5726645716851,6,True
NZL,2019,New Zealand,East Asia & Pacific,High income,Wellington,-41.2865,174.776,42855.831861632,82.0560975609756,89.86370087,83.804965871667,4.109,100.0,,4970300.0,,6,True
NZL,2020,New Zealand,East Asia & Pacific,High income,Wellington,-41.2865,174.776,41997.7830324279,82.2560975609756,90.92099762,83.8138977095908,4.595,100.0,,5072400.0,,6,True
NZL,2021,New Zealand,East Asia & Pacific,High income,Wellington,-41.2865,174.776,49950.4251691316,82.2073170731707,91.99060059,83.8299382585905,3.776,100.0,,5084600.0,,6,True
NZL,2022,New Zealand,East Asia & Pacific,High income,Wellington,-41.2865,174.776,49099.7090423358,81.9585365853658,93.07289886,83.8547305017812,3.299,100.0,,5081700.0,,6,True
NZL,2023,New Zealand,East Asia & Pacific,High income,Wellington,-41.2865,174.776,49075.9562832927,81.7585365853659,93.32610321,83.8898991461229,3.734,100.0,,5200000.0,,6,True
OMN,2014,Oman,"Middle East, North Africa, Afghanistan & Pakistan",High income,Muscat,23.6105,58.5874,23160.6502252547,79.03,70.22000122,76.8892576748951,3.453,100.0,64.47,4002439.0,16.107678343130278,6,True
OMN,2015,Oman,"Middle East, North Africa, Afghanistan & Pakistan",High income,Muscat,23.6105,58.5874,18808.3077921839,79.346,73.52999878,77.3025363037955,3.403,100.0,68.3,4184895.0,16.320600636336156,6,True
OMN,2016,Oman,"Middle East, North Africa, Afghanistan & Pakistan",High income,Muscat,23.6105,58.5874,17110.1897460545,79.581,76.8453904741456,77.7521362304688,3.266,100.0,69.54,4390877.0,15.837382828077398,6,True
OMN,2017,Oman,"Middle East, North Africa, Afghanistan & Pakistan",High income,Muscat,23.6105,58.5874,17820.0661809335,79.748,80.18560028,78.3142260040136,2.523,100.0,69.9,4537396.0,15.405311769129254,6,True
OMN,2018,Oman,"Middle East, North Africa, Afghanistan & Pakistan",High income,Muscat,23.6105,58.5874,19901.7615642016,79.864,85.5,78.9655839720276,1.8,100.0,73.37,4597877.0,15.957364670694757,6,True
OMN,2019,Oman,"Middle East, North Africa, Afghanistan & Pakistan",High income,Muscat,23.6105,58.5874,19180.1864152801,79.946,90.25939941,79.5780017545962,2.045,100.0,,4591241.0,,6,True
OMN,2020,Oman,"Middle East, North Africa, Afghanistan & Pakistan",High income,Muscat,23.6105,58.5874,16784.8630630058,77.763,95.23229321,80.0176378922722,2.94,100.0,,4522497.0,,6,True
OMN,2021,Oman,"Middle East, North Africa, Afghanistan & Pakistan",High income,Muscat,23.6105,58.5874,19403.4600160211,75.969,95.23880005,80.1239942103569,1.9,100.0,,4500424.0,,6,True
OMN,2022,Oman,"Middle East, North Africa, Afghanistan & Pakistan",High income,Muscat,23.6105,58.5874,23223.5829405935,77.911,95.24530029,80.0117053152301,3.3,100.0,,4730226.0,,6,True
OMN,2023,Oman,"Middle East, North Africa, Afghanistan & Pakistan",High income,Muscat,23.6105,58.5874,21027.7384778886,80.031,95.25170135,79.5702973228932,3.176,100.0,,5049269.0,,6,True
PAK,2014,Pakistan,"Middle East, North Africa, Afghanistan & Pakistan",Lower middle income,Islamabad,30.5167,72.8,1266.61340849959,65.374,10.0,35.6595549759128,1.827,90.1,153.67,214264647.0,0.7171971771899449,6,True
PAK,2015,Pakistan,"Middle East, North Africa, Afghanistan & Pakistan",Lower middle income,Islamabad,30.5167,72.8,1380.47020838317,65.641,11.0,35.9017325715342,3.566,91.0,163.59,217290883.0,0.7528617756134757,6,True
PAK,2016,Pakistan,"Middle East, North Africa, Afghanistan & Pakistan",Lower middle income,Islamabad,30.5167,72.8,1424.69161195897,65.943,12.385446763381,36.1597184900333,2.285,91.8,180.57,220138869.0,0.8202549636974832,6,True
PAK,2017,Pakistan,"Middle East, North Africa, Afghanistan & Pakistan",Lower middle income,Islamabad,30.5167,72.8,1519.23459514248,66.223,13.77999973,36.4351548223399,3.204,92.7,197.7,223273967.0,0.8854592528469744,6,True
PAK,2018,Pakistan,"Middle East, North Africa, Afghanistan & Pakistan",Lower middle income,Islamabad,30.5167,72.8,1569.33814626355,66.481,15.34000015,36.7478511550359,4.083,93.4,208.37,226928892.0,0.9182171479513503,6,True
PAK,2019,Pakistan,"Middle East, North Africa, Afghanistan & Pakistan",Lower middle income,Islamabad,30.5167,72.8,1390.41690981745,66.729,17.070901719916,37.1091631735769,4.83,93.9,,230800899.0,,6,True
PAK,2020,Pakistan,"Middle East, North Africa, Afghanistan & Pakistan",Lower middle income,Islamabad,30.5167,72.8,1278.39735206896,65.701,18.935,37.5080192948099,5.994,94.5,,235001746.0,,6,True
PAK,2021,Pakistan,"Middle East, North Africa, Afghanistan & Pakistan",Lower middle income,Islamabad,30.5167,72.8,1455.31922370186,65.773,,37.9333395514173,6.338,94.9,,239477801.0,,5,False
PAK,2022,Pakistan,"Middle East, North Africa, Afghanistan & Pakistan",Lower middle income,Islamabad,30.5167,72.8,1538.3228133171,67.417,,38.3740439760816,5.291,95.0,,243700667.0,,5,False
PAK,2023,Pakistan,"Middle East, North Africa, Afghanistan & Pakistan",Lower middle income,Islamabad,30.5167,72.8,1360.32417758419,67.649,,38.8191861872791,5.237,95.6,,247504495.0,,5,False
PAN,2014,Panama,Latin America & Caribbean,High income,Panama City,8.99427,-79.5188,13213.1989591137,77.365,44.9238152577893,65.4531164770096,4.391,90.8,11.28,3892101.0,2.898177616665138,6,True
PAN,2015,Panama,Latin America & Caribbean,High income,Panama City,8.99427,-79.5188,14082.6548434996,77.583,51.2054249948687,65.5287232947981,4.335,91.6,10.7,3960035.0,2.7019963207395894,6,True
PAN,2016,Panama,Latin America & Caribbean,High income,Panama City,8.99427,-79.5188,14832.3611652459,77.772,54.0,65.5971555296656,4.717,92.4,10.77,4029086.0,2.673062823677628,6,True
PAN,2017,Panama,Latin America & Caribbean,High income,Panama City,8.99427,-79.5188,15694.6297518495,77.901,59.9506309038683,65.6577712475758,5.338,93.7,10.25,4098707.0,2.5007886633516376,6,True
PAN,2018,Panama,Latin America & Caribbean,High income,Panama City,8.99427,-79.5188,16151.3273433486,78.266,61.8055313202468,65.7099285144924,5.161,93.8,10.14,4167860.0,2.432903216518789,6,True
PAN,2019,Panama,Latin America & Caribbean,High income,Panama City,8.99427,-79.5188,16477.9066268111,78.514,63.6284147731451,65.752985396379,6.256,93.9,,4234700.0,,6,True
PAN,2020,Panama,Latin America & Caribbean,High income,Panama City,8.99427,-79.5188,13290.5608397749,76.33,64.82430267,65.7862999591993,14.663,95.3,,4293261.0,,6,True
PAN,2021,Panama,Latin America & Caribbean,High income,Panama City,8.99427,-79.5188,15509.8069124139,77.004,66.04270172,65.8092302689169,10.177,95.3,,4345405.0,,6,True
PAN,2022,Panama,Latin America & Caribbean,High income,Panama City,8.99427,-79.5188,17378.6070017557,79.324,67.2838974,65.8211343914956,8.086,95.0,,4400773.0,,6,True
PAN,2023,Panama,Latin America & Caribbean,High income,Panama City,8.99427,-79.5188,18797.1933994045,79.594,68.54851592,65.8601271176084,6.544,97.0,,4458759.0,,6,True
PER,2014,Peru,Latin America & Caribbean,Upper middle income,Lima,-12.0931,-77.0465,6667.13410360861,75.26,40.2446560091704,79.9945465682649,3.208,92.9,52.81,30115826.0,1.7535630601664387,6,True
PER,2015,Peru,Latin America & Caribbean,Upper middle income,Lima,-12.0931,-77.0465,6231.71150338894,75.732,40.8526009090468,80.698277662669,3.272,93.9,53.82,30457600.0,1.7670466484555578,6,True
PER,2016,Peru,Latin America & Caribbean,Upper middle income,Lima,-12.0931,-77.0465,6217.03599995447,75.951,45.4617406869459,81.4192362241943,3.741,94.2,56.53,30866494.0,1.831435730925579,6,True
PER,2017,Peru,Latin America & Caribbean,Upper middle income,Lima,-12.0931,-77.0465,6736.16693725487,75.958,50.4504121848143,82.1931650502403,3.691,94.8,53.99,31324637.0,1.7235634685886383,6,True
PER,2018,Peru,Latin America & Caribbean,Upper middle income,Lima,-12.0931,-77.0465,6978.49121548627,76.018,55.0543342443197,82.6854929960921,3.492,95.2,54.28,31897584.0,1.70169627894075,6,True
PER,2019,Peru,Latin America & Caribbean,Upper middle income,Lima,-12.0931,-77.0465,7037.00803692604,76.275,59.9505036049006,83.1033003087105,3.379,95.6,,32449303.0,,6,True
PER,2020,Peru,Latin America & Caribbean,Upper middle income,Lima,-12.0931,-77.0465,6133.32552410183,73.832,65.25179796,83.5267437189637,7.179,96.2,,32838579.0,,6,True
PER,2021,Peru,Latin America & Caribbean,Upper middle income,Lima,-12.0931,-77.0465,6826.20255614477,71.596,71.10782643,83.9480118272361,5.097,95.6,,33155882.0,,6,True
PER,2022,Peru,Latin America & Caribbean,Upper middle income,Lima,-12.0931,-77.0465,7350.63034300417,76.834,74.67495213,84.3663554951194,4.291,96.2,,33475438.0,,6,True
PER,2023,Peru,Latin America & Caribbean,Upper middle income,Lima,-12.0931,-77.0465,7887.54185920108,77.74,79.48484477,84.7810255849745,4.899,96.2,,33845617.0,,6,True
PHL,2014,Philippines,East Asia & Pacific,Lower middle income,Manila,14.5515,121.035,2866.83803761407,69.311,34.70000076,50.2392400212368,3.6,89.8,104.41,103767130.0,1.006195314450732,6,True
PHL,2015,Philippines,East Asia & Pacific,Lower middle income,Manila,14.5515,121.035,2909.85818010301,69.45,36.90000153,51.1549047745227,3.068,89.1,113.67,105312992.0,1.07935400790816,6,True
PHL,2016,Philippines,East Asia & Pacific,Lower middle income,Manila,14.5515,121.035,2985.19564024046,69.49,39.20000076,51.9114748151175,2.695,92.0,124.92,106735719.0,1.1703673444126048,6,True
PHL,2017,Philippines,East Asia & Pacific,Lower middle income,Manila,14.5515,121.035,3038.12124959289,69.966,41.59999847,52.6010482354344,2.552,93.0,136.59,108119693.0,1.2633221220855668,6,True
PHL,2018,Philippines,East Asia & Pacific,Lower middle income,Manila,14.5515,121.035,3168.51036609727,69.761,44.09999847,53.2088897464754,2.338,94.2,142.24,109465287.0,1.2994073637243557,6,True
PHL,2019,Philippines,East Asia & Pacific,Lower middle income,Manila,14.5515,121.035,3400.78949767074,69.68,43.0266118680279,53.7157859948017,2.237,95.3,,110804683.0,,6,True
PHL,2020,Philippines,East Asia & Pacific,Lower middle income,Manila,14.5515,121.035,3227.57910235199,70.097,53.76490021,54.1077719895977,2.522,96.4,,112081264.0,,6,True
PHL,2021,Philippines,East Asia & Pacific,Lower middle income,Manila,14.5515,121.035,3484.38593882819,66.675,66.90779877,54.4504102510776,3.398,97.5,,113100950.0,,6,True
PHL,2022,Philippines,East Asia & Pacific,Lower middle income,Manila,14.5515,121.035,3548.06930572116,69.472,75.21114422,54.7902343568327,2.598,94.8,,113964338.0,,6,True
PHL,2023,Philippines,East Asia & Pacific,Lower middle income,Manila,14.5515,121.035,3804.08274131097,69.833,77.86699677,55.1242716168851,2.2,98.0,,114891199.0,,6,True
PLW,2014,Palau,East Asia & Pacific,High income,Koror,7.34194,134.479,13863.4544155068,69.062,,80.7338640362566,,99.8,0.22,17715.0,12.418854078464578,4,False
PLW,2015,Palau,East Asia & Pacific,High income,Koror,7.34194,134.479,16154.0532152373,69.07,,80.388246269234,,99.5,0.22,17770.0,12.380416432189083,4,False
PLW,2016,Palau,East Asia & Pacific,High income,Koror,7.34194,134.479,17150.4759377239,69.046,,80.1089335766065,,100.0,0.26,17797.0,14.609203798392988,4,False
PLW,2017,Palau,East Asia & Pacific,High income,Koror,7.34194,134.479,16401.7847567871,69.019,,79.8284579022498,,100.0,0.27,17812.0,15.158320233550416,4,False
PLW,2018,Palau,East Asia & Pacific,High income,Koror,7.34194,134.479,16166.9671073752,68.989,,79.5520868568744,,100.0,0.29,17814.0,16.279330863365892,4,False
PLW,2019,Palau,East Asia & Pacific,High income,Koror,7.34194,134.479,15846.7968470167,68.982,,79.2803814152827,,100.0,,17798.0,,4,False
PLW,2020,Palau,East Asia & Pacific,High income,Koror,7.34194,134.479,14708.2119536914,68.689,,79.0796884006264,,100.0,,17792.0,,4,False
PLW,2021,Palau,East Asia & Pacific,High income,Koror,7.34194,134.479,13009.2481630213,68.563,,79.0890798782416,,100.0,,17783.0,,4,False
PLW,2022,Palau,East Asia & Pacific,High income,Koror,7.34194,134.479,13729.7602761496,68.922,82.56749725,79.1134831712956,,100.0,,17759.0,,5,False
PLW,2023,Palau,East Asia & Pacific,High income,Koror,7.34194,134.479,15610.8231931032,69.269,82.91629791,79.1531991438847,,100.0,,17727.0,,5,False
PNG,2014,Papua New Guinea,East Asia & Pacific,Lower middle income,Port Moresby,-9.47357,147.194,2723.17529825196,64.198,6.5,13.1316404025265,2.54,18.1,5.87,8523441.0,0.6886889930956289,6,True
PNG,2015,Papua New Guinea,East Asia & Pacific,Lower middle income,Port Moresby,-9.47357,147.194,2484.5963398603,64.473,7.900000095,13.2341359836319,2.507,18.4,6.43,8743246.0,0.7354248067594118,6,True
PNG,2016,Papua New Guinea,East Asia & Pacific,Lower middle income,Port Moresby,-9.47357,147.194,2316.39479758492,64.7,9.601499557,13.3653651942392,2.478,13.5,7.63,8961718.0,0.8513992517952473,6,True
PNG,2017,Papua New Guinea,East Asia & Pacific,Lower middle income,Port Moresby,-9.47357,147.194,2477.76530986323,64.923,11.20919991,13.5249644881888,2.58,19.2,7.7,9178714.0,0.8388974751800743,6,True
PNG,2018,Papua New Guinea,East Asia & Pacific,Lower middle income,Port Moresby,-9.47357,147.194,2566.36833735041,65.114,12.35789967,13.7125720532162,2.65,16.6,7.46,9394513.0,0.7940805446753866,6,True
PNG,2019,Papua New Guinea,East Asia & Pacific,Lower middle income,Port Moresby,-9.47357,147.194,2575.77274140393,65.331,13.62419987,13.9278267446947,2.651,23.6,,9609010.0,,6,True
PNG,2020,Papua New Guinea,East Asia & Pacific,Lower middle income,Port Moresby,-9.47357,147.194,2429.61134585269,65.075,15.02040005,14.1703677185729,2.903,20.5,,9815746.0,,6,True
PNG,2021,Papua New Guinea,East Asia & Pacific,Lower middle income,Port Moresby,-9.47357,147.194,2607.57861874444,64.358,16.55960083,14.4398342822353,3.03,20.9,,10012896.0,,6,True
PNG,2022,Papua New Guinea,East Asia & Pacific,Lower middle income,Port Moresby,-9.47357,147.194,3102.28968594061,65.274,18.25659943,14.7358658260841,2.689,19.0,,10203169.0,,6,True
PNG,2023,Papua New Guinea,East Asia & Pacific,Lower middle income,Port Moresby,-9.47357,147.194,2966.06830432055,66.134,18.56130028,15.0581017891206,2.649,20.5,,10389635.0,,6,True
POL,2014,Poland,Europe & Central Asia,High income,Warsaw,52.26,21.02,14262.2841914116,77.6024390243903,66.5987360557248,60.4340063344328,8.971,100.0,285.74,38011735.0,7.517152268898013,6,True
POL,2015,Poland,Europe & Central Asia,High income,Warsaw,52.26,21.02,12637.5220324406,77.4512195121951,67.9969871556415,60.3362886805635,7.475,100.0,289.05,37986412.0,7.60929987280715,6,True
POL,2016,Poland,Europe & Central Asia,High income,Warsaw,52.26,21.02,12464.0110508476,77.8512195121951,73.3007040962669,60.2402284228997,6.141,100.0,299.74,37970087.0,7.894108854688692,6,True
POL,2017,Poland,Europe & Central Asia,High income,Warsaw,52.26,21.02,13913.3402919927,77.7536585365854,75.9853659493832,60.145888199417,4.867,100.0,312.82,37974826.0,8.2375624314908,6,True
POL,2018,Poland,Europe & Central Asia,High income,Warsaw,52.26,21.02,15658.2120316794,77.6024390243903,77.5417345350006,60.0533306480907,3.835,100.0,312.74,37974750.0,8.23547225459022,6,True
POL,2019,Poland,Europe & Central Asia,High income,Warsaw,52.26,21.02,15874.5220531254,77.9048780487805,80.4359068768673,59.9626184068963,3.267,100.0,,37965475.0,,6,True
POL,2020,Poland,Europe & Central Asia,High income,Warsaw,52.26,21.02,16150.9304813473,76.4,83.18488715,59.8738141138092,3.155,100.0,,37515748.0,,6,True
POL,2021,Poland,Europe & Central Asia,High income,Warsaw,52.26,21.02,18635.5104895754,75.3512195121951,85.37490906,59.8096513205543,3.268,100.0,,36981559.0,,6,True
POL,2022,Poland,Europe & Central Asia,High income,Warsaw,52.26,21.02,18891.2121169279,77.1560975609756,86.94113479,59.8315488048321,2.811,100.0,,36821749.0,,6,True
POL,2023,Poland,Europe & Central Asia,High income,Warsaw,52.26,21.02,22145.2660647429,78.2585365853659,86.414744,59.8859561370214,2.743,100.0,,36687353.0,,6,True
PRI,2014,Puerto Rico (US),Latin America & Caribbean,High income,San Juan,18.23,-66.0,28576.0988023209,80.039,76.1338597201667,93.7813071818968,13.9,100.0,,3585017.0,,6,True
PRI,2015,Puerto Rico (US),Latin America & Caribbean,High income,San Juan,18.23,-66.0,29242.041465085,80.677,63.4663353848474,93.7987161428303,12.0,100.0,,3535167.0,,6,True
PRI,2016,Puerto Rico (US),Latin America & Caribbean,High income,San Juan,18.23,-66.0,29978.0889268918,80.355,68.6438071976518,93.8232738004303,11.8,100.0,,3480432.0,,6,True
PRI,2017,Puerto Rico (US),Latin America & Caribbean,High income,San Juan,18.23,-66.0,30328.479490518,79.07,68.7407731407209,93.8561953815964,10.8,100.0,,3410837.0,,6,True
PRI,2018,Puerto Rico (US),Latin America & Caribbean,High income,San Juan,18.23,-66.0,30679.9181934488,81.086,70.8563997424362,93.8986961132283,9.2,100.0,,3290690.0,,6,True
PRI,2019,Puerto Rico (US),Latin America & Caribbean,High income,San Juan,18.23,-66.0,31830.5284993358,81.438,77.7364393708352,93.9519912222253,8.3,100.0,,3302691.0,,6,True
PRI,2020,Puerto Rico (US),Latin America & Caribbean,High income,San Juan,18.23,-66.0,31427.1130762831,80.009,,94.0116144995587,8.89,100.0,,3281590.0,,5,False
PRI,2021,Puerto Rico (US),Latin America & Caribbean,High income,San Juan,18.23,-66.0,32619.0704601174,79.77,84.78666399,94.0550712597302,7.9,100.0,,3262711.0,,6,True
PRI,2022,Puerto Rico (US),Latin America & Caribbean,High income,San Juan,18.23,-66.0,35353.6821570014,79.427,87.29178106,94.1110923054937,6.0,100.0,,3220137.0,,6,True
PRI,2023,Puerto Rico (US),Latin America & Caribbean,High income,San Juan,18.23,-66.0,36980.7884784287,81.69,,94.1774359275881,5.725,100.0,,3203792.0,,5,False
PRK,2014,"Korea, Dem. People's Rep.",East Asia & Pacific,Low income,Pyongyang,39.0319,125.754,,72.451,,61.0940947540873,3.509,37.8,31.42,25451262.0,1.2345163866530469,4,False
PRK,2015,"Korea, Dem. People's Rep.",East Asia & Pacific,Low income,Pyongyang,39.0319,125.754,,72.825,,61.3247571174501,3.523,40.0,25.3,25575350.0,0.9892337739268475,4,False
PRK,2016,"Korea, Dem. People's Rep.",East Asia & Pacific,Low income,Pyongyang,39.0319,125.754,,72.971,,61.5681351428803,3.574,42.1,30.09,25698326.0,1.170893388152987,4,False
PRK,2017,"Korea, Dem. People's Rep.",East Asia & Pacific,Low income,Pyongyang,39.0319,125.754,,73.034,,61.8206076091402,3.498,44.2,22.38,25817709.0,0.866846860811701,4,False
PRK,2018,"Korea, Dem. People's Rep.",East Asia & Pacific,Low income,Pyongyang,39.0319,125.754,,73.02,,62.0826119807623,3.409,46.3,18.12,25931147.0,0.6987735636992841,4,False
PRK,2019,"Korea, Dem. People's Rep.",East Asia & Pacific,Low income,Pyongyang,39.0319,125.754,,72.928,,62.3542226611578,3.439,48.4,,26037632.0,,4,False
PRK,2020,"Korea, Dem. People's Rep.",East Asia & Pacific,Low income,Pyongyang,39.0319,125.754,,72.783,,62.6355140538495,3.624,50.5,,26136312.0,,4,False
PRK,2021,"Korea, Dem. People's Rep.",East Asia & Pacific,Low income,Pyongyang,39.0319,125.754,,73.437,,62.926560562457,3.692,52.6,,26232534.0,,4,False
PRK,2022,"Korea, Dem. People's Rep.",East Asia & Pacific,Low income,Pyongyang,39.0319,125.754,,73.641,,63.2274365906829,3.457,54.7,,26328845.0,,4,False
PRK,2023,"Korea, Dem. People's Rep.",East Asia & Pacific,Low income,Pyongyang,39.0319,125.754,,73.642,,63.5382165423021,3.463,57.5,,26418204.0,,4,False
PRT,2014,Portugal,Europe & Central Asia,High income,Lisbon,38.7072,-9.13552,22120.6850127107,81.1219512195122,64.5924200648949,61.1394537361116,13.88,100.0,45.93,10401062.0,4.415895223007035,6,True
PRT,2015,Portugal,Europe & Central Asia,High income,Lisbon,38.7072,-9.13552,19215.7813014347,81.1243902439025,68.6328614804299,61.137469211538,12.405,100.0,49.85,10358076.0,4.8126698433183925,6,True
PRT,2016,Portugal,Europe & Central Asia,High income,Lisbon,38.7072,-9.13552,19980.2808866516,81.1243902439025,70.423567088723,61.1343011242723,11.058,100.0,48.76,10325452.0,4.722311430046839,6,True
PRT,2017,Portugal,Europe & Central Asia,High income,Lisbon,38.7072,-9.13552,21442.3842768879,81.4243902439025,73.7912139515729,61.1296726507436,8.878,100.0,53.33,10300300.0,5.177519101385396,6,True
PRT,2018,Portugal,Europe & Central Asia,High income,Lisbon,38.7072,-9.13552,23541.1401075289,81.3243902439024,74.6609681487507,61.1233069673808,6.966,100.0,49.78,10283822.0,4.84061276050869,6,True
PRT,2019,Portugal,Europe & Central Asia,High income,Lisbon,38.7072,-9.13552,23343.3628970034,81.6756097560976,75.3463779408712,61.114927250613,6.422,100.0,,10286263.0,,6,True
PRT,2020,Portugal,Europe & Central Asia,High income,Lisbon,38.7072,-9.13552,22299.4044062173,81.3292682926829,78.26166044,61.1042566768691,6.85,100.0,,10297081.0,,6,True
PRT,2021,Portugal,Europe & Central Asia,High income,Lisbon,38.7072,-9.13552,24711.4510062111,81.3780487804878,82.30902804,61.0951249296597,6.712,100.0,,10361831.0,,6,True
PRT,2022,Portugal,Europe & Central Asia,High income,Lisbon,38.7072,-9.13552,24620.5197587181,81.6317073170732,84.49690644,61.1259255772782,6.138,100.0,,10434332.0,,6,True
PRT,2023,Portugal,Europe & Central Asia,High income,Lisbon,38.7072,-9.13552,27634.6183139773,82.3292682926829,85.79012676,61.2048652633664,6.498,100.0,,10578174.0,,6,True
PRY,2014,Paraguay,Latin America & Caribbean,Upper middle income,Asuncion,-25.3005,-57.6362,6652.25478942461,73.415,43.0073750122614,60.7101965948157,5.034,99.0,5.63,6069811.0,0.9275412364569506,6,True
PRY,2015,Paraguay,Latin America & Caribbean,Upper middle income,Asuncion,-25.3005,-57.6362,5879.33792308762,73.454,49.716304663966,61.3302768533263,4.556,99.3,6.37,6159103.0,1.0342415121162936,6,True
PRY,2016,Paraguay,Latin America & Caribbean,Upper middle income,Asuncion,-25.3005,-57.6362,5775.15963399596,73.487,53.4041274791009,62.0827613208606,5.255,98.4,7.15,6249126.0,1.144159999334307,6,True
PRY,2017,Paraguay,Latin America & Caribbean,Upper middle income,Asuncion,-25.3005,-57.6362,6152.2671153779,73.45,61.0757562215797,62.9526389826574,6.138,99.3,8.0,6338660.0,1.2620964052339139,6,True
PRY,2018,Paraguay,Latin America & Caribbean,Upper middle income,Asuncion,-25.3005,-57.6362,6258.44991640984,73.627,64.9935430235756,63.9248988239553,6.217,99.6,8.42,6427382.0,1.3100201606190514,6,True
PRY,2019,Paraguay,Latin America & Caribbean,Upper middle income,Asuncion,-25.3005,-57.6362,5821.18199548738,73.668,68.5176284222264,64.9845298299929,6.595,99.7,,6515058.0,,6,True
PRY,2020,Paraguay,Latin America & Caribbean,Upper middle income,Asuncion,-25.3005,-57.6362,5365.47220721104,72.72,73.95751114,66.116520986009,7.548,99.7,,6603739.0,,6,True
PRY,2021,Paraguay,Latin America & Caribbean,Upper middle income,Asuncion,-25.3005,-57.6362,5976.93179789949,68.108,77.01838621,67.3058612772421,7.311,100.0,,6684182.0,,6,True
PRY,2022,Paraguay,Latin America & Caribbean,Upper middle income,Asuncion,-25.3005,-57.6362,6205.62595379319,72.319,76.25916611,68.6396537819458,6.755,100.0,,6760464.0,,6,True
PRY,2023,Paraguay,Latin America & Caribbean,Upper middle income,Asuncion,-25.3005,-57.6362,6299.99026533713,73.844,78.09481878,69.3466081733694,5.794,99.8,,6844146.0,,6,True
PSE,2014,West Bank and Gaza,"Middle East, North Africa, Afghanistan & Pakistan",Lower middle income,,,,3352.11259506043,72.781,53.6651997924171,85.0433335176723,20.526,99.9,,4173398.0,,6,True
PSE,2015,West Bank and Gaza,"Middle East, North Africa, Afghanistan & Pakistan",Lower middle income,,,,3272.15432360708,74.577,56.70000076,85.2182174537886,23.005,99.9,,4270092.0,,6,True
PSE,2016,West Bank and Gaza,"Middle East, North Africa, Afghanistan & Pakistan",Lower middle income,,,,3527.61382413178,74.917,59.90000153,85.3377390706351,23.939,100.0,,4367088.0,,6,True
PSE,2017,West Bank and Gaza,"Middle East, North Africa, Afghanistan & Pakistan",Lower middle income,,,,3620.36048715937,75.216,63.29999924,85.3782255354,25.677,99.9,,4454805.0,,6,True
PSE,2018,West Bank and Gaza,"Middle East, North Africa, Afghanistan & Pakistan",Lower middle income,,,,3562.33094270256,75.38,64.3999937114499,85.5351131070872,26.256,100.0,,4569087.0,,6,True
PSE,2019,West Bank and Gaza,"Middle East, North Africa, Afghanistan & Pakistan",Lower middle income,,,,3656.85827137011,75.811,70.6225837001758,85.8136174183656,25.34,100.0,,4685306.0,,6,True
PSE,2020,West Bank and Gaza,"Middle East, North Africa, Afghanistan & Pakistan",Lower middle income,,,,3233.56863835858,74.998,76.18160248,86.0741183743925,25.895,100.0,,4803269.0,,6,True
PSE,2021,West Bank and Gaza,"Middle East, North Africa, Afghanistan & Pakistan",Lower middle income,,,,3678.63565662194,73.89,,86.334956387337,26.39,100.0,,4922749.0,,5,False
PSE,2022,West Bank and Gaza,"Middle East, North Africa, Afghanistan & Pakistan",Lower middle income,,,,3799.95527015163,76.662,88.64690554,86.5961423216016,24.42,100.0,,5043612.0,,6,True
PSE,2023,West Bank and Gaza,"Middle East, North Africa, Afghanistan & Pakistan",Lower middle income,,,,3455.02852911712,65.17,86.63765334,86.8576870415886,,100.0,,5165775.0,,5,False
PYF,2014,French Polynesia,East Asia & Pacific,High income,Papeete,-17.535,-149.57,22258.6321384251,82.151,60.68,61.6824807401268,11.894,100.0,,276387.0,,6,True
PYF,2015,French Polynesia,East Asia & Pacific,High income,Papeete,-17.535,-149.57,19166.9594761931,82.339,64.560209747212,61.7374742154907,11.794,100.0,,277866.0,,6,True
PYF,2016,French Polynesia,East Asia & Pacific,High income,Papeete,-17.535,-149.57,19690.0775734589,82.555,68.440419493378,61.7744381369651,11.727,100.0,,279178.0,,6,True
PYF,2017,French Polynesia,East Asia & Pacific,High income,Papeete,-17.535,-149.57,20826.9312492172,82.774,72.7038953132942,61.7896941062846,11.595,100.0,,280087.0,,6,True
PYF,2018,French Polynesia,East Asia & Pacific,High income,Papeete,-17.535,-149.57,21925.616043938,82.985,,61.7888025236875,11.599,100.0,,279815.0,,5,False
PYF,2019,French Polynesia,East Asia & Pacific,High income,Papeete,-17.535,-149.57,21582.5892046801,83.195,,61.7824142427508,11.591,100.0,,279034.0,,5,False
PYF,2020,French Polynesia,East Asia & Pacific,High income,Papeete,-17.535,-149.57,19966.4838503859,82.459,,61.7673100921,12.963,100.0,,279209.0,,5,False
PYF,2021,French Polynesia,East Asia & Pacific,High income,Papeete,-17.535,-149.57,21426.3854449835,79.571,,61.7399813226008,12.558,100.0,,279792.0,,5,False
PYF,2022,French Polynesia,East Asia & Pacific,High income,Papeete,-17.535,-149.57,20053.9569369322,83.859,,61.6913806937112,11.793,100.0,,280378.0,,5,False
PYF,2023,French Polynesia,East Asia & Pacific,High income,Papeete,-17.535,-149.57,21832.2831795569,84.07,,61.6967135028569,11.613,100.0,,281118.0,,5,False
QAT,2014,Qatar,"Middle East, North Africa, Afghanistan & Pakistan",High income,Doha,25.2948,51.5082,95840.6898934238,81.395,91.48999786,98.901627838826,0.2,100.0,80.4,2151745.0,37.36502234233146,6,True
QAT,2015,Qatar,"Middle East, North Africa, Afghanistan & Pakistan",High income,Doha,25.2948,51.5082,68985.2433380102,81.785,92.8848264535481,98.9382407681154,0.17,100.0,83.31,2344557.0,35.53336515171096,6,True
QAT,2016,Qatar,"Middle East, North Africa, Afghanistan & Pakistan",High income,Doha,25.2948,51.5082,61253.6217997091,82.147,95.1246621661148,98.9855265345423,0.15,100.0,85.28,2477113.0,34.42717389154229,6,True
QAT,2017,Qatar,"Middle East, North Africa, Afghanistan & Pakistan",High income,Doha,25.2948,51.5082,63279.8767486216,82.458,97.3888491654164,99.0310125265978,0.14,100.0,87.68,2545820.0,34.44076957522527,6,True
QAT,2018,Qatar,"Middle East, North Africa, Afghanistan & Pakistan",High income,Doha,25.2948,51.5082,71039.9308240078,82.714,99.6528491261175,99.0755684762244,0.11,100.0,90.17,2580734.0,34.939672201784454,6,True
QAT,2019,Qatar,"Middle East, North Africa, Afghanistan & Pakistan",High income,Doha,25.2948,51.5082,66841.3623185691,82.945,99.6528042086389,99.1191696672067,0.1,100.0,,2638657.0,,6,True
QAT,2020,Qatar,"Middle East, North Africa, Afghanistan & Pakistan",High income,Doha,25.2948,51.5082,51683.5681078949,80.409,99.65284913,99.1617913833034,0.14,100.0,,2794148.0,,6,True
QAT,2021,Qatar,"Middle East, North Africa, Afghanistan & Pakistan",High income,Doha,25.2948,51.5082,71751.9363398856,81.083,99.65280151,99.203408908243,0.14,100.0,,2504910.0,,6,True
QAT,2022,Qatar,"Middle East, North Africa, Afghanistan & Pakistan",High income,Doha,25.2948,51.5082,88701.4689763536,81.857,98.03800201,99.243997525719,0.13,100.0,,2657333.0,,6,True
QAT,2023,Qatar,"Middle East, North Africa, Afghanistan & Pakistan",High income,Doha,25.2948,51.5082,81816.9797967481,82.368,98.15229797,99.2835325193835,0.13,100.0,,2656032.0,,6,True
ROU,2014,Romania,Europe & Central Asia,High income,Bucharest,44.4479,26.0979,10031.7710755404,74.909756097561,54.0783206550943,53.8267187624053,6.802,98.4,71.41,19908979.0,3.5868238145210762,6,True
ROU,2015,Romania,Europe & Central Asia,High income,Bucharest,44.4479,26.0979,8977.01748158196,74.9121951219512,55.7631556336233,53.7071839518893,6.812,98.8,72.9,19815616.0,3.6789166685507024,6,True
ROU,2016,Romania,Europe & Central Asia,High income,Bucharest,44.4479,26.0979,9404.54005870715,75.209756097561,59.5039512852713,53.5528171972639,5.901,99.1,71.14,19702267.0,3.610752001279853,6,True
ROU,2017,Romania,Europe & Central Asia,High income,Bucharest,44.4479,26.0979,10727.9822007426,75.209756097561,63.7472821822484,53.3648643239046,4.927,100.0,74.1,19588715.0,3.7827902442809545,6,True
ROU,2018,Romania,Europe & Central Asia,High income,Bucharest,44.4479,26.0979,12416.134317959,75.3585365853659,70.6812779273268,53.1445711571868,4.187,99.8,74.88,19473970.0,3.845132759267884,6,True
ROU,2019,Romania,Europe & Central Asia,High income,Bucharest,44.4479,26.0979,12909.6104013244,75.6073170731707,73.6574757545465,52.8931835224862,3.912,100.0,,19371648.0,,6,True
ROU,2020,Romania,Europe & Central Asia,High income,Bucharest,44.4479,26.0979,13009.1770573223,74.2536585365854,78.45526895,52.611947245178,5.035,100.0,,19265250.0,,6,True
ROU,2021,Romania,Europe & Central Asia,High income,Bucharest,44.4479,26.0979,14907.9803652143,72.809756097561,83.5904265,52.2321512130811,5.59,100.0,,19122059.0,,6,True
ROU,2022,Romania,Europe & Central Asia,High income,Bucharest,44.4479,26.0979,15503.551804598,75.1536585365854,85.50309124,52.1634832477272,5.614,100.0,,19048502.0,,6,True
ROU,2023,Romania,Europe & Central Asia,High income,Bucharest,44.4479,26.0979,18244.4186876321,76.4048780487805,89.20335498,52.1645747011867,5.589,100.0,,19061062.0,,6,True
RUS,2014,Russian Federation,Europe & Central Asia,High income,Moscow,55.7558,37.6176,14055.47265625,70.7436585365854,70.5175682574413,74.1776476748791,5.212,100.0,1606.86,144237223.0,11.140397510287618,6,True
RUS,2015,Russian Federation,Europe & Central Asia,High income,Moscow,55.7558,37.6176,9277.7138671875,71.1834146341463,70.0992412263947,74.275919065527,5.615,95.5,1557.53,144640716.0,10.768268044248343,6,True
RUS,2016,Russian Federation,Europe & Central Asia,High income,Moscow,55.7558,37.6176,8663.158203125,71.6512195121951,73.091434617897,74.3703138709243,5.591,99.4,1530.9,145015460.0,10.556805460603993,6,True
RUS,2017,Russian Federation,Europe & Central Asia,High income,Moscow,55.7558,37.6176,10658.9130859375,72.4514634146342,76.0081385339105,74.460036813029,5.238,100.0,1557.19,145293260.0,10.717565288300365,6,True
RUS,2018,Russian Federation,Europe & Central Asia,High income,Moscow,55.7558,37.6176,11211.8876953125,72.6621951219512,80.8647218726954,74.5442926137992,4.871,100.0,1607.55,145398106.0,11.056196289104344,6,True
RUS,2019,Russian Federation,Europe & Central Asia,High income,Moscow,55.7558,37.6176,11447.701171875,73.0839024390244,82.6421618670668,74.6222859951926,4.513,99.8,,145453291.0,,6,True
RUS,2020,Russian Federation,Europe & Central Asia,High income,Moscow,55.7558,37.6176,10108.3271484375,71.3387804878049,84.99466978,74.6932216791674,5.62,99.9,,145245148.0,,6,True
RUS,2021,Russian Federation,Europe & Central Asia,High income,Moscow,55.7558,37.6176,12425.029296875,69.900243902439,88.21384578,74.7516840220252,4.749,100.0,,144746762.0,,6,True
RUS,2022,Russian Federation,Europe & Central Asia,High income,Moscow,55.7558,37.6176,15619.6142578125,72.5456097560976,90.41799163,74.8544893625017,3.867,100.0,,144236933.0,,6,True
RUS,2023,Russian Federation,Europe & Central Asia,High income,Moscow,55.7558,37.6176,14159.3876953125,73.2546341463415,92.24496346,74.9805047873279,3.076,100.0,,143826130.0,,6,True
RWA,2014,Rwanda,Sub-Saharan Africa,Low income,Kigali,-1.95325,30.0587,724.957526520906,65.088,10.60000038,17.5020716539756,11.837,19.8,0.81,11364757.0,0.07127297134465788,6,True
RWA,2015,Rwanda,Sub-Saharan Africa,Low income,Kigali,-1.95325,30.0587,733.998629882494,65.419,12.45600033,18.1953149858416,11.831,22.8,0.93,11640022.0,0.07989675620888002,6,True
RWA,2016,Rwanda,Sub-Saharan Africa,Low income,Kigali,-1.95325,30.0587,729.519133812945,65.733,14.63710022,19.1213951786548,11.788,29.4,1.05,11919183.0,0.0880932862596371,6,True
RWA,2017,Rwanda,Sub-Saharan Africa,Low income,Kigali,-1.95325,30.0587,758.300966509647,66.14,17.2,20.2477568101111,11.875,34.1,1.05,12202060.0,0.08605104384013847,6,True
RWA,2018,Rwanda,Sub-Saharan Africa,Low income,Kigali,-1.95325,30.0587,771.773511207309,66.354,19.16659927,21.5418444579064,10.759,38.0,1.08,12487996.0,0.08648305140392422,6,True
RWA,2019,Rwanda,Sub-Saharan Africa,Low income,Kigali,-1.95325,30.0587,810.051412137354,66.691,21.3579998,22.9711026997362,11.236,46.6,,12776103.0,,6,True
RWA,2020,Rwanda,Sub-Saharan Africa,Low income,Kigali,-1.95325,30.0587,778.701498925026,66.953,23.8,24.5029761132966,11.829,45.2,,13065837.0,,6,True
RWA,2021,Rwanda,Sub-Saharan Africa,Low income,Kigali,-1.95325,30.0587,829.544845263697,66.85,24.4416008,26.1049092762833,15.775,48.7,,13355260.0,,6,True
RWA,2022,Rwanda,Sub-Saharan Africa,Low income,Kigali,-1.95325,30.0587,975.469323735369,67.528,28.01679993,27.7806702737761,15.084,50.6,,13651030.0,,6,True
RWA,2023,Rwanda,Sub-Saharan Africa,Low income,Kigali,-1.95325,30.0587,1027.03446826565,67.785,28.80579948,28.8555310645477,12.352,63.9,,13954471.0,,6,True
SAU,2014,Saudi Arabia,"Middle East, North Africa, Afghanistan & Pakistan",High income,Riyadh,24.6748,46.6977,27805.4850319422,77.116,64.713657369019,82.7822571294871,5.877,100.0,536.81,28309273.0,18.962337888366118,6,True
SAU,2015,Saudi Arabia,"Middle East, North Africa, Afghanistan & Pakistan",High income,Riyadh,24.6748,46.6977,23256.1549553531,77.776,69.6162358014004,82.9562773406163,5.6,100.0,561.14,29816382.0,18.81985547408133,6,True
SAU,2016,Saudi Arabia,"Middle East, North Africa, Afghanistan & Pakistan",High income,Riyadh,24.6748,46.6977,22267.7217050387,78.354,74.8792746891625,83.129128630626,5.6,99.9,556.74,30954198.0,17.98592875835452,6,True
SAU,2017,Saudi Arabia,"Middle East, North Africa, Afghanistan & Pakistan",High income,Riyadh,24.6748,46.6977,23929.2907135982,78.721,94.1755996113911,83.300690534822,5.89,100.0,540.7,30977355.0,17.454685850357464,6,True
SAU,2018,Saudi Arabia,"Middle East, North Africa, Afghanistan & Pakistan",High income,Riyadh,24.6748,46.6977,29360.0658968566,78.75,93.3100018480347,83.4708425884849,6.029,99.9,514.6,30196281.0,17.04183372780244,6,True
SAU,2019,Saudi Arabia,"Middle East, North Africa, Afghanistan & Pakistan",High income,Riyadh,24.6748,46.6977,29566.7933827436,78.313,95.7247355953812,83.6394643268678,5.636,100.0,,30063799.0,,6,True
SAU,2020,Saudi Arabia,"Middle East, North Africa, Afghanistan & Pakistan",High income,Riyadh,24.6748,46.6977,24338.8307301067,77.596,97.8623325,83.8064352851942,7.66,100.0,,31552510.0,,6,True
SAU,2021,Saudi Arabia,"Middle East, North Africa, Afghanistan & Pakistan",High income,Riyadh,24.6748,46.6977,31920.7653655643,77.089,100.0,83.9716349986538,6.621,100.0,,30784383.0,,6,True
SAU,2022,Saudi Arabia,"Middle East, North Africa, Afghanistan & Pakistan",High income,Riyadh,24.6748,46.6977,38510.2276211037,77.31,100.0,84.1349430023993,5.589,100.0,,32175224.0,,6,True
SAU,2023,Saudi Arabia,"Middle East, North Africa, Afghanistan & Pakistan",High income,Riyadh,24.6748,46.6977,36156.848337701,78.732,100.0,84.2962388315415,4.008,100.0,,33702731.0,,6,True
SDN,2014,Sudan,Sub-Saharan Africa,Low income,Khartoum,15.5932,32.5363,1275.43835449219,63.99,,33.7624582408117,15.41,44.9,15.33,38823318.0,0.3948657865873288,5,False
SDN,2015,Sudan,Sub-Saharan Africa,Low income,Khartoum,15.5932,32.5363,1292.37963867188,64.375,12.0,34.0914394628597,14.39,48.0,17.8,40024431.0,0.44472837102918467,6,True
SDN,2016,Sudan,Sub-Saharan Africa,Low income,Khartoum,15.5932,32.5363,1033.21594238281,64.677,14.0999999446534,34.1881958841213,13.656,50.5,20.48,41259892.0,0.49636581695366533,6,True
SDN,2017,Sudan,Sub-Saharan Africa,Low income,Khartoum,15.5932,32.5363,966.505676269531,65.146,18.60000038,34.2872225663509,13.0,53.0,20.34,42714306.0,0.4761870648208589,6,True
SDN,2018,Sudan,Sub-Saharan Africa,Low income,Khartoum,15.5932,32.5363,731.027465820313,65.501,,34.382054222005,12.347,55.3,20.2,44230596.0,0.4566974408393683,5,False
SDN,2019,Sudan,Sub-Saharan Africa,Low income,Khartoum,15.5932,32.5363,709.975280761719,65.803,,34.4727685824236,11.697,57.6,,45548175.0,,5,False
SDN,2020,Sudan,Sub-Saharan Africa,Low income,Khartoum,15.5932,32.5363,577.795227050781,65.124,,34.5594433789246,11.995,59.7,,46789231.0,,5,False
SDN,2021,Sudan,Sub-Saharan Africa,Low income,Khartoum,15.5932,32.5363,712.122009277344,64.46,,34.6421563427994,11.087,61.8,,48066924.0,,5,False
SDN,2022,Sudan,Sub-Saharan Africa,Low income,Khartoum,15.5932,32.5363,1046.24084472656,65.695,,34.7209852053086,7.53,63.2,,49383346.0,,5,False
SDN,2023,Sudan,Sub-Saharan Africa,Low income,Khartoum,15.5932,32.5363,797.283447265625,66.331,,34.7960076976764,,66.0,,50042791.0,,4,False
SEN,2014,Senegal,Sub-Saharan Africa,Lower middle income,Dakar,14.7247,-17.4734,1398.89137601382,66.001,17.70000076,45.6020905341588,5.849,61.0,8.57,14152102.0,0.6055637530029108,6,True
SEN,2015,Senegal,Sub-Saharan Africa,Lower middle income,Dakar,14.7247,-17.4734,1218.00613555438,66.451,21.70000076,46.2747669629858,6.757,60.5,9.28,14593331.0,0.6359069084364632,6,True
SEN,2016,Senegal,Sub-Saharan Africa,Lower middle income,Dakar,14.7247,-17.4734,1266.43957151587,66.724,25.66480064,47.0553579909929,4.455,64.5,9.92,15034521.0,0.6598148354709804,6,True
SEN,2017,Senegal,Sub-Saharan Africa,Lower middle income,Dakar,14.7247,-17.4734,1356.80518449031,67.059,29.64310074,47.9338349639053,4.078,61.7,9.57,15475002.0,0.6184167213677905,6,True
SEN,2018,Senegal,Sub-Saharan Africa,Lower middle income,Dakar,14.7247,-17.4734,1452.55612562445,67.379,35.29999924,48.9001692274485,3.453,66.0,9.86,15914498.0,0.6195608557681178,6,True
SEN,2019,Senegal,Sub-Saharan Africa,Lower middle income,Dakar,14.7247,-17.4734,1431.18128932159,67.668,43.37969971,49.9443321273477,2.863,70.4,,16352922.0,,6,True
SEN,2020,Senegal,Sub-Saharan Africa,Lower middle income,Dakar,14.7247,-17.4734,1461.08720350553,67.496,53.30879974,51.0562950093282,3.432,64.3,,16789219.0,,6,True
SEN,2021,Senegal,Sub-Saharan Africa,Lower middle income,Dakar,14.7247,-17.4734,1598.10676952274,66.868,55.04040146,52.2260292191155,3.436,68.0,,17220867.0,,6,True
SEN,2022,Senegal,Sub-Saharan Africa,Lower middle income,Dakar,14.7247,-17.4734,1574.0281059306,67.788,56.82830048,53.4435061024348,2.837,67.9,,17651103.0,,6,True
SEN,2023,Senegal,Sub-Saharan Africa,Lower middle income,Dakar,14.7247,-17.4734,1698.03387300843,68.683,59.18740082,54.6992276190794,2.784,74.2,,18077573.0,,6,True
SGP,2014,Singapore,East Asia & Pacific,High income,Singapore,1.28941,103.85,57564.8023114977,82.4951219512195,79.0292358633435,100.0,3.74,100.0,44.46,5469724.0,8.128380883569262,6,True
SGP,2015,Singapore,East Asia & Pacific,High income,Singapore,1.28941,103.85,55645.6068614606,82.7439024390244,79.0129570025584,100.0,3.79,100.0,45.5,5535002.0,8.22041256714993,6,True
SGP,2016,Singapore,East Asia & Pacific,High income,Singapore,1.28941,103.85,57005.5887176547,82.8463414634146,84.4522678893074,100.0,4.08,100.0,46.16,5607283.0,8.232150936558758,6,True
SGP,2017,Singapore,East Asia & Pacific,High income,Singapore,1.28941,103.85,61236.251270627,83.0951219512195,84.4522678893074,100.0,4.2,100.0,47.43,5612253.0,8.45115143597411,6,True
SGP,2018,Singapore,East Asia & Pacific,High income,Singapore,1.28941,103.85,66881.6067035265,83.2975609756098,88.1656360313447,100.0,3.613,100.0,47.36,5638676.0,8.399134832361355,6,True
SGP,2019,Singapore,East Asia & Pacific,High income,Singapore,1.28941,103.85,65952.0378959293,83.5951219512195,88.9492526850762,100.0,3.1,100.0,,5703569.0,,6,True
SGP,2020,Singapore,East Asia & Pacific,High income,Singapore,1.28941,103.85,61410.0792630788,83.5439024390244,92.00434653,100.0,4.1,100.0,,5685807.0,,6,True
SGP,2021,Singapore,East Asia & Pacific,High income,Singapore,1.28941,103.85,80056.1288247844,83.0926829268293,96.92468156,100.0,4.64,100.0,,5453566.0,,6,True
SGP,2022,Singapore,East Asia & Pacific,High income,Singapore,1.28941,103.85,90299.0694637269,82.8951219512195,95.95386476,100.0,3.591,100.0,,5637022.0,,6,True
SGP,2023,Singapore,East Asia & Pacific,High income,Singapore,1.28941,103.85,85412.230345235,83.0975609756098,94.28518987,100.0,3.444,100.0,,5917648.0,,6,True
SLB,2014,Solomon Islands,East Asia & Pacific,Lower middle income,Honiara,-9.42676,159.949,2164.95289873002,68.984,9.0,22.8612778264703,0.73,50.5,0.34,616908.0,0.5511356636645983,6,True
SLB,2015,Solomon Islands,East Asia & Pacific,Lower middle income,Honiara,-9.42676,159.949,2045.47721526649,69.323,10.00049973,23.6630502067213,0.736,55.1,0.31,639415.0,0.48481815409397655,6,True
SLB,2016,Solomon Islands,East Asia & Pacific,Lower middle income,Honiara,-9.42676,159.949,2082.62383124213,69.501,11.00090027,24.5047424399707,0.736,58.2,0.36,662379.0,0.5434954912519872,6,True
SLB,2017,Solomon Islands,East Asia & Pacific,Lower middle income,Honiara,-9.42676,159.949,2143.57670489272,69.652,15.14840031,25.3830535769599,0.727,62.9,0.35,685672.0,0.510448144302232,6,True
SLB,2018,Solomon Islands,East Asia & Pacific,Lower middle income,Honiara,-9.42676,159.949,2278.19908624102,69.806,20.8593998,26.2946826684302,0.722,65.8,0.37,709101.0,0.5217874463581351,6,True
SLB,2019,Solomon Islands,East Asia & Pacific,Lower middle income,Honiara,-9.42676,159.949,2223.65890942466,69.981,22.48880005,27.275106750276,0.746,69.4,,728147.0,,6,True
SLB,2020,Solomon Islands,East Asia & Pacific,Lower middle income,Honiara,-9.42676,159.949,2063.32780991967,69.258,24.1984005,28.0327555150022,0.868,72.9,,744498.0,,6,True
SLB,2021,Solomon Islands,East Asia & Pacific,Lower middle income,Honiara,-9.42676,159.949,2043.44413170658,68.89,26.03790092,28.6889396820578,0.879,76.3,,762591.0,,6,True
SLB,2022,Solomon Islands,East Asia & Pacific,Lower middle income,Honiara,-9.42676,159.949,1877.78104490956,70.409,28.01729965,29.3511689856806,1.475,76.0,,781066.0,,6,True
SLB,2023,Solomon Islands,East Asia & Pacific,Lower middle income,Honiara,-9.42676,159.949,1882.64394148042,70.528,28.67239952,30.0088821088389,1.443,81.3,,800005.0,,6,True
SLE,2014,Sierra Leone,Sub-Saharan Africa,Low income,Freetown,8.4821,-13.2134,1117.7586465721,54.281,6.057300091,40.3272406886245,4.678,18.8,1.18,6876385.0,0.17160179367501965,6,True
SLE,2015,Sierra Leone,Sub-Saharan Africa,Low income,Freetown,8.4821,-13.2134,964.575980888989,55.454,6.344399929,40.7669565187099,4.483,19.7,0.94,7037655.0,0.1335672180577195,6,True
SLE,2016,Sierra Leone,Sub-Saharan Africa,Low income,Freetown,8.4821,-13.2134,844.416411175476,56.937,7.680099964,41.229411538771,4.182,20.3,0.96,7205328.0,0.1332347396260101,6,True
SLE,2017,Sierra Leone,Sub-Saharan Africa,Low income,Freetown,8.4821,-13.2134,779.186007841728,57.761,9.297100067,41.7106682105058,3.656,23.4,0.97,7379299.0,0.13144880021801528,6,True
SLE,2018,Sierra Leone,Sub-Saharan Africa,Low income,Freetown,8.4821,-13.2134,845.914540460932,59.059,14.42230034,42.2011025267803,3.192,26.1,1.02,7554563.0,0.13501773696241595,6,True
SLE,2019,Sierra Leone,Sub-Saharan Africa,Low income,Freetown,8.4821,-13.2134,843.712517809977,59.593,15.71370029,42.7018444914441,3.204,22.7,,7731991.0,,6,True
SLE,2020,Sierra Leone,Sub-Saharan Africa,Low income,Freetown,8.4821,-13.2134,845.277557920549,59.694,17.12080002,43.2129659123546,3.509,26.3,,7912558.0,,6,True
SLE,2021,Sierra Leone,Sub-Saharan Africa,Low income,Freetown,8.4821,-13.2134,885.396401885395,60.26,18.65390015,43.7345385973699,3.551,27.5,,8094602.0,,6,True
SLE,2022,Sierra Leone,Sub-Saharan Africa,Low income,Freetown,8.4821,-13.2134,860.371067916096,61.275,21.50880051,44.2666343543487,3.137,29.4,,8276807.0,,6,True
SLE,2023,Sierra Leone,Sub-Saharan Africa,Low income,Freetown,8.4821,-13.2134,758.329137378248,61.786,23.71360016,44.809324991151,3.092,35.5,,8460512.0,,6,True
SLV,2014,El Salvador,Latin America & Caribbean,Upper middle income,San Salvador,13.7034,-89.2073,3666.01248913873,71.144,24.7617121459061,68.9166664266223,4.154,95.1,6.59,6162955.0,1.0692922469821702,6,True
SLV,2015,El Salvador,Latin America & Caribbean,Upper middle income,San Salvador,13.7034,-89.2073,3790.34089108162,70.952,26.8026049600572,69.6982116699219,3.998,95.4,7.0,6183676.0,1.1320127380541931,6,True
SLV,2016,El Salvador,Latin America & Caribbean,Upper middle income,San Salvador,13.7034,-89.2073,3901.34014965811,70.908,28.99710083,70.3990173339844,4.418,96.0,7.17,6200800.0,1.1563024125919237,6,True
SLV,2017,El Salvador,Latin America & Caribbean,Upper middle income,San Salvador,13.7034,-89.2073,4020.12671373919,71.007,33.8207289048526,71.0856704711914,4.385,96.8,6.38,6213533.0,1.0267910382064438,6,True
SLV,2018,El Salvador,Latin America & Caribbean,Upper middle income,San Salvador,13.7034,-89.2073,4183.54620971358,71.384,43.79999924,71.7577209472656,4.006,97.0,6.81,6219807.0,1.094889278718777,6,True
SLV,2019,El Salvador,Latin America & Caribbean,Upper middle income,San Salvador,13.7034,-89.2073,4320.11671534627,71.725,50.4911940673888,72.4148941040039,4.17,97.4,,6222318.0,,6,True
SLV,2020,El Salvador,Latin America & Caribbean,Upper middle income,San Salvador,13.7034,-89.2073,3997.19279583709,70.244,54.60136976,73.0570220947266,5.008,99.7,,6234673.0,,6,True
SLV,2021,El Salvador,Latin America & Caribbean,Upper middle income,San Salvador,13.7034,-89.2073,4642.60743101342,69.941,57.26380157,73.6838531494141,4.327,97.9,,6255782.0,,6,True
SLV,2022,El Salvador,Latin America & Caribbean,Upper middle income,San Salvador,13.7034,-89.2073,5074.60210221806,71.969,60.05609894,74.1465021298679,2.999,100.0,,6280319.0,,6,True
SLV,2023,El Salvador,Latin America & Caribbean,Upper middle income,San Salvador,13.7034,-89.2073,5365.44491399171,72.099,62.61989975,74.6080675149903,2.992,98.3,,6309624.0,,6,True
SMR,2014,San Marino,Europe & Central Asia,High income,San Marino,43.9322,12.4486,51260.4938347125,84.394,,97.0999984741211,,100.0,,32655.0,,4,False
SMR,2015,San Marino,Europe & Central Asia,High income,San Marino,43.9322,12.4486,43146.8240435428,84.596,,97.0999984741211,,100.0,,32897.0,,4,False
SMR,2016,San Marino,Europe & Central Asia,High income,San Marino,43.9322,12.4486,44359.4797662688,84.775,55.0,97.0999984741211,,100.0,,33101.0,,5,False
SMR,2017,San Marino,Europe & Central Asia,High income,San Marino,43.9322,12.4486,45192.0279766943,84.933,60.18230057,97.0999984741211,,100.0,,33825.0,,5,False
SMR,2018,San Marino,Europe & Central Asia,High income,San Marino,43.9322,12.4486,47950.6880557136,85.095,,97.0999984741211,,100.0,,34522.0,,4,False
SMR,2019,San Marino,Europe & Central Asia,High income,San Marino,43.9322,12.4486,46630.1443120725,85.257,67.85070038,97.0999984741211,,100.0,,34663.0,,5,False
SMR,2020,San Marino,Europe & Central Asia,High income,San Marino,43.9322,12.4486,44326.9556746411,82.65,77.94999695,97.0999984741211,,100.0,,34770.0,,5,False
SMR,2021,San Marino,Europe & Central Asia,High income,San Marino,43.9322,12.4486,54176.4798021628,83.539,81.66999817,97.1035668453272,,100.0,,34252.0,,5,False
SMR,2022,San Marino,Europe & Central Asia,High income,San Marino,43.9322,12.4486,54190.8417700372,85.708,97.32790375,97.1141889380465,,100.0,,33755.0,,5,False
SMR,2023,San Marino,Europe & Central Asia,High income,San Marino,43.9322,12.4486,59879.7173015651,85.706,97.33640289,97.1317310361655,,100.0,,33860.0,,5,False
SOM,2014,"Somalia, Fed. Rep.",Sub-Saharan Africa,Low income,Mogadishu,2.07515,45.3254,429.431656725102,54.442,1.629999995,42.3515167236328,18.595,51.4,0.65,13339491.0,0.048727496423964005,6,True
SOM,2015,"Somalia, Fed. Rep.",Sub-Saharan Africa,Low income,Mogadishu,2.07515,45.3254,445.583080073396,55.056,1.75999999,43.8618107408479,18.495,51.2,0.65,13806963.0,0.047077695507694195,6,True
SOM,2016,"Somalia, Fed. Rep.",Sub-Saharan Africa,Low income,Mogadishu,2.07515,45.3254,460.928490585175,55.283,1.879999995,45.942842729174,18.611,51.1,0.66,14348740.0,0.04599707012601803,6,True
SOM,2017,"Somalia, Fed. Rep.",Sub-Saharan Africa,Low income,Mogadishu,2.07515,45.3254,510.939952317726,52.19,,48.3639630032265,18.455,52.1,0.66,14916629.0,0.04424592178299802,5,False
SOM,2018,"Somalia, Fed. Rep.",Sub-Saharan Africa,Low income,Mogadishu,2.07515,45.3254,509.497273804534,54.767,,50.9506215336872,18.7,50.7,0.69,15452487.0,0.04465300634130933,5,False
SOM,2019,"Somalia, Fed. Rep.",Sub-Saharan Africa,Low income,Mogadishu,2.07515,45.3254,539.954816211694,57.249,2.731400013,51.6421170703225,18.828,49.2,,16030971.0,,6,True
SOM,2020,"Somalia, Fed. Rep.",Sub-Saharan Africa,Low income,Mogadishu,2.07515,45.3254,518.16113333875,57.095,15.02369976,52.286318011754,19.414,49.9,,16651191.0,,6,True
SOM,2021,"Somalia, Fed. Rep.",Sub-Saharan Africa,Low income,Mogadishu,2.07515,45.3254,549.056994756254,55.703,23.87479973,52.9060649733324,19.662,49.3,,17271431.0,,6,True
SOM,2022,"Somalia, Fed. Rep.",Sub-Saharan Africa,Low income,Mogadishu,2.07515,45.3254,573.141165798229,53.931,27.6,53.5010115886789,19.112,48.9,,17801897.0,,6,True
SOM,2023,"Somalia, Fed. Rep.",Sub-Saharan Africa,Low income,Mogadishu,2.07515,45.3254,596.885985135589,58.816,26.12010002,54.0714435506882,18.96,50.3,,18358615.0,,6,True
SRB,2014,Serbia,Europe & Central Asia,Upper middle income,Belgrade,44.8024,20.4656,6886.67809068704,75.3365853658537,62.0750804639377,59.8779373168945,19.223,99.7,38.72,7131787.0,5.4292143049140416,6,True
SRB,2015,Serbia,Europe & Central Asia,Upper middle income,Belgrade,44.8024,20.4656,5820.3215576888,75.2878048780488,65.3170254003801,60.1388092041016,17.66,99.9,45.16,7095383.0,6.3647022296048,6,True
SRB,2016,Serbia,Europe & Central Asia,Upper middle income,Belgrade,44.8024,20.4656,5982.37030126471,75.6878048780488,67.0568413716938,60.3853870034026,15.257,99.9,46.24,7058322.0,6.55113212460412,6,True
SRB,2017,Serbia,Europe & Central Asia,Upper middle income,Belgrade,44.8024,20.4656,6548.03653824187,75.5390243902439,70.3308355269141,60.621208190918,13.477,100.0,46.9,7020858.0,6.680095224828646,6,True
SRB,2018,Serbia,Europe & Central Asia,Upper middle income,Belgrade,44.8024,20.4656,7559.86165747394,75.890243902439,73.360709154564,60.8433609008789,12.733,100.0,45.54,6982604.0,6.521922194069719,6,True
SRB,2019,Serbia,Europe & Central Asia,Upper middle income,Belgrade,44.8024,20.4656,7755.632986437,75.9365853658537,77.4167736219802,61.0492248535156,10.395,99.8,,6945235.0,,6,True
SRB,2020,Serbia,Europe & Central Asia,Upper middle income,Belgrade,44.8024,20.4656,8098.70955668849,74.4780487804878,78.36804864,61.223201751709,9.011,100.0,,6899126.0,,6,True
SRB,2021,Serbia,Europe & Central Asia,Upper middle income,Belgrade,44.8024,20.4656,9680.52798074468,72.780487804878,81.16588116,61.363899230957,9.843,100.0,,6834326.0,,6,True
SRB,2022,Serbia,Europe & Central Asia,Upper middle income,Belgrade,44.8024,20.4656,10024.8191112596,75.2365853658537,83.53825397,61.9013813540396,8.439,100.0,,6664449.0,,6,True
SRB,2023,Serbia,Europe & Central Asia,Upper middle income,Belgrade,44.8024,20.4656,12281.707946167,76.1414634146341,85.35746686,62.1434649229738,8.268,100.0,,6623183.0,,6,True
SSD,2014,South Sudan,Sub-Saharan Africa,Low income,Juba,4.85,31.6,1242.73450181032,45.625,2.599999905,18.5459183719929,12.561,4.3,1.53,11235073.0,0.1361806905927536,6,True
SSD,2015,South Sudan,Sub-Saharan Africa,Low income,Juba,4.85,31.6,1080.14718624765,39.757,3.0,18.8092619601773,12.464,4.8,1.97,11107561.0,0.17735666722874627,6,True
SSD,2016,South Sudan,Sub-Saharan Africa,Low income,Juba,4.85,31.6,,36.72,3.5,19.0769476614377,12.854,5.3,1.73,10830102.0,0.15973995443440883,5,False
SSD,2017,South Sudan,Sub-Saharan Africa,Low income,Juba,4.85,31.6,,35.351,4.1,19.3489927232944,12.983,4.2,1.52,10259154.0,0.14816036487998913,5,False
SSD,2018,South Sudan,Sub-Saharan Africa,Low income,Juba,4.85,31.6,,51.905,4.800000191,19.6254143932663,12.853,6.3,1.38,10122977.0,0.1363235340750058,5,False
SSD,2019,South Sudan,Sub-Saharan Africa,Low income,Juba,4.85,31.6,,58.129,6.671000004,19.9062299188719,12.656,6.8,,10423384.0,,5,False
SSD,2020,South Sudan,Sub-Saharan Africa,Low income,Juba,4.85,31.6,,57.648,,20.1914565476286,14.246,7.3,,10698467.0,,4,False
SSD,2021,South Sudan,Sub-Saharan Africa,Low income,Juba,4.85,31.6,,57.047,,20.4811115270532,13.95,7.7,,10865780.0,,4,False
SSD,2022,South Sudan,Sub-Saharan Africa,Low income,Juba,4.85,31.6,,57.203,,20.7752121046616,12.475,8.4,,11021177.0,,4,False
SSD,2023,South Sudan,Sub-Saharan Africa,Low income,Juba,4.85,31.6,,57.617,,21.0737755279692,12.374,5.4,,11483374.0,,4,False
STP,2014,Sao Tome and Principe,Sub-Saharan Africa,Lower middle income,Sao Tome,0.20618,6.6071,1489.67633417608,65.478,24.40999985,67.2606735229492,11.428,68.6,0.12,196767.0,0.6098583603957981,6,True
STP,2015,Sao Tome and Principe,Sub-Saharan Africa,Lower middle income,Sao Tome,0.20618,6.6071,1298.10946596396,66.023,25.81999969,67.3915710449219,10.591,67.3,0.12,200291.0,0.5991282683695224,6,True
STP,2016,Sao Tome and Principe,Sub-Saharan Africa,Lower middle income,Sao Tome,0.20618,6.6071,1434.87018050521,66.563,28.0,67.5218887329102,9.684,69.4,0.12,203689.0,0.5891334338133134,6,True
STP,2017,Sao Tome and Principe,Sub-Saharan Africa,Lower middle income,Sao Tome,0.20618,6.6071,1555.79477812888,67.074,32.61640167,67.6520004272461,8.808,74.3,0.13,206970.0,0.6281103541576074,6,True
STP,2018,Sao Tome and Principe,Sub-Saharan Africa,Lower middle income,Sao Tome,0.20618,6.6071,1825.59971753966,67.602,37.99380112,67.7828826904297,8.712,71.0,0.14,210187.0,0.6660735440345977,6,True
STP,2019,Sao Tome and Principe,Sub-Saharan Africa,Lower middle income,Sao Tome,0.20618,6.6071,1935.2931816596,68.043,44.25790024,67.9129943847656,8.835,75.1,,213392.0,,6,True
STP,2020,Sao Tome and Principe,Sub-Saharan Africa,Lower middle income,Sao Tome,0.20618,6.6071,2167.22001796925,67.979,51.55469894,68.0436706542969,9.679,76.8,,217435.0,,6,True
STP,2021,Sao Tome and Principe,Sub-Saharan Africa,Lower middle income,Sao Tome,0.20618,6.6071,2362.58827248102,68.026,54.94950104,68.1738967895508,9.563,78.5,,221961.0,,6,True
STP,2022,Sao Tome and Principe,Sub-Saharan Africa,Lower middle income,Sao Tome,0.20618,6.6071,2389.73729784737,69.237,58.56779861,68.3720919798341,8.964,78.0,,226305.0,,6,True
STP,2023,Sao Tome and Principe,Sub-Saharan Africa,Lower middle income,Sao Tome,0.20618,6.6071,2990.6606143535,69.718,58.70130157,68.6043921103568,9.032,81.3,,230871.0,,6,True
SUR,2014,Suriname,Latin America & Caribbean,Upper middle income,Paramaribo,5.8232,-55.1679,9108.18905406764,70.33,40.08000183,66.2249266178037,6.94,94.6,2.64,575373.0,4.588327919453989,6,True
SUR,2015,Suriname,Latin America & Caribbean,Upper middle income,Paramaribo,5.8232,-55.1679,8813.61705392067,70.567,42.76380157,66.1828815074718,7.22,95.0,2.75,581627.0,4.728116129409398,6,True
SUR,2016,Suriname,Latin America & Caribbean,Upper middle income,Paramaribo,5.8232,-55.1679,5644.2061057532,70.979,45.40000153,66.1426466980469,7.917,95.8,2.31,587757.0,3.9301956420765727,6,True
SUR,2017,Suriname,Latin America & Caribbean,Upper middle income,Paramaribo,5.8232,-55.1679,6049.52128553675,71.247,48.94520187,66.1046467051207,7.905,96.6,2.13,593713.0,3.587591984679466,6,True
SUR,2018,Suriname,Latin America & Caribbean,Upper middle income,Paramaribo,5.8232,-55.1679,6665.74180472239,71.468,55.10210037,66.0693060442846,7.817,97.4,2.08,599513.0,3.4694827301493043,6,True
SUR,2019,Suriname,Latin America & Caribbean,Upper middle income,Paramaribo,5.8232,-55.1679,6629.66775248603,71.773,62.03350067,66.0370492311305,7.755,97.9,,605768.0,,6,True
SUR,2020,Suriname,Latin America & Caribbean,Upper middle income,Paramaribo,5.8232,-55.1679,4755.39221710693,72.321,,66.00830078125,8.973,98.4,,612317.0,,5,False
SUR,2021,Suriname,Latin America & Caribbean,Upper middle income,Paramaribo,5.8232,-55.1679,5029.84838543953,68.943,,65.9853973388672,8.706,98.8,,617896.0,,5,False
SUR,2022,Suriname,Latin America & Caribbean,Upper middle income,Paramaribo,5.8232,-55.1679,6084.43876736445,73.254,,65.8985443115234,7.973,99.0,,623164.0,,5,False
SUR,2023,Suriname,Latin America & Caribbean,Upper middle income,Paramaribo,5.8232,-55.1679,5521.97602122638,73.631,87.4,65.7562408447266,7.699,99.6,,628886.0,,6,True
SVK,2014,Slovak Republic,Europe & Central Asia,High income,Bratislava,48.1484,17.1073,18770.9289896545,76.8121951219512,79.9843017656729,54.0029125499893,11.536,100.0,30.45,5418649.0,5.619481904068708,6,True
SVK,2015,Slovak Republic,Europe & Central Asia,High income,Bratislava,48.1484,17.1073,16442.0760860018,76.5634146341463,77.6346820339875,53.8700628001622,11.492,100.0,30.75,5423801.0,5.6694557930868035,6,True
SVK,2016,Slovak Republic,Europe & Central Asia,High income,Bratislava,48.1484,17.1073,16636.0769133073,77.1658536585366,80.475857275668,53.7399327086517,9.679,100.0,31.5,5430798.0,5.800252559568594,6,True
SVK,2017,Slovak Republic,Europe & Central Asia,High income,Bratislava,48.1484,17.1073,17645.5298716761,77.1658536585366,81.6256675172655,53.6126018237016,8.142,100.0,33.58,5439232.0,6.173665693980326,6,True
SVK,2018,Slovak Republic,Europe & Central Asia,High income,Bratislava,48.1484,17.1073,19573.3717031314,77.2658536585366,80.4489224826099,53.4881496935559,6.544,100.0,33.0,5446771.0,6.058635474118519,6,True
SVK,2019,Slovak Republic,Europe & Central Asia,High income,Bratislava,48.1484,17.1073,19406.0589683582,77.6658536585366,82.8536605021784,53.3666558664583,5.761,100.0,,5454147.0,,6,True
SVK,2020,Slovak Republic,Europe & Central Asia,High income,Bratislava,48.1484,17.1073,19735.4858280801,76.8658536585366,89.92090413,53.2481998906526,6.719,100.0,,5458827.0,,6,True
SVK,2021,Slovak Republic,Europe & Central Asia,High income,Bratislava,48.1484,17.1073,22123.3342114545,74.6146341463415,88.92560523,53.1901479870605,6.894,100.0,,5447247.0,,6,True
SVK,2022,Slovak Republic,Europe & Central Asia,High income,Bratislava,48.1484,17.1073,21317.7943982363,76.9658536585366,89.06766196,53.1902831072528,6.143,100.0,,5431752.0,,6,True
SVK,2023,Slovak Republic,Europe & Central Asia,High income,Bratislava,48.1484,17.1073,24614.8734642794,78.119512195122,87.2131343,53.190805019646,5.843,100.0,,5426740.0,,6,True
SVN,2014,Slovenia,Europe & Central Asia,High income,Ljubljana,46.0546,14.5044,24013.0682060959,81.0780487804878,71.5862515855601,50.983470916748,9.668,100.0,13.17,2061980.0,6.387064859988943,6,True
SVN,2015,Slovenia,Europe & Central Asia,High income,Ljubljana,46.0546,14.5044,20697.2748530619,80.7756097560976,73.0986599745829,53.6612160294144,8.962,100.0,13.17,2063531.0,6.3822641869688415,6,True
SVN,2016,Slovenia,Europe & Central Asia,High income,Ljubljana,46.0546,14.5044,21447.8377796036,81.1756097560976,75.4985042610791,53.647274017334,8.0,100.0,13.93,2065042.0,6.745625512701436,6,True
SVN,2017,Slovenia,Europe & Central Asia,High income,Ljubljana,46.0546,14.5044,23303.077705959,81.0292682926829,78.8854263554775,55.2451133728027,6.564,100.0,14.14,2066388.0,6.8428581660365815,6,True
SVN,2018,Slovenia,Europe & Central Asia,High income,Ljubljana,46.0546,14.5044,25888.0481065655,81.3780487804878,79.7499765956562,55.1913430955675,5.108,100.0,14.05,2073894.0,6.774695331583967,6,True
SVN,2019,Slovenia,Europe & Central Asia,High income,Ljubljana,46.0546,14.5044,25814.1687167572,81.5292682926829,83.1083578026717,55.4523277282715,4.446,100.0,,2088385.0,,6,True
SVN,2020,Slovenia,Europe & Central Asia,High income,Ljubljana,46.0546,14.5044,25392.0651093612,80.5317073170732,86.60130109,55.384391784668,4.971,100.0,,2102419.0,,6,True
SVN,2021,Slovenia,Europe & Central Asia,High income,Ljubljana,46.0546,14.5044,29192.8401933019,80.6756097560976,89.00399524,55.3046289429588,4.744,100.0,,2108079.0,,6,True
SVN,2022,Slovenia,Europe & Central Asia,High income,Ljubljana,46.0546,14.5044,28360.3041467268,81.2829268292683,88.91248552,55.3377817873563,4.011,100.0,,2112076.0,,6,True
SVN,2023,Slovenia,Europe & Central Asia,High income,Ljubljana,46.0546,14.5044,32660.4753581346,81.9292682926829,90.37794678,55.5378927789875,3.652,100.0,,2120461.0,,6,True
SWE,2014,Sweden,Europe & Central Asia,High income,Stockholm,59.3327,18.0645,59583.4584491714,82.2536585365854,92.5236065037579,86.2563838747314,7.954,100.0,39.1,9696110.0,4.032545010318571,6,True
SWE,2015,Sweden,Europe & Central Asia,High income,Stockholm,59.3327,18.0645,51188.1652120493,82.2048780487805,90.6101966398616,86.6158654081858,7.432,100.0,39.2,9799186.0,4.0003322724969195,6,True
SWE,2016,Sweden,Europe & Central Asia,High income,Stockholm,59.3327,18.0645,51703.5088332851,82.3073170731707,89.6509476102355,87.0,6.99,100.0,38.79,9923085.0,3.909066585643477,6,True
SWE,2017,Sweden,Europe & Central Asia,High income,Stockholm,59.3327,18.0645,53210.2233318965,82.409756097561,93.0062669652127,87.237373786911,6.718,100.0,38.33,10057698.0,3.811011227420032,6,True
SWE,2018,Sweden,Europe & Central Asia,High income,Stockholm,59.3327,18.0645,54018.4554391861,82.5585365853659,89.2469631588137,87.4737430925296,6.365,100.0,36.0,10175214.0,3.538009126884211,6,True
SWE,2019,Sweden,Europe & Central Asia,High income,Stockholm,59.3327,18.0645,51648.9892820514,83.109756097561,94.4934434072202,87.7088420242759,6.833,100.0,,10278887.0,,6,True
SWE,2020,Sweden,Europe & Central Asia,High income,Stockholm,59.3327,18.0645,52568.5726980146,82.3560975609756,94.53943122,87.9424046895699,8.291,100.0,,10353442.0,,6,True
SWE,2021,Sweden,Europe & Central Asia,High income,Stockholm,59.3327,18.0645,60647.5416365347,83.0560975609756,94.6703163,88.1741651958315,8.803,100.0,,10415811.0,,6,True
SWE,2022,Sweden,Europe & Central Asia,High income,Stockholm,59.3327,18.0645,54836.8907235124,83.0585365853659,95.00970335,88.4038576504809,7.417,100.0,,10486941.0,,6,True
SWE,2023,Sweden,Europe & Central Asia,High income,Stockholm,59.3327,18.0645,54950.2834725622,83.309756097561,95.70327461,88.631216160938,7.611,100.0,,10536632.0,,6,True
SWZ,2014,Eswatini,Sub-Saharan Africa,Lower middle income,Mbabane,-26.5225,31.4659,3771.07228381938,53.491,25.0,23.026850446568,23.931,65.0,0.96,1136299.0,0.8448480549573659,6,True
SWZ,2015,Eswatini,Sub-Saharan Africa,Lower middle income,Mbabane,-26.5225,31.4659,3419.82276559528,54.941,25.64299965,23.2660261759632,23.431,64.1,1.03,1142813.0,0.9012848121258683,6,True
SWZ,2016,Eswatini,Sub-Saharan Africa,Lower middle income,Mbabane,-26.5225,31.4659,3238.17611961364,56.228,28.56999969,23.5278881746356,22.718,63.4,1.23,1149507.0,1.0700239319986742,6,True
SWZ,2017,Eswatini,Sub-Saharan Africa,Lower middle income,Mbabane,-26.5225,31.4659,3853.09956569679,57.574,35.33160019,23.8052004963161,24.543,73.5,1.04,1158195.0,0.8979489636891888,6,True
SWZ,2018,Eswatini,Sub-Saharan Africa,Lower middle income,Mbabane,-26.5225,31.4659,3972.65450620357,58.707,39.38100052,24.0579295404227,26.471,74.0,1.09,1168929.0,0.9324775071882039,6,True
SWZ,2019,Eswatini,Sub-Saharan Africa,Lower middle income,Mbabane,-26.5225,31.4659,3913.14577547336,59.85,43.93389893,24.3459549517751,28.222,77.0,,1179874.0,,6,True
SWZ,2020,Eswatini,Sub-Saharan Africa,Lower middle income,Mbabane,-26.5225,31.4659,3466.56936278145,59.862,49.01300049,24.6652798922192,32.978,80.0,,1192729.0,,6,True
SWZ,2021,Eswatini,Sub-Saharan Africa,Lower middle income,Mbabane,-26.5225,31.4659,3984.00229174306,58.228,53.99530029,25.0156180525173,34.153,82.9,,1206593.0,,6,True
SWZ,2022,Eswatini,Sub-Saharan Africa,Lower middle income,Mbabane,-26.5225,31.4659,3894.1620089869,63.028,57.34370041,25.396682918542,36.472,82.3,,1218917.0,,6,True
SWZ,2023,Eswatini,Sub-Saharan Africa,Lower middle income,Mbabane,-26.5225,31.4659,3755.52111232464,64.123,61.33330154,25.8081878500755,34.61,86.4,,1230506.0,,6,True
SXM,2014,Sint Maarten (Dutch part),Latin America & Caribbean,High income,Philipsburg,,,37134.912423099,75.735,,100.0,,100.0,,36672.0,,4,False
SXM,2015,Sint Maarten (Dutch part),Latin America & Caribbean,High income,Philipsburg,,,37839.6283815163,75.899,,100.0,,100.0,,37471.0,,4,False
SXM,2016,Sint Maarten (Dutch part),Latin America & Caribbean,High income,Philipsburg,,,37308.6147795736,75.952,,100.0,,100.0,,38249.0,,4,False
SXM,2017,Sint Maarten (Dutch part),Latin America & Caribbean,High income,Philipsburg,,,34701.3058494468,75.455,,100.0,,100.0,,38996.0,,4,False
SXM,2018,Sint Maarten (Dutch part),Latin America & Caribbean,High income,Philipsburg,,,31708.3110124742,75.693,,100.0,,100.0,,39712.0,,4,False
SXM,2019,Sint Maarten (Dutch part),Latin America & Caribbean,High income,Philipsburg,,,34861.469528968,75.68,,100.0,,100.0,,40385.0,,4,False
SXM,2020,Sint Maarten (Dutch part),Latin America & Caribbean,High income,Philipsburg,,,30150.8998380477,75.002,,100.0,,100.0,,41008.0,,4,False
SXM,2021,Sint Maarten (Dutch part),Latin America & Caribbean,High income,Philipsburg,,,32548.4366854902,74.505,,100.0,,100.0,,41571.0,,4,False
SXM,2022,Sint Maarten (Dutch part),Latin America & Caribbean,High income,Philipsburg,,,37793.1284399157,76.18,,100.0,,100.0,,42139.0,,4,False
SXM,2023,Sint Maarten (Dutch part),Latin America & Caribbean,High income,Philipsburg,,,39451.8223361963,76.371,,100.0,,100.0,,42749.0,,4,False
SYC,2014,Seychelles,Sub-Saharan Africa,High income,Victoria,-4.6309,55.4466,15188.1902175113,73.2292682926829,51.25469971,42.9386256186342,,100.0,0.46,91359.0,5.035081382239298,5,False
SYC,2015,Seychelles,Sub-Saharan Africa,High income,Victoria,-4.6309,55.4466,15333.1051727105,74.2951219512195,54.25960159,43.094803568632,,100.0,0.5,93419.0,5.352230274355324,5,False
SYC,2016,Seychelles,Sub-Saharan Africa,High income,Victoria,-4.6309,55.4466,16566.9946042294,74.309756097561,56.51470184,43.2815632531296,,100.0,0.54,94677.0,5.7036027757533505,5,False
SYC,2017,Seychelles,Sub-Saharan Africa,High income,Victoria,-4.6309,55.4466,17480.3651911372,74.3,62.55310059,43.4968644410824,,100.0,0.59,95843.0,6.155900796093611,5,False
SYC,2018,Seychelles,Sub-Saharan Africa,High income,Victoria,-4.6309,55.4466,18440.2340460932,72.8414634146341,69.23660278,43.7386669014459,,100.0,0.62,96762.0,6.407474008391724,5,False
SYC,2019,Seychelles,Sub-Saharan Africa,High income,Victoria,-4.6309,55.4466,19141.5118743615,74.0463414634146,76.63420105,44.0049304031754,,100.0,,97625.0,,5,False
SYC,2020,Seychelles,Sub-Saharan Africa,High income,Victoria,-4.6309,55.4466,14041.4754074575,77.2365853658537,79.25170135,44.2936147152263,,100.0,,98462.0,,5,False
SYC,2021,Seychelles,Sub-Saharan Africa,High income,Victoria,-4.6309,55.4466,14982.9111487767,73.3975609756097,81.99530029,44.6026796065539,,100.0,,99258.0,,5,False
SYC,2022,Seychelles,Sub-Saharan Africa,High income,Victoria,-4.6309,55.4466,16836.6721895387,74.509756097561,84.83380127,44.9108209981157,,100.0,,119878.0,,5,False
SYC,2023,Seychelles,Sub-Saharan Africa,High income,Victoria,-4.6309,55.4466,18262.7115849287,75.419512195122,86.001297,45.0971081321658,,100.0,,119773.0,,5,False
SYR,2014,Syrian Arab Republic,"Middle East, North Africa, Afghanistan & Pakistan",Low income,Damascus,33.5146,36.3119,1060.59105886854,65.492,28.09000015,76.0,14.782,90.2,27.07,20273659.0,1.335230113123635,6,True
SYR,2015,Syrian Arab Republic,"Middle East, North Africa, Afghanistan & Pakistan",Low income,Damascus,33.5146,36.3119,847.731631942565,63.265,29.97979927,75.7529067188542,14.244,90.0,26.04,19424618.0,1.3405669032976608,6,True
SYR,2016,Syrian Arab Republic,"Middle East, North Africa, Afghanistan & Pakistan",Low income,Damascus,33.5146,36.3119,656.3490586313,65.19,31.8696003,75.15400963398,13.798,89.8,26.46,19193834.0,1.3785677212796568,6,True
SYR,2017,Syrian Arab Republic,"Middle East, North Africa, Afghanistan & Pakistan",Low income,Damascus,33.5146,36.3119,851.502005254153,65.651,32.70000076,74.5395596323392,13.603,89.6,29.1,19224668.0,1.5136802362464725,6,True
SYR,2018,Syrian Arab Republic,"Middle East, North Africa, Afghanistan & Pakistan",Low income,Damascus,33.5146,36.3119,1098.0668642357,67.371,33.77000046,74.0612602381775,13.505,86.0,27.91,19577845.0,1.4255910188276595,6,True
SYR,2019,Syrian Arab Republic,"Middle East, North Africa, Afghanistan & Pakistan",Low income,Damascus,33.5146,36.3119,1109.53926036049,70.97,,73.8248788261986,13.369,89.2,,20353534.0,,5,False
SYR,2020,Syrian Arab Republic,"Middle East, North Africa, Afghanistan & Pakistan",Low income,Damascus,33.5146,36.3119,572.355289831901,71.944,,73.4125031102512,15.179,89.0,,21049429.0,,5,False
SYR,2021,Syrian Arab Republic,"Middle East, North Africa, Afghanistan & Pakistan",Low income,Damascus,33.5146,36.3119,663.614245706815,72.418,,73.0125007629395,14.887,88.8,,21628839.0,,5,False
SYR,2022,Syrian Arab Republic,"Middle East, North Africa, Afghanistan & Pakistan",Low income,Damascus,33.5146,36.3119,1051.67149587463,72.79,,72.6124992370605,13.245,89.0,,22462173.0,,5,False
SYR,2023,Syrian Arab Republic,"Middle East, North Africa, Afghanistan & Pakistan",Low income,Damascus,33.5146,36.3119,,72.12,,72.1673803143204,13.27,88.4,,23594623.0,,4,False
TCA,2014,Turks and Caicos Islands,Latin America & Caribbean,High income,Grand Turk,21.4602778,-71.141389,27292.5820256776,77.212,,91.5971200472541,,100.0,,35050.0,,4,False
TCA,2015,Turks and Caicos Islands,Latin America & Caribbean,High income,Grand Turk,21.4602778,-71.141389,29457.0140691162,77.321,,91.8737937193851,,100.0,,36605.0,,4,False
TCA,2016,Turks and Caicos Islands,Latin America & Caribbean,High income,Grand Turk,21.4602778,-71.141389,31373.5612684327,77.437,,92.1466904484552,,100.0,,38315.0,,4,False
TCA,2017,Turks and Caicos Islands,Latin America & Caribbean,High income,Grand Turk,21.4602778,-71.141389,30014.2309523213,77.505,,92.4155868799755,,100.0,,39913.0,,4,False
TCA,2018,Turks and Caicos Islands,Latin America & Caribbean,High income,Grand Turk,21.4602778,-71.141389,31625.616593277,77.596,,92.6802596594323,,100.0,,41559.0,,4,False
TCA,2019,Turks and Caicos Islands,Latin America & Caribbean,High income,Grand Turk,21.4602778,-71.141389,31780.5217068989,77.691,,92.9404854322845,,100.0,,43166.0,,4,False
TCA,2020,Turks and Caicos Islands,Latin America & Caribbean,High income,Grand Turk,21.4602778,-71.141389,20690.9160546118,77.499,,93.1960408439605,,99.4,,44386.0,,4,False
TCA,2021,Turks and Caicos Islands,Latin America & Caribbean,High income,Grand Turk,21.4602778,-71.141389,27329.2885087196,77.234,,93.4467025398547,,100.0,,45243.0,,4,False
TCA,2022,Turks and Caicos Islands,Latin America & Caribbean,High income,Grand Turk,21.4602778,-71.141389,31280.5418020808,77.918,,93.6922471653237,,99.9,,45847.0,,4,False
TCA,2023,Turks and Caicos Islands,Latin America & Caribbean,High income,Grand Turk,21.4602778,-71.141389,35470.2151608295,78.008,,93.9324513656818,,100.0,,46198.0,,4,False
TCD,2014,Chad,Sub-Saharan Africa,Low income,N'Djamena,12.1048,15.0445,1278.78981422494,51.141,2.900000095,22.5294513486009,0.984,8.4,0.94,14188678.0,0.0662500058144952,6,True
TCD,2015,Chad,Sub-Saharan Africa,Low income,N'Djamena,12.1048,15.0445,993.990730610869,51.32,3.5,22.8011258828974,1.032,7.7,0.97,14647621.0,0.06622235788323579,6,True
TCD,2016,Chad,Sub-Saharan Africa,Low income,N'Djamena,12.1048,15.0445,861.831767630746,51.603,5.800000191,23.1119734707179,1.091,9.2,1.02,15114655.0,0.06748417347269918,6,True
TCD,2017,Chad,Sub-Saharan Africa,Low income,N'Djamena,12.1048,15.0445,854.46120040098,51.875,6.351900101,23.461349471105,1.132,10.9,1.02,15622759.0,0.06528936406175119,6,True
TCD,2018,Chad,Sub-Saharan Africa,Low income,N'Djamena,12.1048,15.0445,948.656629871231,52.447,6.956299782,23.8486084924975,1.135,10.1,1.07,16156531.0,0.06622708798070576,6,True
TCD,2019,Chad,Sub-Saharan Africa,Low income,N'Djamena,12.1048,15.0445,893.336441643325,52.993,7.618199825,24.2731047386633,1.077,8.4,,16685223.0,,6,True
TCD,2020,Chad,Sub-Saharan Africa,Low income,N'Djamena,12.1048,15.0445,866.947814890409,53.082,8.343099594,24.7341921795416,1.695,10.9,,17224679.0,,6,True
TCD,2021,Chad,Sub-Saharan Africa,Low income,N'Djamena,12.1048,15.0445,946.358500208374,53.136,9.653699875,25.2312246423075,1.53,11.3,,17828273.0,,6,True
TCD,2022,Chad,Sub-Saharan Africa,Low income,N'Djamena,12.1048,15.0445,966.036468278568,54.528,11.17029953,25.7635558629694,1.081,11.7,,18455316.0,,6,True
TCD,2023,Chad,Sub-Saharan Africa,Low income,N'Djamena,12.1048,15.0445,949.333453674592,55.069,12.03590012,26.3305395171046,1.059,12.0,,19319064.0,,6,True
TGO,2014,Togo,Sub-Saharan Africa,Low income,Lome,6.1228,1.2255,855.584809246574,58.776,5.699999809,39.2839506458368,2.141,45.7,1.59,7472450.0,0.21278161780941993,6,True
TGO,2015,Togo,Sub-Saharan Africa,Low income,Lome,6.1228,1.2255,751.051987587248,59.23,7.119999886,39.7162551272934,2.204,44.7,1.82,7663195.0,0.23749885002273854,6,True
TGO,2016,Togo,Sub-Saharan Africa,Low income,Lome,6.1228,1.2255,772.581357620609,59.677,11.31000042,40.1485878279739,2.968,46.8,2.3,7858289.0,0.29268457802964487,6,True
TGO,2017,Togo,Sub-Saharan Africa,Low income,Lome,6.1228,1.2255,792.765700965864,60.145,12.3602249692905,40.5809463430719,3.744,48.0,2.07,8057140.0,0.25691498472162577,6,True
TGO,2018,Togo,Sub-Saharan Africa,Low income,Lome,6.1228,1.2255,851.120561233595,60.608,15.5,41.013328267781,2.9,50.0,2.26,8258778.0,0.27364823222031154,6,True
TGO,2019,Togo,Sub-Saharan Africa,Low income,Lome,6.1228,1.2255,826.255209019798,61.061,20.72730064,41.445731197295,2.036,52.5,,8463068.0,,6,True
TGO,2020,Togo,Sub-Saharan Africa,Low income,Lome,6.1228,1.2255,863.468665870276,61.14,29.02370071,41.8781527268075,2.231,54.1,,8669720.0,,6,True
TGO,2021,Togo,Sub-Saharan Africa,Low income,Lome,6.1228,1.2255,962.075187515872,61.337,30.33839989,42.3105904515122,2.344,55.7,,8878379.0,,6,True
TGO,2022,Togo,Sub-Saharan Africa,Low income,Lome,6.1228,1.2255,951.232378690387,62.292,35.60749817,42.7332327975627,1.965,57.2,,9089738.0,,6,True
TGO,2023,Togo,Sub-Saharan Africa,Low income,Lome,6.1228,1.2255,1055.01727877926,62.74,37.57020187,43.2496853032436,1.942,59.2,,9304337.0,,6,True
THA,2014,Thailand,East Asia & Pacific,Upper middle income,Bangkok,13.7308,100.521,5801.1978916205,76.279,34.8860535783465,46.3138799467897,0.576,99.5,258.66,70216367.0,3.683756523603678,6,True
THA,2015,Thailand,East Asia & Pacific,Upper middle income,Bangkok,13.7308,100.521,5688.85335397884,76.563,39.3161267365004,46.9521043776171,0.597,99.6,263.08,70540795.0,3.7294731367856,6,True
THA,2016,Thailand,East Asia & Pacific,Upper middle income,Bangkok,13.7308,100.521,5833.57715617098,76.769,47.5049656215909,47.8801095551247,0.688,99.9,260.72,70859841.0,3.679376023437592,6,True
THA,2017,Thailand,East Asia & Pacific,Upper middle income,Bangkok,13.7308,100.521,6413.09182530343,76.989,52.8919293439676,49.2311973571777,0.83,99.9,260.66,71160187.0,3.6630033026754134,6,True
THA,2018,Thailand,East Asia & Pacific,Upper middle income,Bangkok,13.7308,100.521,7099.77650081458,77.19,56.8174809301456,54.5843734741211,0.765,99.8,257.86,71376079.0,3.612694947840999,6,True
THA,2019,Thailand,East Asia & Pacific,Upper middle income,Bangkok,13.7308,100.521,7605.69657797759,77.197,66.6524194587528,55.9266166687012,0.716,99.9,,71522271.0,,6,True
THA,2020,Thailand,East Asia & Pacific,Upper middle income,Bangkok,13.7308,100.521,6985.64393892574,77.331,77.84374066,57.2358779907227,1.099,100.0,,71641484.0,,6,True
THA,2021,Thailand,East Asia & Pacific,Upper middle income,Bangkok,13.7308,100.521,7057.20754802279,77.606,85.26956666,58.5087776184082,1.215,100.0,,71727332.0,,6,True
THA,2022,Thailand,East Asia & Pacific,Upper middle income,Bangkok,13.7308,100.521,6909.35281815827,75.291,87.97724503,59.742374420166,0.94,99.9,,71735329.0,,6,True
THA,2023,Thailand,East Asia & Pacific,Upper middle income,Bangkok,13.7308,100.521,7195.10130919449,76.412,89.53525238,60.9341926574707,0.733,100.0,,71702435.0,,6,True
TJK,2014,Tajikistan,Europe & Central Asia,Lower middle income,Dushanbe,38.5878,68.7864,1081.54402932039,69.697,17.48999977,26.5633735656738,7.024,99.1,4.47,8425552.0,0.5305290383348177,6,True
TJK,2015,Tajikistan,Europe & Central Asia,Lower middle income,Dushanbe,38.5878,68.7864,956.916310930656,69.665,18.97999954,26.478832244873,7.033,98.0,4.76,8643840.0,0.5506811787353769,6,True
TJK,2016,Tajikistan,Europe & Central Asia,Lower middle income,Dushanbe,38.5878,68.7864,788.710481734485,69.982,20.46999931,26.3718509674072,7.036,99.3,5.96,8865631.0,0.672258974008731,6,True
TJK,2017,Tajikistan,Europe & Central Asia,Lower middle income,Dushanbe,38.5878,68.7864,829.45714764957,70.524,21.95999908,26.2731513977051,7.035,99.3,6.37,9085946.0,0.7010827491160524,6,True
TJK,2018,Tajikistan,Europe & Central Asia,Lower middle income,Dushanbe,38.5878,68.7864,834.288404578801,70.737,32.59999847,26.2338752746582,7.028,99.3,7.33,9307333.0,0.7875510632315401,6,True
TJK,2019,Tajikistan,Europe & Central Asia,Lower middle income,Dushanbe,38.5878,68.7864,871.022372934846,70.962,22.68630028,26.1300735473633,7.026,99.4,,9529966.0,,6,True
TJK,2020,Tajikistan,Europe & Central Asia,Lower middle income,Dushanbe,38.5878,68.7864,834.311715460625,68.605,27.54409981,26.1925442328719,7.576,99.5,,9749310.0,,6,True
TJK,2021,Tajikistan,Europe & Central Asia,Lower middle income,Dushanbe,38.5878,68.7864,896.748053372182,69.594,36.70560074,26.1991525151375,7.687,99.6,,9966908.0,,6,True
TJK,2022,Tajikistan,Europe & Central Asia,Lower middle income,Dushanbe,38.5878,68.7864,1052.17949484894,71.562,48.91429901,26.1957126615618,7.051,100.0,,10182222.0,,6,True
TJK,2023,Tajikistan,Europe & Central Asia,Lower middle income,Dushanbe,38.5878,68.7864,1178.47990060249,71.79,54.41550064,26.1890127571429,7.037,100.0,,10389799.0,,6,True
TKM,2014,Turkmenistan,Europe & Central Asia,Upper middle income,Ashgabat,37.9509,58.3794,7164.14536184006,69.001,12.19999981,46.9954085410955,4.005,100.0,69.49,6075283.0,11.43815028863676,6,True
TKM,2015,Turkmenistan,Europe & Central Asia,Upper middle income,Ashgabat,37.9509,58.3794,5759.497903834,69.061,14.99680042,47.0100189007695,4.016,100.0,72.08,6215770.0,11.596310674301012,6,True
TKM,2016,Turkmenistan,Europe & Central Asia,Upper middle income,Ashgabat,37.9509,58.3794,5686.98040962764,69.142,17.99029922,47.0227025249994,4.026,100.0,72.02,6360041.0,11.323826371559555,6,True
TKM,2017,Turkmenistan,Europe & Central Asia,Upper middle income,Ashgabat,37.9509,58.3794,5828.4816623489,69.19,,47.0334857399476,4.035,100.0,71.96,6507061.0,11.058756019038395,5,False
TKM,2018,Turkmenistan,Europe & Central Asia,Upper middle income,Ashgabat,37.9509,58.3794,6125.05169712085,69.272,,47.0423948717765,4.036,100.0,71.73,6655524.0,10.777513536124278,5,False
TKM,2019,Turkmenistan,Europe & Central Asia,Upper middle income,Ashgabat,37.9509,58.3794,5998.0017434754,69.405,,47.0494562466485,4.035,99.9,,6803944.0,,5,False
TKM,2020,Turkmenistan,Europe & Central Asia,Upper middle income,Ashgabat,37.9509,58.3794,5972.72356566861,68.846,,47.0546961907259,4.489,100.0,,6949912.0,,5,False
TKM,2021,Turkmenistan,Europe & Central Asia,Upper middle income,Ashgabat,37.9509,58.3794,5723.30227157906,69.353,,47.0581410301711,4.458,100.0,,7092043.0,,5,False
TKM,2022,Turkmenistan,Europe & Central Asia,Upper middle income,Ashgabat,37.9509,58.3794,5837.84224538947,69.913,,47.0592103414926,4.017,100.0,,7230193.0,,5,False
TKM,2023,Turkmenistan,Europe & Central Asia,Upper middle income,Ashgabat,37.9509,58.3794,6231.91323839698,70.073,,47.0678875054171,4.007,100.0,,7364438.0,,5,False
TLS,2014,Timor-Leste,East Asia & Pacific,Lower middle income,Dili,-8.56667,125.567,1224.74956308733,65.027,17.5,29.5463092024041,3.618,62.4,0.53,1181903.0,0.44842935503167347,6,True
TLS,2015,Timor-Leste,East Asia & Pacific,Lower middle income,Dili,-8.56667,125.567,1319.59295003154,65.326,18.60000038,29.5043315008419,3.678,67.3,0.61,1205131.0,0.5061690388845694,6,True
TLS,2016,Timor-Leste,East Asia & Pacific,Lower middle income,Dili,-8.56667,125.567,1335.54391073349,65.61,21.20000076,29.4462907628171,4.657,76.5,0.69,1228312.0,0.5617465269410378,6,True
TLS,2017,Timor-Leste,East Asia & Pacific,Lower middle income,Dili,-8.56667,125.567,1266.17771143471,65.898,24.20000076,29.3600996787092,4.254,79.5,0.6,1251703.0,0.47934693773203385,6,True
TLS,2018,Timor-Leste,East Asia & Pacific,Lower middle income,Dili,-8.56667,125.567,1219.46599728983,66.204,27.60000038,29.248617510057,3.765,85.2,0.64,1275959.0,0.5015835148308057,6,True
TLS,2019,Timor-Leste,East Asia & Pacific,Lower middle income,Dili,-8.56667,125.567,1562.36458068032,66.496,28.00460052,29.1148755245217,3.148,90.6,,1300945.0,,6,True
TLS,2020,Timor-Leste,East Asia & Pacific,Lower middle income,Dili,-8.56667,125.567,1630.86938521256,66.919,32.01269913,28.9619049897647,2.808,96.0,,1326053.0,,6,True
TLS,2021,Timor-Leste,East Asia & Pacific,Lower middle income,Dili,-8.56667,125.567,2684.92676774277,66.199,35.04199982,28.7927371734472,2.344,100.0,,1350139.0,,6,True
TLS,2022,Timor-Leste,East Asia & Pacific,Lower middle income,Dili,-8.56667,125.567,2343.24954740187,67.368,,28.5857292288968,1.537,99.7,,1369295.0,,5,False
TLS,2023,Timor-Leste,East Asia & Pacific,Lower middle income,Dili,-8.56667,125.567,1502.41147438211,67.689,,28.595471832952,1.525,100.0,,1384286.0,,5,False
TON,2014,Tonga,East Asia & Pacific,Upper middle income,Nuku'alofa,-21.136,-175.216,4136.59013792529,71.721,35.95439911,23.3431040935971,1.914,95.9,0.11,106609.0,1.031807821103284,6,True
TON,2015,Tonga,East Asia & Pacific,Upper middle income,Nuku'alofa,-21.136,-175.216,4123.90323993332,71.851,38.65129852,23.2434422818439,2.022,100.0,0.11,106095.0,1.0368066355624677,6,True
TON,2016,Tonga,East Asia & Pacific,Upper middle income,Nuku'alofa,-21.136,-175.216,3987.98626206287,71.951,39.95000076,23.1277038505921,2.048,97.0,0.15,105524.0,1.4214775785603275,6,True
TON,2017,Tonga,East Asia & Pacific,Upper middle income,Nuku'alofa,-21.136,-175.216,4365.92932788383,72.066,46.20080185,22.9711300654966,2.137,98.2,0.18,105356.0,1.7084931090777933,6,True
TON,2018,Tonga,East Asia & Pacific,Upper middle income,Nuku'alofa,-21.136,-175.216,4675.04791274385,72.169,48.80789948,22.7017138925547,2.248,99.0,0.19,105567.0,1.7998048632621937,6,True
TON,2019,Tonga,East Asia & Pacific,Upper middle income,Nuku'alofa,-21.136,-175.216,4788.83342304684,72.292,51.56299973,22.3288155626206,2.165,98.4,,105669.0,,6,True
TON,2020,Tonga,East Asia & Pacific,Upper middle income,Nuku'alofa,-21.136,-175.216,4792.35854741522,72.379,54.47370148,21.8766206823411,2.712,99.9,,105704.0,,6,True
TON,2021,Tonga,East Asia & Pacific,Upper middle income,Nuku'alofa,-21.136,-175.216,4922.80171378368,72.13,57.549,21.258003897665,2.111,100.0,,105490.0,,6,True
TON,2022,Tonga,East Asia & Pacific,Upper middle income,Nuku'alofa,-21.136,-175.216,5298.01941509951,72.635,61.60739899,21.147219451842,2.002,100.0,,105042.0,,6,True
TON,2023,Tonga,East Asia & Pacific,Upper middle income,Nuku'alofa,-21.136,-175.216,5651.59373063157,72.895,64.13140106,21.147944541337,1.652,100.0,,104597.0,,6,True
TTO,2014,Trinidad and Tobago,Latin America & Caribbean,High income,Port-of-Spain,10.6596,-61.4789,21908.3014555644,72.898,62.40000153,53.9259699537793,2.477,100.0,21.92,1345343.0,16.293242689782456,6,True
TTO,2015,Trinidad and Tobago,Latin America & Caribbean,High income,Port-of-Spain,10.6596,-61.4789,19887.2327716498,72.882,65.09999847,53.926665238022,2.428,100.0,21.26,1349667.0,15.752033649781762,6,True
TTO,2016,Trinidad and Tobago,Latin America & Caribbean,High income,Port-of-Spain,10.6596,-61.4789,17449.1538801956,72.935,67.80000305,53.9277523084951,3.207,100.0,18.23,1353895.0,13.464855103239174,6,True
TTO,2017,Trinidad and Tobago,Latin America & Caribbean,High income,Port-of-Spain,10.6596,-61.4789,17566.0999700656,72.984,70.59999847,53.9293186833833,3.389,100.0,18.19,1356633.0,13.408195141943326,6,True
TTO,2018,Trinidad and Tobago,Latin America & Caribbean,High income,Port-of-Spain,10.6596,-61.4789,17571.498737278,72.658,72.76029968,53.9314518934907,3.497,100.0,17.76,1359193.0,13.066577005620246,6,True
TTO,2019,Trinidad and Tobago,Latin America & Caribbean,High income,Port-of-Spain,10.6596,-61.4789,17212.6128892163,72.836,74.98670197,53.9342394732739,3.523,100.0,,1363985.0,,6,True
TTO,2020,Trinidad and Tobago,Latin America & Caribbean,High income,Port-of-Spain,10.6596,-61.4789,15283.6270531554,72.645,77.28130341,53.9377689584806,4.206,100.0,,1366725.0,,6,True
TTO,2021,Trinidad and Tobago,Latin America & Caribbean,High income,Port-of-Spain,10.6596,-61.4789,17712.5674104655,71.111,84.36576986,53.9421278853848,4.446,100.0,,1367558.0,,6,True
TTO,2022,Trinidad and Tobago,Latin America & Caribbean,High income,Port-of-Spain,10.6596,-61.4789,20750.5202434652,73.331,81.69760132,53.9474037904998,4.383,100.0,,1365805.0,,6,True
TTO,2023,Trinidad and Tobago,Latin America & Caribbean,High income,Port-of-Spain,10.6596,-61.4789,18308.4536298575,73.49,81.9681015,53.9536842104572,3.361,98.7,,1367510.0,,6,True
TUN,2014,Tunisia,"Middle East, North Africa, Afghanistan & Pakistan",Lower middle income,Tunis,36.7899,10.21,4458.97895464547,74.784,46.15999985,67.7524643379101,14.259,99.8,28.83,11274288.0,2.557145959017545,6,True
TUN,2015,Tunisia,"Middle East, North Africa, Afghanistan & Pakistan",Lower middle income,Tunis,36.7899,10.21,4014.94773686432,74.875,46.4999943435776,67.8807907104492,15.159,99.9,29.67,11402264.0,2.6021148080767116,6,True
TUN,2016,Tunisia,"Middle East, North Africa, Afghanistan & Pakistan",Lower middle income,Tunis,36.7899,10.21,3847.80354448809,75.007,49.5999948415756,68.0623356528248,15.557,100.0,28.99,11528674.0,2.5145996842308143,6,True
TUN,2017,Tunisia,"Middle East, North Africa, Afghanistan & Pakistan",Lower middle income,Tunis,36.7899,10.21,3619.03247319953,75.177,55.5001550633671,68.2877807617188,15.33,100.0,29.89,11650498.0,2.5655555668092473,6,True
TUN,2018,Tunisia,"Middle East, North Africa, Afghanistan & Pakistan",Lower middle income,Tunis,36.7899,10.21,3628.10366464236,75.37,64.1908102327387,68.5485240272509,15.459,99.8,29.98,11765514.0,2.548124969295859,6,True
TUN,2019,Tunisia,"Middle East, North Africa, Afghanistan & Pakistan",Lower middle income,Tunis,36.7899,10.21,3528.87213306798,75.599,66.6999983024144,68.8206382576031,17.153,100.0,,11875081.0,,6,True
TUN,2020,Tunisia,"Middle East, North Africa, Afghanistan & Pakistan",Lower middle income,Tunis,36.7899,10.21,3548.65363663803,75.004,68.55639648,69.1043166438476,17.651,99.9,,11974057.0,,6,True
TUN,2021,Tunisia,"Middle East, North Africa, Afghanistan & Pakistan",Lower middle income,Tunis,36.7899,10.21,3906.93926319391,72.893,68.31552226,69.3997523770568,16.632,99.9,,12048622.0,,6,True
TUN,2022,Tunisia,"Middle East, North Africa, Afghanistan & Pakistan",Lower middle income,Tunis,36.7899,10.21,3707.29283414381,76.05,,69.707138648303,15.3,100.0,,12119334.0,,5,False
TUN,2023,Tunisia,"Middle East, North Africa, Afghanistan & Pakistan",Lower middle income,Tunis,36.7899,10.21,3951.11683376921,76.508,,70.0266686486584,15.106,100.0,,12200431.0,,5,False
TUR,2014,Turkiye,Europe & Central Asia,Upper middle income,Ankara,39.7153,32.3606,12209.3862327674,76.452,51.0373665521645,83.6024850744433,9.901,100.0,340.64,77181884.0,4.4134709124229206,6,True
TUR,2015,Turkiye,Europe & Central Asia,Upper middle income,Ankara,39.7153,32.3606,11064.6494504662,76.539,53.7449791423583,87.2167107972537,10.304,100.0,351.59,78218479.0,4.494973623815927,6,True
TUR,2016,Turkiye,Europe & Central Asia,Upper middle income,Ankara,39.7153,32.3606,10984.3643169061,76.595,58.3477340145685,88.1020958581776,10.899,100.0,374.59,79277962.0,4.72502055489267,6,True
TUR,2017,Turkiye,Europe & Central Asia,Upper middle income,Ankara,39.7153,32.3606,10756.3877677883,77.037,64.6846176835371,88.0320472717286,10.919,100.0,415.9,80312698.0,5.178508633840193,6,True
TUR,2018,Turkiye,Europe & Central Asia,Upper middle income,Ankara,39.7153,32.3606,9684.11819884721,77.454,71.0427608433809,88.1655749576173,10.956,100.0,412.97,81407204.0,5.072892566117368,6,True
TUR,2019,Turkiye,Europe & Central Asia,Upper middle income,Ankara,39.7153,32.3606,9395.23378001368,77.737,73.9767022871511,88.6618152857124,13.73,100.0,,82579440.0,,6,True
TUR,2020,Turkiye,Europe & Central Asia,Upper middle income,Ankara,39.7153,32.3606,8798.11791709313,76.525,77.6695605,88.9303114965222,13.148,100.0,,83384680.0,,6,True
TUR,2021,Turkiye,Europe & Central Asia,Upper middle income,Ankara,39.7153,32.3606,9981.76398411336,75.722,81.40843745,89.1762048153239,11.969,100.0,,84147318.0,,6,True
TUR,2022,Turkiye,Europe & Central Asia,Upper middle income,Ankara,39.7153,32.3606,10897.8397861365,77.591,83.43716576,89.0381164550781,10.465,100.0,,84979913.0,,6,True
TUR,2023,Turkiye,Europe & Central Asia,Upper middle income,Ankara,39.7153,32.3606,13375.0947282864,77.156,85.96074155,89.0218446796121,9.388,100.0,,85325965.0,,6,True
TUV,2014,Tuvalu,East Asia & Pacific,Upper middle income,Funafuti,-8.6314877,179.089567,3528.85858102782,65.278,24.10000038,58.2999596618832,,97.9,0.01,10984.0,0.9104151493080845,5,False
TUV,2015,Tuvalu,East Asia & Pacific,Upper middle income,Funafuti,-8.6314877,179.089567,3357.83417700071,65.365,27.29999924,58.9148502652344,,98.1,0.01,10963.0,0.9121590805436468,5,False
TUV,2016,Tuvalu,East Asia & Pacific,Upper middle income,Funafuti,-8.6314877,179.089567,3808.69755015909,65.51,31.0,59.4744768348285,,97.3,0.01,10930.0,0.9149130832570905,5,False
TUV,2017,Tuvalu,East Asia & Pacific,Upper middle income,Funafuti,-8.6314877,179.089567,4165.66338700106,65.683,35.20000076,59.9531274910912,,98.7,0.01,10869.0,0.9200478424878094,5,False
TUV,2018,Tuvalu,East Asia & Pacific,Upper middle income,Funafuti,-8.6314877,179.089567,4466.12034928245,65.871,,60.5596409590777,,99.0,0.01,10751.0,0.9301460329271696,4,False
TUV,2019,Tuvalu,East Asia & Pacific,Upper middle income,Funafuti,-8.6314877,179.089567,5115.13075950206,66.109,,61.2406529218636,,99.7,,10581.0,,4,False
TUV,2020,Tuvalu,East Asia & Pacific,Upper middle income,Funafuti,-8.6314877,179.089567,4976.11254109571,66.357,,61.9212610534937,,99.4,,10399.0,,4,False
TUV,2021,Tuvalu,East Asia & Pacific,Upper middle income,Funafuti,-8.6314877,179.089567,5905.08198095343,65.824,,62.6098296425994,,99.7,,10194.0,,4,False
TUV,2022,Tuvalu,East Asia & Pacific,Upper middle income,Funafuti,-8.6314877,179.089567,5911.32727055301,66.852,,63.3065768081154,,100.0,,9992.0,,4,False
TUV,2023,Tuvalu,East Asia & Pacific,Upper middle income,Funafuti,-8.6314877,179.089567,6344.7750188689,67.105,,64.0117206689787,,100.0,,9816.0,,4,False
TZA,2014,Tanzania,Sub-Saharan Africa,Lower middle income,Dodoma,-6.17486,35.7382,1022.74841308594,63.364,7.0,30.6443077170742,2.125,23.5,10.72,50351512.0,0.21290323913212378,6,True
TZA,2015,Tanzania,Sub-Saharan Africa,Lower middle income,Dodoma,-6.17486,35.7382,939.127319335938,63.928,10.0,31.2061566592472,2.009,26.2,11.69,52020962.0,0.22471710538532524,6,True
TZA,2016,Tanzania,Sub-Saharan Africa,Lower middle income,Dodoma,-6.17486,35.7382,953.0107421875,64.404,13.5042328468919,31.7577303242916,1.931,32.8,10.92,53824013.0,0.20288342305505908,6,True
TZA,2017,Tanzania,Sub-Saharan Africa,Lower middle income,Dodoma,-6.17486,35.7382,986.674011230469,64.963,14.46339989,32.2987013317296,1.854,32.1,11.36,55652890.0,0.20412237351914697,6,True
TZA,2018,Tanzania,Sub-Saharan Africa,Lower middle income,Dodoma,-6.17486,35.7382,1023.10626220703,65.488,15.49069977,32.8287423010834,1.792,34.9,11.58,57437145.0,0.20161169222460482,6,True
TZA,2019,Tanzania,Sub-Saharan Africa,Lower middle income,Dodoma,-6.17486,35.7382,1063.32250976563,66.007,16.59090042,33.3475258518752,1.735,37.7,,59174891.0,,6,True
TZA,2020,Tanzania,Sub-Saharan Africa,Lower middle income,Dodoma,-6.17486,35.7382,1117.41528320313,66.771,19.48139954,33.8547246036273,1.792,39.9,,60972798.0,,6,True
TZA,2021,Tanzania,Sub-Saharan Africa,Lower middle income,Dodoma,-6.17486,35.7382,1159.85656738281,66.131,22.87540054,34.3500111758619,1.876,42.7,,62830412.0,,6,True
TZA,2022,Tanzania,Sub-Saharan Africa,Lower middle income,Dodoma,-6.17486,35.7382,1207.52062988281,66.879,26.86059952,34.8234736377147,1.573,45.8,,64711821.0,,6,True
TZA,2023,Tanzania,Sub-Saharan Africa,Lower middle income,Dodoma,-6.17486,35.7382,1224.00219726563,66.995,28.43190002,35.4748019434954,1.565,48.3,,66617606.0,,6,True
UGA,2014,Uganda,Sub-Saharan Africa,Low income,Kampala,0.314269,32.5729,896.054795546394,63.057,5.400000095,24.1938503391826,2.357,20.4,4.74,36395539.0,0.13023574125389378,6,True
UGA,2015,Uganda,Sub-Saharan Africa,Low income,Kampala,0.314269,32.5729,862.934610355811,63.831,5.699999809,24.9777856560427,2.681,18.5,4.86,37531446.0,0.12949141368014438,6,True
UGA,2016,Uganda,Sub-Saharan Africa,Low income,Kampala,0.314269,32.5729,752.696571725656,64.494,5.9,25.6953567134098,3.002,26.7,5.67,38799152.0,0.1461372145453076,6,True
UGA,2017,Uganda,Sub-Saharan Africa,Low income,Kampala,0.314269,32.5729,765.218332297361,65.174,7.417900085,26.4139260579546,3.428,32.4,5.84,40177388.0,0.14535539244114126,6,True
UGA,2018,Uganda,Sub-Saharan Africa,Low income,Kampala,0.314269,32.5729,792.16570022814,65.775,9.326299667,27.1280475018884,3.249,41.9,6.13,41565831.0,0.14747690236242358,6,True
UGA,2019,Uganda,Sub-Saharan Africa,Low income,Kampala,0.314269,32.5729,822.171150036357,66.354,11.72579956,27.8369781799403,3.057,41.3,,42999637.0,,6,True
UGA,2020,Uganda,Sub-Saharan Africa,Low income,Kampala,0.314269,32.5729,845.766463890124,66.41,7.4,28.5399752271502,3.819,42.1,,44457152.0,,6,True
UGA,2021,Uganda,Sub-Saharan Africa,Low income,Kampala,0.314269,32.5729,882.791717542504,66.45,10.0,29.2362957789022,3.416,45.2,,45910930.0,,6,True
UGA,2022,Uganda,Sub-Saharan Africa,Low income,Kampala,0.314269,32.5729,963.067314117178,67.675,9.636899948,29.9251969709665,2.885,47.1,,47312719.0,,6,True
UGA,2023,Uganda,Sub-Saharan Africa,Low income,Kampala,0.314269,32.5729,1002.30913917142,68.252,9.286999702,30.6059359395495,2.754,51.5,,48656601.0,,6,True
UKR,2014,Ukraine,Europe & Central Asia,Upper middle income,Kiev,50.4536,30.5038,3054.908203125,71.803,46.2359754571651,69.0554339301313,9.27,100.0,237.61,45972380.0,5.168538152690811,6,True
UKR,2015,Ukraine,Europe & Central Asia,Upper middle income,Kiev,50.4536,30.5038,2094.47387695313,72.686,48.8846436813218,69.1587317201337,9.14,100.0,190.87,45784896.0,4.168842056559439,6,True
UKR,2016,Ukraine,Europe & Central Asia,Upper middle income,Kiev,50.4536,30.5038,2158.46118164063,73.389,53.0009695981884,69.2102241609089,9.35,100.0,201.25,45616832.0,4.411748715912583,6,True
UKR,2017,Ukraine,Europe & Central Asia,Upper middle income,Kiev,50.4536,30.5038,2604.28759765625,73.993,58.8894794459775,69.2633108489282,9.5,100.0,174.84,45436041.0,3.8480465320471033,6,True
UKR,2018,Ukraine,Europe & Central Asia,Upper middle income,Kiev,50.4536,30.5038,3059.0517578125,73.569,62.5531553933869,69.3157992777909,8.799,100.0,185.37,45208907.0,4.100298200086987,6,True
UKR,2019,Ukraine,Europe & Central Asia,Upper middle income,Kiev,50.4536,30.5038,3619.86157226563,73.92,70.1248442995263,69.3527648708735,8.194,100.0,,44957458.0,,6,True
UKR,2020,Ukraine,Europe & Central Asia,Upper middle income,Kiev,50.4536,30.5038,3709.76928710938,73.283,75.03790912,69.3839100516745,9.475,100.0,,44680014.0,,6,True
UKR,2021,Ukraine,Europe & Central Asia,Upper middle income,Kiev,50.4536,30.5038,4775.94580078125,71.631,79.21829353,69.4027032653896,9.834,100.0,,44298640.0,,6,True
UKR,2022,Ukraine,Europe & Central Asia,Upper middle income,Kiev,50.4536,30.5038,4199.6708984375,72.658,80.47429657,69.42345912103,,100.0,,41048766.0,,5,False
UKR,2023,Ukraine,Europe & Central Asia,Upper middle income,Kiev,50.4536,30.5038,5139.59814453125,73.422,81.58059692,69.4754455027606,,100.0,,37732836.0,,5,False
URY,2014,Uruguay,Latin America & Caribbean,High income,Montevideo,-34.8941,-56.0675,18322.4276767157,77.194,61.4624951684405,94.9897821210514,6.547,99.7,6.5,3356334.0,1.9366368186241298,6,True
URY,2015,Uruguay,Latin America & Caribbean,High income,Montevideo,-34.8941,-56.0675,17125.9016800298,77.285,64.5707870971624,95.0800002298303,7.488,99.7,6.59,3368017.0,1.956640955197079,6,True
URY,2016,Uruguay,Latin America & Caribbean,High income,Montevideo,-34.8941,-56.0675,17009.7584207276,77.351,66.40000153,95.1585424955685,7.841,99.7,6.53,3379283.0,1.9323625751379805,6,True
URY,2017,Uruguay,Latin America & Caribbean,High income,Montevideo,-34.8941,-56.0675,19184.6502617082,77.618,70.3223543994698,95.2288235732042,7.89,99.8,6.08,3388438.0,1.794337095735557,6,True
URY,2018,Uruguay,Latin America & Caribbean,High income,Montevideo,-34.8941,-56.0675,19249.9404677501,77.527,80.7268428795854,95.2942581176758,8.336,99.8,6.52,3394534.0,1.920734922672744,6,True
URY,2019,Uruguay,Latin America & Caribbean,High income,Montevideo,-34.8941,-56.0675,18315.7316980028,77.503,83.3515337667548,95.3479309082031,8.836,99.9,,3397206.0,,6,True
URY,2020,Uruguay,Latin America & Caribbean,High income,Montevideo,-34.8941,-56.0675,15757.5355995779,78.381,85.47100067,95.3997650146484,10.413,100.0,,3398968.0,,6,True
URY,2021,Uruguay,Latin America & Caribbean,High income,Montevideo,-34.8941,-56.0675,17881.818721099,75.434,87.64440155,95.4497146606445,9.328,100.0,,3396695.0,,6,True
URY,2022,Uruguay,Latin America & Caribbean,High income,Montevideo,-34.8941,-56.0675,20818.6146091144,76.468,89.87304314,95.4977416992188,7.877,100.0,,3390913.0,,6,True
URY,2023,Uruguay,Latin America & Caribbean,High income,Montevideo,-34.8941,-56.0675,23019.4221560046,78.138,90.92590332,95.5439605712891,8.355,100.0,,3388081.0,,6,True
USA,2014,United States,North America,High income,Washington D.C.,38.8895,-77.032,54973.4207515712,78.8414634146341,73.0,80.6242231779766,6.168,100.0,5102.58,319257560.0,15.982644232449813,6,True
USA,2015,United States,North America,High income,Washington D.C.,38.8895,-77.032,56572.9188996063,78.690243902439,74.5542024462761,80.5707989535091,5.28,100.0,4982.79,321815121.0,15.483393025525361,6,True
USA,2016,United States,North America,High income,Washington D.C.,38.8895,-77.032,57638.1018367192,78.5390243902439,85.5444212887222,80.4976645324131,4.869,100.0,4888.64,324353340.0,15.07195825392148,6,True
USA,2017,United States,North America,High income,Washington D.C.,38.8895,-77.032,59635.0984397965,78.5390243902439,87.2748891687657,80.4018678392891,4.355,100.0,4813.72,326608609.0,14.738496987995806,6,True
USA,2018,United States,North America,High income,Washington D.C.,38.8895,-77.032,62499.8744390068,78.6390243902439,88.498903165152,80.2804567987377,3.896,100.0,4981.3,328529577.0,15.16240956289911,6,True
USA,2019,United States,North America,High income,Washington D.C.,38.8895,-77.032,64746.4506778863,78.7878048780488,89.4302848575712,80.1304793353594,3.669,100.0,,330226227.0,,6,True
USA,2020,United States,North America,High income,Washington D.C.,38.8895,-77.032,63515.9491807833,76.9804878048781,90.34470367,79.997451762548,8.055,100.0,,331577720.0,,6,True
USA,2021,United States,North America,High income,Washington D.C.,38.8895,-77.032,70205.050916026,76.3292682926829,91.2684021,80.0074765140272,5.349,100.0,,332099760.0,,6,True
USA,2022,United States,North America,High income,Washington D.C.,38.8895,-77.032,76657.2488844403,77.4341463414634,92.72850037,80.0324978239707,3.65,100.0,,334017321.0,,6,True
USA,2023,United States,North America,High income,Washington D.C.,38.8895,-77.032,81032.262117545,78.3853658536585,93.52559662,80.071561119178,3.638,100.0,,336806231.0,,6,True
UZB,2014,Uzbekistan,Europe & Central Asia,Lower middle income,Tashkent,41.3052,69.269,2674.9628382103,70.973,35.5,50.8868713378906,5.09,99.8,105.41,30222994.0,3.487741816710813,6,True
UZB,2015,Uzbekistan,Europe & Central Asia,Lower middle income,Tashkent,41.3052,69.269,2803.19018021751,71.33,42.79999924,50.6597328186035,5.15,99.9,101.53,30749346.0,3.301858842786445,6,True
UZB,2016,Uzbekistan,Europe & Central Asia,Lower middle income,Tashkent,41.3052,69.269,2753.37951427589,71.58,46.79130173,50.6572189331055,5.16,99.9,107.35,31284568.0,3.431404262958018,6,True
UZB,2017,Uzbekistan,Europe & Central Asia,Lower middle income,Tashkent,41.3052,69.269,2190.60411562888,71.737,48.6999988524556,50.6787376403809,5.83,100.0,111.38,31819178.0,3.5004046930439245,6,True
UZB,2018,Uzbekistan,Europe & Central Asia,Lower middle income,Tashkent,41.3052,69.269,1813.08530813664,71.999,55.2000006732722,50.5814971923828,5.392,100.0,112.09,32373490.0,3.4624008718244466,6,True
UZB,2019,Uzbekistan,Europe & Central Asia,Lower middle income,Tashkent,41.3052,69.269,2041.38480729431,72.093,70.3999986481458,50.5920104980469,4.936,100.0,,32964701.0,,6,True
UZB,2020,Uzbekistan,Europe & Central Asia,Lower middle income,Tashkent,41.3052,69.269,1978.28051860763,71.461,71.09999824,50.7670402526855,5.293,100.0,,33586372.0,,6,True
UZB,2021,Uzbekistan,Europe & Central Asia,Lower middle income,Tashkent,41.3052,69.269,2258.51964119278,71.681,76.59043014,50.9269905090332,5.364,99.9,,34243696.0,,6,True
UZB,2022,Uzbekistan,Europe & Central Asia,Lower middle income,Tashkent,41.3052,69.269,2578.66689394219,72.147,83.90000012,50.9847412109375,4.456,100.0,,34938955.0,,6,True
UZB,2023,Uzbekistan,Europe & Central Asia,Lower middle income,Tashkent,41.3052,69.269,2878.96879292451,72.388,89.01361047,50.9964841114568,4.434,100.0,,35652307.0,,6,True
VCT,2014,St. Vincent and the Grenadines,Latin America & Caribbean,Upper middle income,Kingstown,13.2035,-61.2653,7168.82875342911,70.355,47.4,46.5579930468544,19.237,98.1,0.29,107535.0,2.6967963918724136,6,True
VCT,2015,St. Vincent and the Grenadines,Latin America & Caribbean,Upper middle income,Kingstown,13.2035,-61.2653,7353.73556054184,70.463,49.40000153,46.6845638727475,19.135,99.4,0.22,106960.0,2.056843679880329,6,True
VCT,2016,St. Vincent and the Grenadines,Latin America & Caribbean,Upper middle income,Kingstown,13.2035,-61.2653,7656.90042881178,70.7,51.5,46.8116589511271,19.029,99.7,0.27,106349.0,2.5388108962002462,6,True
VCT,2017,St. Vincent and the Grenadines,Latin America & Caribbean,Upper middle income,Kingstown,13.2035,-61.2653,7988.04445019298,71.013,53.70000076,46.9392900518098,19.024,100.0,0.27,105663.0,2.555293716816672,6,True
VCT,2018,St. Vincent and the Grenadines,Latin America & Caribbean,Upper middle income,Kingstown,13.2035,-61.2653,8428.12677153069,71.017,56.0,47.0674689446123,19.005,100.0,0.28,104926.0,2.668547357185064,6,True
VCT,2019,St. Vincent and the Grenadines,Latin America & Caribbean,Upper middle income,Kingstown,13.2035,-61.2653,8740.59425232061,70.994,59.57630157,47.1962073993512,19.248,100.0,,104167.0,,6,True
VCT,2020,St. Vincent and the Grenadines,Latin America & Caribbean,Upper middle income,Kingstown,13.2035,-61.2653,8351.20324040982,69.605,63.38100052,47.3255171858432,20.635,100.0,,103526.0,,6,True
VCT,2021,St. Vincent and the Grenadines,Latin America & Caribbean,Upper middle income,Kingstown,13.2035,-61.2653,8641.27904024443,69.132,68.83339691,47.4554100739049,20.356,100.0,,102841.0,,6,True
VCT,2022,St. Vincent and the Grenadines,Latin America & Caribbean,Upper middle income,Kingstown,13.2035,-61.2653,9693.55867833025,71.191,74.75479889,47.585897833353,19.277,100.0,,102046.0,,6,True
VCT,2023,St. Vincent and the Grenadines,Latin America & Caribbean,Upper middle income,Kingstown,13.2035,-61.2653,10582.3656725229,71.23,75.53679657,47.7169922340041,18.348,100.0,,101323.0,,6,True
VEN,2014,"Venezuela, RB",Latin America & Caribbean,Not classified,Caracas,9.08165,-69.8371,7096.22047105512,72.837,57.0,88.9163913525251,6.821,100.0,188.35,30254079.0,6.2256068016481345,6,True
VEN,2015,"Venezuela, RB",Latin America & Caribbean,Not classified,Caracas,9.08165,-69.8371,4103.1384987005,73.004,58.0,88.9539804079292,6.139,100.0,173.88,30573972.0,5.6871903984212455,6,True
VEN,2016,"Venezuela, RB",Latin America & Caribbean,Not classified,Caracas,9.08165,-69.8371,3670.15737848208,72.002,60.0,88.9914428378712,5.319,99.4,162.06,30765720.0,5.267551027572246,6,True
VEN,2017,"Venezuela, RB",Latin America & Caribbean,Not classified,Caracas,9.08165,-69.8371,3791.33160682077,71.903,,89.0287726100378,5.045,99.2,148.74,30565323.0,4.866298975476228,5,False
VEN,2018,"Venezuela, RB",Latin America & Caribbean,Not classified,Caracas,9.08165,-69.8371,3422.65467014854,72.641,,89.0659636921159,5.468,99.9,138.16,29807592.0,4.635060759017367,5,False
VEN,2019,"Venezuela, RB",Latin America & Caribbean,Not classified,Caracas,9.08165,-69.8371,2523.11275230667,72.766,49.05009842,89.1030100517924,5.89,99.8,,28938098.0,,6,True
VEN,2020,"Venezuela, RB",Latin America & Caribbean,Not classified,Caracas,9.08165,-69.8371,1506.0436210041,72.369,72.44110107,89.1399056567545,7.53,99.9,,28444077.0,,6,True
VEN,2021,"Venezuela, RB",Latin America & Caribbean,Not classified,Caracas,9.08165,-69.8371,2004.93397949792,71.536,74.11219788,89.1766444746891,7.027,100.0,,28237826.0,,6,True
VEN,2022,"Venezuela, RB",Latin America & Caribbean,Not classified,Caracas,9.08165,-69.8371,3155.04207099687,72.566,75.82180023,89.2132204732836,5.646,100.0,,28213017.0,,6,True
VEN,2023,"Venezuela, RB",Latin America & Caribbean,Not classified,Caracas,9.08165,-69.8371,3617.43594578269,72.514,76.33190155,89.249627620225,5.407,100.0,,28300854.0,,6,True
VGB,2014,British Virgin Islands,Latin America & Caribbean,High income,Road Town,18.431389,-64.623056,,76.527,,48.8143653574427,,99.2,,32962.0,,3,False
VGB,2015,British Virgin Islands,Latin America & Caribbean,High income,Road Town,18.431389,-64.623056,,76.558,,49.4863955390847,,100.0,,34498.0,,3,False
VGB,2016,British Virgin Islands,Latin America & Caribbean,High income,Road Town,18.431389,-64.623056,,76.624,77.7014296797074,50.1800618642422,,100.0,,33878.0,,4,False
VGB,2017,British Virgin Islands,Latin America & Caribbean,High income,Road Town,18.431389,-64.623056,,75.67,77.7042682926829,50.8953552772346,,100.0,,32699.0,,4,False
VGB,2018,British Virgin Islands,Latin America & Caribbean,High income,Road Town,18.431389,-64.623056,,76.728,,51.6322667220883,,100.0,,34657.0,,3,False
VGB,2019,British Virgin Islands,Latin America & Caribbean,High income,Road Town,18.431389,-64.623056,,76.845,,52.3907871425786,,100.0,,36395.0,,3,False
VGB,2020,British Virgin Islands,Latin America & Caribbean,High income,Road Town,18.431389,-64.623056,,76.894,,53.1709074822645,,100.0,,37135.0,,3,False
VGB,2021,British Virgin Islands,Latin America & Caribbean,High income,Road Town,18.431389,-64.623056,,75.297,,53.972618684518,,100.0,,37809.0,,3,False
VGB,2022,British Virgin Islands,Latin America & Caribbean,High income,Road Town,18.431389,-64.623056,,77.177,,54.795911692548,,100.0,,38319.0,,3,False
VGB,2023,British Virgin Islands,Latin America & Caribbean,High income,Road Town,18.431389,-64.623056,,77.276,,55.6407774494219,,100.0,,38985.0,,3,False
VIR,2014,Virgin Islands (U.S.),Latin America & Caribbean,High income,Charlotte Amalie,18.3358,-64.8963,33045.3643795999,78.8682926829268,50.07,94.8797070702488,11.871,100.0,,107882.0,,6,True
VIR,2015,Virgin Islands (U.S.),Latin America & Caribbean,High income,Charlotte Amalie,18.3358,-64.8963,34007.3529411765,79.0170731707317,54.839137296,94.9413319098685,11.649,100.0,,107712.0,,6,True
VIR,2016,Virgin Islands (U.S.),Latin America & Caribbean,High income,Charlotte Amalie,18.3358,-64.8963,35324.9748874586,79.1682926829268,59.60831579895,94.9941093874829,11.734,100.0,,107516.0,,6,True
VIR,2017,Virgin Islands (U.S.),Latin America & Caribbean,High income,Charlotte Amalie,18.3358,-64.8963,35365.0693039774,79.3682926829268,64.3774942980087,95.0366785523929,11.445,100.0,,107281.0,,6,True
VIR,2018,Virgin Islands (U.S.),Latin America & Caribbean,High income,Charlotte Amalie,18.3358,-64.8963,36663.2087550584,79.5195121951219,,95.0676784538999,11.703,100.0,,107001.0,,5,False
VIR,2019,Virgin Islands (U.S.),Latin America & Caribbean,High income,Charlotte Amalie,18.3358,-64.8963,38633.5298915336,79.6682926829268,,95.0857481413049,11.774,100.0,,106669.0,,5,False
VIR,2020,Virgin Islands (U.S.),Latin America & Caribbean,High income,Charlotte Amalie,18.3358,-64.8963,39787.3741650202,79.819512195122,,95.0974024521293,14.366,100.0,,106290.0,,5,False
VIR,2021,Virgin Islands (U.S.),Latin America & Caribbean,High income,Charlotte Amalie,18.3358,-64.8963,42571.0777368471,80.0682926829268,,95.1604310610968,13.508,100.0,,105870.0,,5,False
VIR,2022,Virgin Islands (U.S.),Latin America & Caribbean,High income,Charlotte Amalie,18.3358,-64.8963,44320.909185774,80.319512195122,,95.2171514724412,12.092,100.0,,105413.0,,5,False
VIR,2023,Virgin Islands (U.S.),Latin America & Caribbean,High income,Charlotte Amalie,18.3358,-64.8963,,80.519512195122,,95.2740790945924,11.358,100.0,,104917.0,,4,False
VNM,2014,Viet Nam,East Asia & Pacific,Lower middle income,Hanoi,21.0069,105.825,2546.38464459903,73.886,41.0,31.9480269945454,1.256,99.2,168.56,91679578.0,1.8385773983383737,6,True
VNM,2015,Viet Nam,East Asia & Pacific,Lower middle income,Hanoi,21.0069,105.825,2577.56885340113,73.955,45.0,32.3810945365679,1.848,99.3,209.2,92823254.0,2.2537455969815494,6,True
VNM,2016,Viet Nam,East Asia & Pacific,Lower middle income,Hanoi,21.0069,105.825,2735.0604380416,73.984,53.0,32.8476189285136,1.848,99.2,223.87,94000117.0,2.381592780357922,6,True
VNM,2017,Viet Nam,East Asia & Pacific,Lower middle income,Hanoi,21.0069,105.825,2956.10992127753,74.026,58.1400000036297,33.3625963003742,1.874,100.0,222.13,95176977.0,2.3338627365733626,6,True
VNM,2018,Viet Nam,East Asia & Pacific,Lower middle income,Hanoi,21.0069,105.825,3222.31003125366,74.1,69.8479286837965,33.9410227821412,1.161,100.0,257.86,96237319.0,2.679417950119745,6,True
VNM,2019,Viet Nam,East Asia & Pacific,Lower middle income,Hanoi,21.0069,105.825,3440.90025375434,74.211,68.6615802057338,34.6239134999511,1.681,99.4,,97173776.0,,6,True
VNM,2020,Viet Nam,East Asia & Pacific,Lower middle income,Hanoi,21.0069,105.825,3534.03953482647,75.383,70.30000012,35.5706676299742,2.103,99.8,,98079191.0,,6,True
VNM,2021,Viet Nam,East Asia & Pacific,Lower middle income,Hanoi,21.0069,105.825,3704.1935590038,74.145,74.20999985,36.6540656426603,2.383,100.0,,98935098.0,,6,True
VNM,2022,Viet Nam,East Asia & Pacific,Lower middle income,Hanoi,21.0069,105.825,4147.69777213621,74.502,78.58999918,37.5478515625,1.57,100.0,,99680655.0,,6,True
VNM,2023,Viet Nam,East Asia & Pacific,Lower middle income,Hanoi,21.0069,105.825,4323.35031982451,74.588,78.08,38.1298904418945,1.645,99.8,,100352192.0,,6,True
VUT,2014,Vanuatu,East Asia & Pacific,Lower middle income,Port-Vila,-17.7404,168.321,2973.09026493408,70.043,18.79999924,24.8549637694775,5.137,49.1,0.16,260240.0,0.6148170919151552,6,True
VUT,2015,Vanuatu,East Asia & Pacific,Lower middle income,Port-Vila,-17.7404,168.321,2854.89412272653,70.163,22.35140038,24.8626945764242,5.168,52.3,0.14,266101.0,0.5261160236150935,6,True
VUT,2016,Vanuatu,East Asia & Pacific,Lower middle income,Port-Vila,-17.7404,168.321,2956.12644801489,70.397,,24.8654875642873,5.197,57.8,0.18,272087.0,0.6615531061755983,5,False
VUT,2017,Vanuatu,East Asia & Pacific,Lower middle income,Port-Vila,-17.7404,168.321,3159.86055790126,70.5,,24.7644441456437,5.247,62.8,0.17,278507.0,0.6103975842617959,5,False
VUT,2018,Vanuatu,East Asia & Pacific,Lower middle income,Port-Vila,-17.7404,168.321,3206.65748718811,70.626,,24.2729727045038,5.353,61.6,0.18,285259.0,0.631005507275844,5,False
VUT,2019,Vanuatu,East Asia & Pacific,Lower middle income,Port-Vila,-17.7404,168.321,3207.44650452083,70.783,,23.5024668917075,5.444,64.5,,291985.0,,5,False
VUT,2020,Vanuatu,East Asia & Pacific,Lower middle income,Port-Vila,-17.7404,168.321,3042.98711598286,70.385,,22.4186852094794,4.046,67.3,,298858.0,,5,False
VUT,2021,Vanuatu,East Asia & Pacific,Lower middle income,Port-Vila,-17.7404,168.321,3107.20312858002,69.952,,22.2501822422475,4.776,70.0,,305868.0,,5,False
VUT,2022,Vanuatu,East Asia & Pacific,Lower middle income,Port-Vila,-17.7404,168.321,3370.21191956953,71.302,,22.2541249733107,5.077,71.6,,313046.0,,5,False
VUT,2023,Vanuatu,East Asia & Pacific,Lower middle income,Port-Vila,-17.7404,168.321,3482.61458237637,71.477,,22.2651966823901,5.011,61.6,,320409.0,,5,False
WSM,2014,Samoa,East Asia & Pacific,Upper middle income,Apia,-13.8314,-171.752,3982.68080202084,71.142,21.20000076,19.3126679480432,8.72,97.9,0.21,200037.0,1.049805785929603,6,True
WSM,2015,Samoa,East Asia & Pacific,Upper middle income,Apia,-13.8314,-171.752,4084.36083819933,71.06,,19.2340105383551,8.901,98.2,0.24,201782.0,1.1894024243986083,5,False
WSM,2016,Samoa,East Asia & Pacific,Upper middle income,Apia,-13.8314,-171.752,4147.07097674888,71.003,,19.126462366749,9.063,98.9,0.3,203499.0,1.474208718470361,5,False
WSM,2017,Samoa,East Asia & Pacific,Upper middle income,Apia,-13.8314,-171.752,4307.59381964907,70.991,,18.9657191879831,9.4,96.8,0.3,205415.0,1.4604580970230996,5,False
WSM,2018,Samoa,East Asia & Pacific,Upper middle income,Apia,-13.8314,-171.752,4231.81409469194,71.052,,18.7241267935467,8.649,99.8,0.32,207582.0,1.5415594801090653,5,False
WSM,2019,Samoa,East Asia & Pacific,Upper middle income,Apia,-13.8314,-171.752,4351.94234943706,70.269,,18.4147344481283,7.858,99.2,,209780.0,,5,False
WSM,2020,Samoa,East Asia & Pacific,Upper middle income,Apia,-13.8314,-171.752,4099.59660548583,70.727,,18.0516608994722,7.467,100.0,,211944.0,,5,False
WSM,2021,Samoa,East Asia & Pacific,Upper middle income,Apia,-13.8314,-171.752,4021.55934894283,71.096,,17.5672426452007,6.664,98.3,,213779.0,,5,False
WSM,2022,Samoa,East Asia & Pacific,Upper middle income,Apia,-13.8314,-171.752,4132.44717734444,71.55,,17.5007949951039,5.048,98.3,,215261.0,,5,False
WSM,2023,Samoa,East Asia & Pacific,Upper middle income,Apia,-13.8314,-171.752,4822.74084650019,71.698,,17.5012799804602,4.92,100.0,,216663.0,,5,False
XKX,2014,Kosovo,Europe & Central Asia,Upper middle income,Pristina,42.565,20.926,3902.49424360946,76.179,,39.1938922761744,,,,1812788.0,,3,False
XKX,2015,Kosovo,Europe & Central Asia,Upper middle income,Pristina,42.565,20.926,3520.62850699375,76.024,,39.917681154075,,,,1788274.0,,3,False
XKX,2016,Kosovo,Europe & Central Asia,Upper middle income,Pristina,42.565,20.926,3759.44959067104,76.748,,40.7783748317802,,,,1777568.0,,3,False
XKX,2017,Kosovo,Europe & Central Asia,Upper middle income,Pristina,42.565,20.926,4009.32022050863,77.105,83.8935968102791,41.7578065585746,,,,1791019.0,,4,False
XKX,2018,Kosovo,Europe & Central Asia,Upper middle income,Pristina,42.565,20.926,4384.18796444738,77.117,89.4430319734879,42.8378095837429,,,,1797086.0,,4,False
XKX,2019,Kosovo,Europe & Central Asia,Upper middle income,Pristina,42.565,20.926,4415.99923011071,77.249,,44.0002171565695,,,,1788891.0,,3,False
XKX,2020,Kosovo,Europe & Central Asia,Upper middle income,Pristina,42.565,20.926,4310.88963754863,74.212,,45.2268625263391,,,,1790151.0,,3,False
XKX,2021,Kosovo,Europe & Central Asia,Upper middle income,Pristina,42.565,20.926,5270.43236861018,74.981,,46.4995789423362,,,,1786079.0,,3,False
XKX,2022,Kosovo,Europe & Central Asia,Upper middle income,Pristina,42.565,20.926,5290.95006509706,77.623,,47.8001996538455,,,,1768096.0,,3,False
XKX,2023,Kosovo,Europe & Central Asia,Upper middle income,Pristina,42.565,20.926,6221.20618847799,78.033,,49.1105579101515,,,,1682668.0,,3,False
YEM,2014,"Yemen, Rep.","Middle East, North Africa, Afghanistan & Pakistan",Low income,Sana'a,15.352,44.2075,1430.16420964026,68.003,22.54999924,31.8626162180918,13.467,66.1,26.71,30226309.0,0.883667271448856,6,True
YEM,2015,"Yemen, Rep.","Middle East, North Africa, Afghanistan & Pakistan",Low income,Sana'a,15.352,44.2075,1362.1738120601,66.761,24.08539963,32.3883178702702,17.9,67.4,14.21,31159379.0,0.4560424647744103,6,True
YEM,2016,"Yemen, Rep.","Middle East, North Africa, Afghanistan & Pakistan",Low income,Sana'a,15.352,44.2075,975.359417003225,67.105,24.57920074,32.9512008005236,18.42,68.9,10.88,32109010.0,0.33884570094188515,6,True
YEM,2017,"Yemen, Rep.","Middle East, North Africa, Afghanistan & Pakistan",Low income,Sana'a,15.352,44.2075,811.165970405745,67.12,,33.5586912522175,18.611,79.2,10.06,33090921.0,0.3040108796004801,5,False
YEM,2018,"Yemen, Rep.","Middle East, North Africa, Afghanistan & Pakistan",Low income,Sana'a,15.352,44.2075,633.887202451545,65.915,,34.2106045810864,17.593,62.0,9.31,34085182.0,0.27313921926542745,5,False
YEM,2019,"Yemen, Rep.","Middle East, North Africa, Afghanistan & Pakistan",Low income,Sana'a,15.352,44.2075,,66.567,17.49099922,34.9067561732024,17.213,72.8,,35111408.0,,5,False
YEM,2020,"Yemen, Rep.","Middle East, North Africa, Afghanistan & Pakistan",Low income,Sana'a,15.352,44.2075,,66.435,,35.7025604580302,17.963,73.9,,36134863.0,,4,False
YEM,2021,"Yemen, Rep.","Middle East, North Africa, Afghanistan & Pakistan",Low income,Sana'a,15.352,44.2075,,66.019,,36.0704951256305,18.312,74.9,,37140230.0,,4,False
YEM,2022,"Yemen, Rep.","Middle East, North Africa, Afghanistan & Pakistan",Low income,Sana'a,15.352,44.2075,,67.952,,36.3226310308295,17.224,76.0,,38222876.0,,4,False
YEM,2023,"Yemen, Rep.","Middle East, North Africa, Afghanistan & Pakistan",Low income,Sana'a,15.352,44.2075,,69.295,,36.5707979836506,16.944,83.6,,39390799.0,,4,False
ZAF,2014,South Africa,Sub-Saharan Africa,Upper middle income,Pretoria,-25.746,28.1871,6856.73137092522,63.184,49.0,63.1352327065742,24.89,85.9,447.98,55594838.0,8.057942357885816,6,True
ZAF,2015,South Africa,Sub-Saharan Africa,Upper middle income,Pretoria,-25.746,28.1871,6112.27382485974,64.053,51.91910172,63.2096349937231,25.149,85.3,424.88,56723537.0,7.490365066621286,6,True
ZAF,2016,South Africa,Sub-Saharan Africa,Upper middle income,Pretoria,-25.746,28.1871,5651.20585165749,64.749,54.0,63.2750973439347,26.536,83.9,425.18,57259551.0,7.425486099253555,6,True
ZAF,2017,South Africa,Sub-Saharan Africa,Upper middle income,Pretoria,-25.746,28.1871,6618.33508255701,65.422,56.16740036,63.3311078299936,27.035,84.4,435.14,57635162.0,7.54990503887193,6,True
ZAF,2018,South Africa,Sub-Saharan Africa,Upper middle income,Pretoria,-25.746,28.1871,6914.1780318076,65.726,62.40000153,63.3771545246841,26.906,84.7,433.25,58613001.0,7.391704785769287,6,True
ZAF,2019,South Africa,Sub-Saharan Africa,Upper middle income,Pretoria,-25.746,28.1871,6533.71121032856,66.071,69.69689941,63.4127255007908,28.468,85.0,,59587885.0,,6,True
ZAF,2020,South Africa,Sub-Saharan Africa,Upper middle income,Pretoria,-25.746,28.1871,5580.60383075189,65.15,72.1128006,63.4373088310982,29.217,90.0,,60562381.0,,6,True
ZAF,2021,South Africa,Sub-Saharan Africa,Upper middle income,Pretoria,-25.746,28.1871,6828.75624590017,62.01,74.96859741,63.4503925883909,34.007,89.3,,61502603.0,,6,True
ZAF,2022,South Africa,Sub-Saharan Africa,Upper middle income,Pretoria,-25.746,28.1871,6534.24867783397,65.454,78.29319763,63.4766699210327,33.268,86.5,,62378410.0,,6,True
ZAF,2023,South Africa,Sub-Saharan Africa,Upper middle income,Pretoria,-25.746,28.1871,6034.27208964673,66.139,78.33670044,63.5823705163545,32.098,87.7,,63212384.0,,6,True
ZMB,2014,Zambia,Sub-Saharan Africa,Lower middle income,Lusaka,-15.3982,28.2937,1707.48573136694,60.109,6.5,41.5634741658525,6.576,27.9,4.8,15895315.0,0.30197577084820276,6,True
ZMB,2015,Zambia,Sub-Saharan Africa,Lower middle income,Lusaka,-15.3982,28.2937,1295.87788680068,60.728,8.8,41.9555104679652,5.951,31.1,5.07,16399089.0,0.30916351511965084,6,True
ZMB,2016,Zambia,Sub-Saharan Africa,Lower middle income,Lusaka,-15.3982,28.2937,1239.08527877713,61.129,10.30000019,42.3442476889162,5.244,35.4,5.59,16914423.0,0.33048718244778436,6,True
ZMB,2017,Zambia,Sub-Saharan Africa,Lower middle income,Lusaka,-15.3982,28.2937,1483.46577328065,61.564,12.19999981,42.7295979877011,4.529,40.3,6.99,17441320.0,0.4007724186013444,6,True
ZMB,2018,Zambia,Sub-Saharan Africa,Lower middle income,Lusaka,-15.3982,28.2937,1463.89997855593,62.138,14.2999970950012,43.1114735233156,5.032,40.2,7.74,17973569.0,0.43063233573699244,6,True
ZMB,2019,Zambia,Sub-Saharan Africa,Lower middle income,Lusaka,-15.3982,28.2937,1258.98619844462,62.914,14.47189999,43.4897864547552,5.538,43.0,,18513839.0,,6,True
ZMB,2020,Zambia,Sub-Saharan Africa,Lower middle income,Lusaka,-15.3982,28.2937,951.644316655957,63.361,14.64579964,43.8644489410157,6.032,44.6,,19059395.0,,6,True
ZMB,2021,Zambia,Sub-Saharan Africa,Lower middle income,Lusaka,-15.3982,28.2937,1127.16077872857,62.363,14.82190037,44.2353731410926,5.197,46.7,,19603607.0,,6,True
ZMB,2022,Zambia,Sub-Saharan Africa,Lower middle income,Lusaka,-15.3982,28.2937,1447.12310138035,65.279,15.0,44.5988511178469,5.993,47.8,,20152938.0,,6,True
ZMB,2023,Zambia,Sub-Saharan Africa,Lower middle income,Lusaka,-15.3982,28.2937,1330.72780576709,66.349,16.45070076,45.0285853521585,5.861,51.1,,20723965.0,,6,True
ZWE,2014,Zimbabwe,Sub-Saharan Africa,Lower middle income,Harare,-17.8312,31.0672,1372.91526173161,58.106,16.3647399572904,33.1628075970801,4.774,32.3,12.15,14207359.0,0.8551906093173264,6,True
ZWE,2015,Zimbabwe,Sub-Saharan Africa,Lower middle income,Harare,-17.8312,31.0672,1387.12632595026,58.989,22.74279976,33.5612641766874,5.399,33.7,12.4,14399013.0,0.8611701371475947,6,True
ZWE,2016,Zimbabwe,Sub-Saharan Africa,Lower middle income,Harare,-17.8312,31.0672,1408.13945253431,59.76,23.12000084,34.0799460726314,5.896,42.5,10.99,14600294.0,0.7527245684230742,6,True
ZWE,2017,Zimbabwe,Sub-Saharan Africa,Lower middle income,Harare,-17.8312,31.0672,3445.44941020134,60.263,24.39999962,34.7014953017273,6.35,44.0,10.23,14812482.0,0.690633750643545,6,True
ZWE,2018,Zimbabwe,Sub-Saharan Africa,Lower middle income,Harare,-17.8312,31.0672,2270.89531874302,60.906,25.0,35.4085538807905,6.788,45.4,12.27,15034452.0,0.8161255228990055,6,True
ZWE,2019,Zimbabwe,Sub-Saharan Africa,Lower middle income,Harare,-17.8312,31.0672,2184.32923855469,61.06,26.5883007,36.1837638266364,7.373,46.7,,15271368.0,,6,True
ZWE,2020,Zimbabwe,Sub-Saharan Africa,Lower middle income,Harare,-17.8312,31.0672,2059.67445384499,61.53,29.29856532,37.0097671560802,8.617,52.7,,15526888.0,,6,True
ZWE,2021,Zimbabwe,Sub-Saharan Africa,Lower middle income,Harare,-17.8312,31.0672,2613.60542083552,60.135,32.5923996,37.8692058859373,9.54,49.0,,15797210.0,,6,True
ZWE,2022,Zimbabwe,Sub-Saharan Africa,Lower middle income,Harare,-17.8312,31.0672,2536.40050223076,62.36,36.25650024,38.7055207169041,10.087,50.1,,16069056.0,,6,True
ZWE,2023,Zimbabwe,Sub-Saharan Africa,Lower middle income,Harare,-17.8312,31.0672,2195.22492079245,62.775,38.67480087,39.2919370795795,9.348,62.0,,16340822.0,,6,True
